Metadata Item,Description,Procedure-Level Tier,Analysis-Level Tier,Data Type,Example / Allowed Content,Comments,Last Update,Keyed By,Purpose,EDS Point Analysis,EDS Mapping,WDS Point Analysis,WDS Mapping,Literature Assessment,Ma+2015 | Caltech GPS | WDS Point Analysis (JEOL 8200),Hu+2020 | IGGCAS | WDS Point Analysis (JEOL JXA-8100),Liu+2016_UT | Cameca SX100 | WDS Mapping (U.Tennessee),Liu+2016_Cal | JEOL JXA-8200 | WDS Point Analysis (Caltech GPS),Ma+2017 | JEOL 8200 | WDS Point Analysis (Caltech GPS Analytical Facility),Frank+2023 | Cameca SX100 | WDS Point Analysis (ARES JSC),Broussard+2026 | JEOL JXA-8200 | WDS Mapping (WashU),Seifert+2026 | JEOL 8530 | WDS Point Analysis (ARES JSC),Pang+2016 | JEOL JXA-8100 | WDS Point Analysis (Nanjing U.),McCoy+2025_SI | JEOL 8530F+ | WDS Point Analysis (Smithsonian),McCoy+2025_UA | Cameca SX-100 | WDS Point Analysis (K-ALFAA U.Arizona),Zega+2025 | Cameca SX-100 Ultra | WDS Point Analysis (K-ALFAA U.Arizona),Barnes+2025 | JEOL JXA-8230 | WDS Point Analysis (CRPG Nancy),Barnes+2025 | Cameca SX100 | WDS Point Analysis (NHM London),
1. Procedure Identification,,,,,,,,,,N,N,N,N,N,N,N,N,N,N,N,N,N,N,N,N,N,N,N,
Procedure Name,"A short descriptive name for this analytical procedure, including a version number. Should identify the instrument, the technique, and the scope of what is measured — analyte, material, or feature.",Basic,Read-Only,Text (free),"e.g., 'EPMA-WDS Major Element Silicate Minerals' | 'EPMA-WDS+EDS Minor Element Phosphates'",Source: Core module,2026-07-24,(none),,Y,Y,Y,Y,,"EPMA-WDS Major Element Silicates/Oxides, Tissint Mars Meteorite (Caltech GPS, JEOL 8200)","EPMA-WDS Major Element Silicates/Oxides, NWA 8657 Shergottite (IGGCAS, JEOL JXA-8100)","EPMA Major Element Silicates/Oxides+Mapping, Tissint (U. Tennessee, Cameca SX100)","EPMA-WDS Major Element Silicates/Oxides, Tissint (Caltech GPS, JEOL JXA-8200)","EPMA-WDS Major Element Silicates/Glasses, Zagami (Caltech GPS Analytical Facility, JEOL 8200)","EPMA Major/Minor Element Silicates+Oxides+Sulfides, CI Chondrite (ARES JSC, Cameca SX100)","EPMA-WDS Quantitative Mapping+Analysis, CI Chondrite Minerals (WashU, JEOL JXA-8200)","EPMA Major Element Apatite incl. Halogens, Bennu (ARES JSC, JEOL 8530 EMPA)","EPMA-WDS Major Element Silicates/Oxides, NWA 8003 Eucrite (Nanjing U., JEOL JXA-8100)","EPMA-WDS Carbonate+Silicate/Oxide Composition, Bennu (Smithsonian, JEOL 8530 F+ Hyperprobe)","EPMA-WDS Phosphate+Carbonate Composition, Bennu (K-ALFAA U.Arizona, Cameca SX-100)","EPMA Major Element Silicates/Sulfides/Oxides/Phosphates/Carbonates, Bennu (K-ALFAA, Cameca SX-100 Ultra)","EPMA Major Element Silicates/Oxides/Carbonates, Bennu Anhydrous Minerals (CRPG Nancy, JEOL JXA-8230)","EPMA Major/Minor Element Anhydrous Silicates, Bennu (NHM London, Cameca SX100)",
Technique,Top-level analytical technique identifier.,Basic,Read-Only,Controlled list,EPMA-WDS | EPMA-EDS | EPMA-WDS+EDS | Other: specify | N/A | None,Source: Core module,2026-05-11,(none),,Y,Y,Y,Y,,EPMA-WDS,N,N,N,EPMA-WDS,N,EPMA-WDS,N,EPMA-WDS,N,EPMA-WDS,N,N,N,
Procedure Author,Person(s) or laboratory responsible for developing and registering this procedure. ORCID recommended for individuals.,Basic,Read-Only,Text (free),"e.g., 'Chi Ma, Caltech' | 'ARES Geochemistry Lab, NASA JSC'",Source: Core module,2026-07-24,(none),,Y,Y,Y,Y,,Chi Ma,Sen Hu,N,N,Chi Ma,N,N,Logan B. Seifert,N,T. J. McCoy,T. J. Zega,N,N,N,
Laboratory,Name of the laboratory or institution hosting the instrument.,Basic,Editable,Text (free),"e.g., 'Caltech GPS Division Analytical Facility' | 'ARES, NASA Johnson Space Center'",Source: Core module,2026-05-11,(none),,Y,Y,Y,Y,,Caltech GPS Division Analytical Facility,"Institute of Geology and Geophysics, Chinese Academy of Sciences (IGGCAS), Beijing","Department of Earth and Planetary Sciences, University of Tennessee, Knoxville","Division of Geological and Planetary Sciences, Caltech","Division of Geological and Planetary Sciences Analytical Facility, Caltech","ARES, NASA Johnson Space Center",Washington University in St. Louis,"ARES, NASA Johnson Space Center","State Key Laboratory for Mineral Deposits Research, Nanjing University","Smithsonian Institution, National Museum of Natural History","Kuiper-Arizona Laboratory for Astromaterials Analysis (K-ALFAA), University of Arizona","Kuiper-Arizona Laboratory for Astromaterials Analysis (K-ALFAA), University of Arizona","Centre de Recherches Pétrographiques et Géochimiques (CRPG), Nancy, France","Natural History Museum (NHM), London, UK",
Laboratory ID,"Persistent identifier for the laboratory (e.g., ROR ID).",Advanced,Editable,URI / DOI,"e.g., 'https://ror.org/05dxps055' (Caltech ROR)",Source: Core module,2026-05-11,(none),,Y,Y,Y,Y,,,,,,,,,,,,,,N,N,
Procedure Start Date,First date this procedure configuration was used in production.,Basic,Read-Only,Date,YYYY-MM-DD,Source: Core module,2026-07-24,(none),,Y,Y,Y,Y,,,,,,,,,,,,,,N,N,
Funding Source for Procedure Development,"Grants and other funding sources that supported instrument acquisition, major upgrades, procedure development, and associated personnel time. Include grant numbers and funding agencies where applicable.",Advanced,Read-Only,Text (free),"e.g., 'NSF EAR-1234567' | 'NASA 80NSSC20K0371' | 'None'",Source: Core module,2026-07-24,(none),,Y,Y,Y,Y,,,,,,,,,,,,,,N,N,
Procedure Reference(s),"DOI or URL for peer-reviewed publications or technical reports describing, validating, or benchmarking this procedure.",Advanced,Read-Only,URI / DOI,"e.g., 'https://doi.org/10.1234/example'",Source: Core module,2026-07-24,(none),,Y,Y,Y,Y,,"Ma et al. 2015, Earth Planet. Sci. Lett. 422:194-205; doi:10.1016/j.epsl.2015.03.057","Hu et al. 2020, Geochim. Cosmochim. Acta 278:185-198; doi:10.1016/j.gca.2019.06.012","Liu et al. 2016, Meteorit. Planet. Sci.; doi:10.1111/maps.12726","Liu et al. 2016, Meteorit. Planet. Sci.; doi:10.1111/maps.12726","Ma et al. 2018, Meteorit. Planet. Sci. 53:50-61; doi:10.1111/maps.13000 (file dated 2017)","Frank et al. 2023, Meteorit. Planet. Sci. 58:1495-1511; doi:10.1111/maps.14083","Broussard et al. 2026, Meteorit. Planet. Sci.; doi:10.1111/maps.70138","Seifert et al. 2026, Meteorit. Planet. Sci.; doi:10.1111/maps.70167","Pang et al. 2016, Sci. Rep. 6:26063; doi:10.1038/srep26063","McCoy et al. 2025, Nature 637:320-325; doi:10.1038/s41586-024-08495-6","McCoy et al. 2025, Nature 637:320-325; doi:10.1038/s41586-024-08495-6","Zega et al. 2025, Nat. Geosci.; doi:10.1038/s41561-025-01741-0","Barnes et al. 2025, Nat. Astron.; doi:10.1038/s41550-025-02631-6","Barnes et al. 2025, Nat. Astron.; doi:10.1038/s41550-025-02631-6",
Procedure DOI,"DOI or unique persistent identifier for the registered procedure used in this analysis, generated upon procedure submission to a data repository. This field is mandatory when submitting analytical data, to encourage formal procedure registration and ensure traceability. If a DOI has been applied for but not yet minted, enter ""pending"".",N/A,Basic,URI / DOI,"e.g., 'https://doi.org/10.xxxxx/procedure-id' | 'pending'",Source: Core module,2026-07-24,(none),,Y,Y,Y,Y,,,,,,,,,,,,,,N,N,
Session Identifier,"Identifier for the analytical session this record describes — the laboratory's own run, sequence or batch identifier as generated by the instrument or acquisition software. The analysis record corresponds to one session, which may cover several samples, and this is the link back to the raw instrument files. Distinct from any persistent identifier a repository mints on submission.",N/A,Basic,Text (free),,Source: Core module,2026-08-13,(none),,Y,Y,Y,Y,,,,,,,,,,,,,,,,
Analyst,Name(s) of the analyst(s) who performed the analysis session. ORCID is recommended for persistent identification.,N/A,Basic,Text (free),"e.g., 'Sen Hu'",Source: Core module,2026-05-11,(none),,Y,Y,Y,Y,,Chi Ma,Sen Hu,N,N,Chi Ma,David R. Frank,N,Logan B. Seifert,N,N,N,N,N,N,
Analysis Start Date,"Date on which the analytical session began. For sessions spanning multiple days, use the date of the first session. Format: YYYY-MM-DD.",N/A,Basic,Date,YYYY-MM-DD,Source: Core module,2026-05-11,(none),,Y,Y,Y,Y,,,,,,,,,,,,,,N,N,
Analysis End Date,Date on which the analytical session ended. May equal Analysis Start Date for single-day sessions. Format: YYYY-MM-DD.,N/A,Basic,Date,YYYY-MM-DD,Source: Core module,2026-05-11,(none),,Y,Y,Y,Y,,,,,,,,,,,,,,N,N,
Funding Source for Analysis,"Grants and other funding sources that supported the specific sample analyses and data collection reported here. Include grant numbers and funding agencies. Distinct from procedure development funding, which may have been awarded years earlier.",N/A,Basic,Text (free),"e.g., 'NSF EAR-2345678' | 'NASA 80NSSC23K0415' | 'None'",Source: Core module,2026-07-24,(none),,Y,Y,Y,Y,,,,,,,,,,,,,,N,N,
Coupled Technique(s),"Other analytical techniques applied to the same sample(s) whose results are intended to be interpreted together with data from this procedure. Document coupling with any technique whose results are functionally linked to this dataset — providing calibration inputs, complementary spatial context, or required companion measurements. Use the same controlled vocabulary as the Technique field. Enter ""None"" if no coupling is intended.",Advanced,Editable,Controlled list / Text,"e.g., 'LA-ICP-MS' | 'EBSD' | 'SEM-EDS' | 'NanoSIMS' | 'None' | N/A",Source: Core module,2026-08-11,(none),,Y,Y,Y,Y,,"SEM (Carl Zeiss 1550VP FE-SEM, BSE imaging); EBSD (HKL system on ZEISS 1550VP); synchrotron XRD; micro-Raman",SEM-EDS (FEI Nova NanoSEM 450); Raman spectroscopy,"SEM (BSE imaging); petrographic microscopy; LA-ICP-MS (Agilent 7500ce, Virginia Tech)","SEM (BSE imaging); petrographic microscopy; LA-ICP-MS (Agilent 7500ce, Virginia Tech)","SEM (Carl Zeiss 1550VP FE-SEM, BSE imaging); EBSD; synchrotron XRD; micro-Raman",Petrographic microscopy; SEM-BSE (JEOL 5900LV); EPMA X-ray mapping; Cameca ims1280 ion microprobe (O isotopes; 26Al-26Mg); FIB-TEM,"Powder XRD (Rigaku MiniFlex 600); ICP-MS (Thermo Fisher iCAP Qc, WashU); K isotope MC-ICP-MS (Neptune Plus, WashU); CO2 laser-fluorination O isotope MS (U. New Mexico); AMS (PRIME Lab, Purdue)",SEM-EDS; SIMS (Cameca ims 1280); TEM-EDS,SEM (BSE imaging); petrographic microscopy,SEM-EDS (NHM London; Smithsonian; JSC); TEM-EDS/EELS; FIB-SEM; ToF-SIMS; XRD; XANES,SEM-EDS (NHM London; Smithsonian; JSC); TEM-EDS/EELS; FIB-SEM; ToF-SIMS; XRD; XANES,SEM-EDS; TEM-EDS/EELS; FIB-SEM; XRD; XANES,"SEM-BSE (JEOL JSM-6510, 15 kV, 3 nA); SEM-EDS (multi-element mapping); SIMS (CAMECA IMS 1270 E7, CRPG); NanoSIMS (K-ALFAA); ICP-MS; MC-ICP-MS; noble gas MS","SEM-EDS (Zeiss EVO 15LS + Oxford X-Max80, 20 kV, 3 nA); NanoSIMS (OU); SIMS (CAMECA ims-1280-HR, Hokkaido); laser fluorination O isotopes (OU)",
Coupling Description,"Description of how this procedure is coupled with the technique(s) listed above. Include: (1) the functional relationship — what data or context flows between techniques, or how results are combined (e.g. which output from the coupled technique serves as input to data reduction for this technique); and (2) the analytical sequence — which technique is performed first and why (e.g. non-destructive before destructive). Required when Coupled Technique(s) is not ""None"".",Advanced,Editable,Text (free),"e.g., 'EPMA WDS major element concentrations used as internal standard for LA-ICP-MS trace element data reduction. EPMA performed first because LA-ICP-MS ablation is destructive.'",Source: Core module,2026-05-11,(none),,Y,Y,Y,Y,,N,N,N,N,N,N,N,N,N,N,N,N,N,N,
Coupled Procedure DOI,"Registered procedure DOI for the coupled technique named above. Provides a stable, citable link to the companion method independent of whether a dataset has been deposited. If the coupled procedure has not yet been registered, enter the DOI of a publication describing the coupled method, or ""pending"". Enter ""None"" if no coupling is planned.",N/A,Advanced,URI / DOI,"e.g., 'https://doi.org/10.xxxxx/coupled-procedure' | 'pending' | 'None'",Source: Core module,2026-07-24,(none),,Y,Y,Y,Y,,,,,,,,,,,,,,N,N,
Coupled Dataset or Publication Reference,"DOI or other persistent identifier for the co-registered dataset or publication where both datasets are reported together. Accepts: a dedicated dataset DOI (if separately deposited), a shared dataset DOI (if co-submitted in the same package), or a publication DOI. Use ""same submission"" if the coupled dataset is included in this data package, or ""pending"" if not yet assigned. If coupling is documented through a shared sample identifier only, that information is already captured in Sample Persistent Identifier (Group 2).",N/A,Advanced,URI / DOI / Text,"e.g., 'https://doi.org/10.xxxxx/dataset' | 'same submission' | 'pending' | 'None'",Source: Core module,2026-05-11,(none),,Y,Y,Y,Y,,,,,,,,,,,,,,N,N,
,,,,,,,,,,,,,,,,,,,,,,,,,,,,,
2. Samples,,,,,,,,,,N,N,N,N,N,N,N,N,N,N,N,N,N,N,N,N,N,N,N,
Target Material,"General description of the material type(s) this procedure is designed to analyse. Used for discoverability and procedure matching, and because the material type constrains sample preparation, calibration and matrix-matching requirements.",Basic,Read-Only,Controlled list / Text,Silicate mineral | Silicate glass | Oxide | Sulfide | Phosphate | Carbonate | Metal alloy | Other: specify | N/A | None,Source: Core module,2026-08-14,(none),,Y,Y,Y,Y,,"Silicate mineral (tissintite clinopyroxene, plagioclase, maskelynite) | Oxide | Glass (melt pocket)","Silicate mineral (coesite, pyroxene, feldspar) | Oxide | Sulfide","Silicate mineral (olivine, pyroxene, maskelynite) | Oxide (chromite, ulvospinel, ilmenite) | Sulfide | Phosphate (merrillite) | Glass (melt pocket)","Silicate mineral (olivine, pyroxene, maskelynite) | Oxide | Sulfide | Phosphate | Glass","Silicate mineral (liebermannite, lingunite, maskelynite, augite, pigeonite)",Silicate mineral | Oxide | Sulfide | Phosphate (CI chondrite phases),"Phyllosilicate (matrix) | Oxide (magnetite, ilmenite) | Sulfide (pyrrhotite, pentlandite) | Carbonate (dolomite, magnesite) | Phosphate (Ca phosphate, Na-Mg hydrous phosphate)",Phosphate (apatite),Silicate mineral | Oxide (eucrite phases),Carbonate | Oxide | Silicate mineral (Bennu evaporite and host phases),"Phosphate (Mg,Na phosphate) | Carbonate (Bennu evaporite phases)",Silicate mineral | Sulfide | Oxide | Phosphate | Carbonate (Bennu samples),"Silicate mineral (olivine, pyroxene) | Oxide | Carbonate (anhydrous minerals in Bennu aggregate particles)","Silicate mineral (olivine, pyroxene) in Bennu aggregate particles",
Sample Preparation Method,"Description of how samples were prepared for analysis under this procedure (mounting, polishing, coating). Analysts may document session-specific variations from the procedure standard.",Basic,Editable,Text (free),"e.g., 'Polished thin section, 20 nm carbon coat' | '25 mm epoxy mount, polished to 0.25 µm diamond, 10 nm C coat'",,2026-07-24,(none),,Y,Y,Y,Y,,Polished thin section; carbon coating N,Polished thick section (NWA 8657); carbon coating N,Polished thin sections (coating type N),Polished thin sections (coating type N),Polished thin section USNM 7619 (coating type N),N,Fragments mounted and dry-polished in a petrographic thin section; carbon coating N,Fragments embedded in epoxy; dry-polished with diamond powder; one mount ion-polished before carbon coating,Polished thin section; carbon coating N,Ir-coated specimens mounted on Ir-coated Parafilm,Polished section; 20 nm carbon coat,N,Aggregate particles (<1 mm) mounted in epoxy at Université Côte d'Azur; polished; carbon coated (thickness N),"Mounted in resin blocks; polished at NHM London; fragmented during polishing (P1, P2); initial carbon coat for SEM/EPMA (thickness N); additional coat added after for SIMS (total ~30 nm) [N5,N6]",
Sample Name,"Name or identifier of each sample analysed in this session, as used in the laboratory — a sample mount, section or aliquot counts as one entry where that is what the laboratory tracks. The analysis record corresponds to one session and may cover several samples; fields whose Keyed By column declares 'sample' take one value per entry. Should match the identifier used in associated publications or data tables.",N/A,Basic,Text (free),"e.g., 'NWA 8657 polished thin section 1' | 'Tissint UT1' | 'Ivuna MZ2'",Source: Core module,2026-08-12,defines: sample,,Y,Y,Y,Y,,Tissint Mars meteorite,NWA 8657 shergottite,"Tissint thin sections UT1, UT2, UT3; Tata-1-C1 to C3; Tata-2-C1 to C3; Tata-3-C1 to C3; Tissint-B","Tissint thin sections UT1, UT2, UT3; Tata-1-C1 to C3; Tata-2-C1 to C3; Tata-3-C1 to C3; Tissint-B",Zagami USNM 7619,"Ivuna CI chondrite, section MZ2",OC002 LAB24-2 (10-11 fragments of Oued Chebeika 002),OREX-803079-0 and OREX-803080-0 (Bennu OSIRIS-REx samples),NWA 8003 eucrite,Bennu OSIRIS-REx samples (OREX-8#####-###),Bennu OSIRIS-REx samples (OREX-8#####-###),Bennu OSIRIS-REx samples (OREX-5/8#####-###),OREX-800045-103 and OREX-800045-107,"OREX-501054-0 and OREX-501059-0 (particles P1, P2)",
Sampling Unit,"The physical subdivision of the sample to which one row of reported values corresponds — the unit that is analysed and reported, as distinct from the sample as a whole. State the unit type at procedure level and the units actually analysed at analysis level. Where units nest (e.g. confined tracks within grains), state both levels.",Basic,Basic,Controlled list / Text,Whole sample | Aliquot | Grain | Spot | Analysis point | Phase | Sub-volume | Region of interest | N/A | None | Other: specify,Source: Core module,2026-08-11,defines: sampling unit,,Y,Y,Y,Y,,,,,,,,,,,,,,,,
Sample Persistent Identifier,"Globally unique, persistent identifier for each sample listed in Sample Name. IGSN (International Geo Sample Number) is the recommended standard for geological and cosmochemical samples, as used by Astromat, EarthChem and SESAR. Where a sample and its sub-samples are separately registered, record the identifier at the level actually analysed.",Advanced,Advanced,URI / IGSN,"e.g., 'IGSN:AU1234567'",Source: Core module,2026-08-12,sample,,Y,Y,Y,Y,,,,,,,,,,,"OREX-8#####-### (NASA curatorial ID, not IGSN)","OREX-8#####-### (NASA curatorial ID, not IGSN)","OREX-5/8#####-### (NASA curatorial ID, not IGSN)","OREX-800045-103; OREX-800045-107 (NASA curatorial IDs, not IGSN)","OREX-501054-0; OREX-501059-0 (NASA curatorial IDs, not IGSN)",
Target Selection Criteria,"The rules governing which part of the sample is analysed, and why. Covers the criteria applied when choosing grains, aliquots, spots, or a region of interest — size, morphology, clarity, freedom from inclusions or alteration, phase identity, or spatial position. Distinct from Target Material, which states the material type the procedure is designed for: this field states how, within such a sample, the analysed portion is picked out.",Basic,Editable,Text (free),,Source: Target Selection module,2026-08-08,(none),,Y,Y,Y,Y,,,,,,,,,,,,,,,,
Pre-Analysis Imaging and Screening,"Imaging or other characterisation performed before the measurement in order to select or locate the analysed target, including the technique, instrument and settings used, and how individual analyses are linked back to the images. Distinct from any imaging the procedure performs as its own measurement. Where the imaging is performed on a separate instrument, it should also be recorded in the Group 1 coupling fields.",Advanced,Editable,Text (free),,Source: Target Selection module,2026-08-08,sample,,Y,Y,Y,Y,,,,,,,,,,,,,,,,
,,,,,,,,,,,,,,,,,,,,,,,,,,,,,
3. Instrument & Software,,,,,,,,,,N,N,N,N,N,N,N,N,N,N,N,N,N,N,N,N,N,N,N,
Instrument Manufacturer,"Manufacturer of the instrument that performs the measurement, recorded as a controlled value so that procedures can be found by vendor. Where a procedure couples a sample-introduction system to an analysing instrument, this records the analysing instrument. Instrument Model gives the specific designation.",Basic,Read-Only,Controlled list,JEOL | Cameca | Other: specify | Unknown | N/A | None,Source: Core module,2026-08-12,(none),,Y,Y,Y,Y,,JEOL,JEOL,Cameca,JEOL,JEOL,Cameca,JEOL,JEOL,JEOL,JEOL,Cameca,Cameca,JEOL,Cameca,
Instrument Model,"Model designation of the instrument that performs the measurement, including any generation or configuration suffix. Conventionally written with the manufacturer name included; Instrument Manufacturer records the vendor separately, as a controlled value, so that procedures remain findable by vendor.",Basic,Read-Only,Text (free),JXA-8530F Plus | JXA-8230 | JXA-8200 | JXA-8100 | SXFiveTactis | SXFive | SX100 | iHP200F | Other: specify | Unknown | N/A | None,Source: Core module,2026-05-11,(none),,Y,Y,Y,Y,,"JEOL 8200 (stated as ""JEOL 8200 electron microprobe""; no JXA prefix stated)","JXA-8100 (stated as ""JEOL JXA-8100"")","SX100 (stated as ""Cameca SX100"")","JXA-8200 (stated as ""JEOL JXA-8200"")","JEOL 8200 (stated as ""JEOL 8200 electron microprobe""; no JXA prefix in paper)","SX100 (stated as ""Cameca SX100"")","JXA-8200 (stated as ""JEOL JXA-8200 electron microprobe"")","JEOL 8530 EMPA (stated as ""JEOL 8530 EMPA at NASA JSC""; no F suffix or JXA prefix stated)","JXA-8100 (stated as ""JEOL 8100"")","JXA-8530F Plus (stated as ""JEOL 8530 F+ Hyperprobe Field Emission Electron Probe Microanalyzer"")","SX-100 (stated as ""Cameca SX-100 electron microprobe located at K-ALFAA"")","SX-100 Ultra (stated as ""SX-100 Ultra electron microprobe in the K-ALFAA"")","JXA-8230 (stated as ""JEOL JXA-8230 electron microprobe analyser (EPMA)"")","SX100 (stated as ""CAMECA SX100 electron microprobe"")",
Electron Source,Type of electron gun used in the instrument.,Basic,Read-Only,Controlled list,Field Emission (FEG) | LaB6 / CeB6 | Tungsten (W) | Other: specify | Unknown | N/A | None,,2026-08-12,(none),,Y,Y,Y,Y,,N,N,N,N,N,N,N,N,N,Field Emission (FEG),N,N,N,N,
Acquisition Software,"Instrument control, automation and data acquisition software used to collect the raw data, including version number. Distinct from Data Processing Software(s), which covers everything applied to the data after acquisition.",Basic,Editable,Text (free),"e.g., 'Probe for EPMA v12.9.5' | 'JEOL PC-EPMA v3.0' | 'Cameca PeakSight 6.2'",Source: Core module,2026-08-14,(none),,Y,Y,Y,Y,,"Probe for EPMA (Probe Software, Inc.)",N,N,N,"Probe for EPMA (Probe Software, Inc.)",N,Probe for EPMA microanalysis software,N,N,N,N,N,N,N,
Data Processing Software(s),"All software applied to the data after acquisition in order to produce the reported quantities, including version numbers. List every package used. Distinct from Acquisition Software, which controls the instrument and collects the raw data.",Basic,Editable,Text (free),"e.g., 'Probe for EPMA (built-in)' | 'CalcZAF v12' | 'CITZAF (Armstrong 1995)' | 'XMapTools 4.1 (for mapping)'",Source: Core module,2026-08-14,(none),,Y,Y,Y,Y,,CITZAF correction procedure (Armstrong 1995),Bence-Albee method,N,N,CITZAF correction procedure (Armstrong 1995),N,"Probe for EPMA (CITZAF matrix correction, Armstrong 1995); CalcImage and Quantitative Microanalysis Explorer web-based tool (for stage mapping)",N,N,N,N,XMapTools (for phase maps),N,N,
WDS Spectrometer Configuration,"Number, type, and crystal range of WDS spectrometers on the instrument. Include manufacturer, model, and crystal range. For SEM-WDS configurations (third-party WDS on a non-EPMA platform), include WDS manufacturer and model.",Advanced,Read-Only,Text (free),"e.g., '5 Rowland-circle WDS spectrometers (JEOL), crystal range LDE1-LIFH' | '4 WDS spectrometers (Cameca)'",,2026-08-12,(none),,N,N,Y,Y,,N,N,N,N,N,N,5 wavelength-dispersive spectrometers (JEOL),N,N,"LIFL (Fe Ka, Mn Ka); TAPL (Mg Ka); PETL (Ca Ka) — partial; full config N",N,N,5 wavelength-dispersive spectrometers (JEOL),N,
EDS Detector Configuration,"EDS detector type, manufacturer, window type, active area, and detector geometry (take-off angle, position).",Advanced,Read-Only,Text (free),"e.g., 'Oxford Ultim Max 100 SDD, 100 mm2, polymer window, 35 deg take-off angle' | 'JEOL (e2v/Gresham) SDD, Be window'",,2026-08-11,(none),,Y,Y,N,N,,N/A,N/A,N/A,N/A,N/A,N/A,N/A,N/A,N/A,N/A,N/A,N/A,N/A,N/A,
,,,,,,,,,,,,,,,,,,,,,,,,,,,,,
4. Measurement Information,,,,,,,,,,N,N,N,N,N,N,N,N,N,N,N,N,N,N,N,N,N,N,N,
Analytical Mode,"Primary analytical mode(s) executed under this procedure. Records one value for a single-mode procedure and all applicable modes for a multi-mode one. Serves as the procedure-level declaration of measurement type, distinct from the mode flag columns, which state per-field applicability. Required even where a procedure defines no mode flag columns, so that every procedure record is self-describing and comparable across the library.",Basic,Read-Only,Controlled list,'WDS Point Analysis' | 'EDS Point Analysis' | 'WDS Mapping' | 'EDS Mapping' | 'WDS Point Analysis; EDS Point Analysis',Source: Core module,2026-08-14,(none),,Y,Y,Y,Y,,,,,,,,,,,,,,,,
Beam Mode,"Whether the electron beam was stationary-focused, defocused to a fixed diameter, or rastered over a small area during a single-point analysis. For X-ray mapping, beam scanning is controlled by Step Size and Stage Scan vs. Beam Scan fields instead.",Basic,Read-Only,Controlled list,Focused | Defocused | Raster | Other: specify | N/A | None,,2026-05-13,(none),,Y,Y,Y,Y,,"Focused (stated: ""beam in focused mode"")",Focused,"Focused (olivine, pyroxene, Fe-Ti-Cr oxides); Defocused 5-10 µm (maskelynite, phosphate, sulfide, glass)","Focused (olivine, pyroxene, Fe-Ti-Cr oxides); Defocused 5-10 µm (maskelynite, phosphate, sulfide, glass)","Focused (stated: ""beam in focused mode"")",Focused (point analysis); mapping beam mode N,N,Focused (2 µm probe size stated),Focused (most phases); Defocused 2-5 µm (plagioclase and polymorphs),"Focused (1 µm, silicates/oxides); Focused (5 µm, carbonates)",Focused (1 µm),"Focused (silicates, sulfides, oxides); Defocused 2 µm (phosphates, carbonates)","Focused (1 µm, point analysis); Rastered 5×5 µm² for carbonates",Focused (1 µm),
Accelerating Voltage,Electron beam accelerating voltage in kilovolts (kV). The procedure specifies the standard operating voltage; analysts record and justify any deviations.,Basic,Editable,Numeric (kV),"e.g., 15 | 20 | 10 | 7.5",,2026-07-24,(none),,Y,Y,Y,Y,,15 kV,15 kV,15 kV,15 kV,15 kV,20 kV,15 kV,15 kV,15 kV,15 kV,15 kV,15 kV,20 kV,20 kV,
Beam Current,Probe current in nanoamperes (nA). Often varies by phase type or analyte; record the procedure-standard value(s).,Basic,Editable,Numeric (nA),"e.g., 5 | 10 | 20 | 50 | 100",,2026-08-12,sample > sampling unit,,Y,Y,Y,Y,,5 nA,10 nA,"20 nA (olivine, pyroxene, Fe-Ti-Cr oxides); 10 nA (maskelynite, phosphate, sulfide, glass); 200 nA (olivine megacryst Ka maps)","20 nA (olivine, pyroxene, Fe-Ti-Cr oxides); 10 nA (maskelynite, phosphate, sulfide, glass)",5 nA,20 nA,25 nA (point analysis),20 nA,"20 nA (focused, most phases); 20 nA defocused (plagioclase and polymorphs)",10 nA (carbonates and silicates/oxides),8 nA (phosphates); carbonate conditions N,"20 nA (silicates, sulfides, oxides); 8 nA (phosphates); 4 nA (carbonates)",10 nA,N,
Beam Diameter,Diameter of the electron beam in micrometers. 0 indicates a fully focused beam. Document defocused diameter when used to minimize beam damage or improve spatial averaging for beam-sensitive phases.,Basic,Editable,Numeric (µm),"e.g., 0 (focused) | 1 | 2 | 5 | 10 | 20",,2026-05-11,(none),,Y,Y,Y,Y,,Focused (exact diameter N),Focused (exact diameter N),"1-2 µm (olivine, pyroxene, Fe-Ti-Cr oxides); 5-10 µm defocused (maskelynite, phosphate, sulfide, glass)","1-2 µm (olivine, pyroxene, Fe-Ti-Cr oxides); 5-10 µm defocused (maskelynite, phosphate, sulfide, glass)",Focused (exact diameter N),1 µm (focused),N,"2 µm (stated as ""2 µm probe size"")",Focused (exact diameter N); 2-5 µm defocused (plagioclase and polymorphs),5 µm (carbonates); 1 µm (silicates/oxides),1 µm,"Focused (silicates, sulfides, oxides); 2 µm defocused (phosphates, carbonates)",1 µm (point analysis); 5×5 µm² raster area for carbonates,1 µm (focused),
Beam Raster Dimensions,X x Y dimensions of a small beam raster used at a single analysis point to average a coarse-grained or beam-sensitive phase. Different from X-ray mapping mode; not applicable when mapping.,Advanced,Editable,Numeric pair (µm x µm),"e.g., 5x5 | 10x10 | None",,2026-05-11,(none),,Y,N,Y,N,,N/A,N/A,N/A,N/A,N/A,N/A,N/A,N/A,N/A,N/A,N/A,N/A,5×5 µm² for carbonates,N/A,
Beam Damage Minimization,"Measures taken to minimize beam damage, particularly volatilization or migration of Na, K, F, and Cl in hydrous minerals, glasses, feldspars, phosphates, and carbonates. Document approach, beam conditions used, and phases for which it was applied.",Advanced,Editable,Text (free),"e.g., 'Na measured first with 10 um defocused beam at 5 nA' | 'Time-resolved acquisition extrapolated to t=0 for Na and K' | 'None required (anhydrous minerals)'",,2026-08-12,sample > sampling unit,,Y,Y,Y,Y,,N,N,"Defocused beam 5-10 µm for maskelynite, phosphate, sulfide, and glass","Defocused beam 5-10 µm for maskelynite, phosphate, sulfide, and glass",Low beam current (5 nA); Na diffusion away from beam still observed in liebermannite,N,N,2 µm probe used for all analyses; Durango apatite tested at 10 µm and 3 µm spot sizes to assess halogen volatilization; no significant loss found under adopted conditions,N,N,N,Defocused 2 µm beam for phosphates (8 nA) and carbonates (4 nA),N,N,
Drift Correction,"Method used to monitor and correct for instrument drift (beam current drift, spectrometer drift) during the analytical session.",Advanced,Editable,Text (free),"e.g., 'Primary standards re-measured at start, midpoint, and end of session; calibration linearly interpolated' | 'Faraday cup beam current verified every 30 min' | 'None'",,2026-05-11,(none),,Y,Y,Y,Y,,N,N,N,N,N,N,N,N,N,N,N,N,N,N,
Analyte,"The chemical species this procedure is designed to determine, recorded at whatever resolution the chemistry is resolved — element(s) for this technique; valence species where a procedure resolves oxidation state; compounds where it resolves molecules. Isotopes are not analytes: isotopes of an element are the same chemical species. The procedure registers the full analyte suite; at analysis level the analyst records the specific subset actually measured in the session, which may be narrower if species were excluded due to interferences or scope reduction. Fields whose Keyed By column declares 'analyte' apply individually to each entry in this list.",Basic,Editable,Text (free),"e.g., 'Si, Ti, Al, Fe, Mn, Mg, Ca, Na, K, Cr, Ni, P, S, Cl, F' | 'Si, Al, Fe, Mg, Ca, Na, K'",Source: Analyte module,2026-08-14,defines: analyte,,Y,Y,Y,Y,,"Si, Ti, Al, Cr, Fe, Mn, Mg, Ca, Na, K (from standards list; P not in standard suite)","Si, Ti, Al, Cr, Fe, Mn, Mg, Ca, Na, K","Si, Ti, Al, Mg, Ca, Fe, Mn, Cr, Ni, Na, K, P (from detection limits table)","Si, Ti, Al, Mg, Ca, Fe, Mn, Cr, Ni, Na, K, P (from detection limits table; conditions shared with UT)","Si, Al, K, Na, Ca, Fe, Mg, Ti, Cr, Mn (stated via standards sentence and detection limit list)","Si, Al, Ti, K, Na, Fe, Mg, Ca, S, Mn, Cr, Ni, P, V",F (explicitly stated); full analyte list N in methods,"P, F, Cl, Ca, Mn, Fe, Na, Mg, Si, S","Si, Ti, Al, Cr, Fe, Mn, Mg, Ca, Na, K, P (from standards/methods text)","Fe, Mn, Mg, Ca (carbonates); Fe, Mn, Mg, Ca, Ni, Cr, Al, Si, Ti, K, Na (silicates/oxides)","Na, Si, Mg, Ca, Mn, P, S, Fe (carbonates); F, P, Ca, Si, Mg, Fe, Al, S, K, Cl (phosphates)",N,"Session 1: Al, Ti, Ca, Cr, Mn, Ni, Mg, Fe, Si; Session 2: Na, K, Al, Ti, Ca, Cr, Mn, Ni, Mg, Fe, Si",N,
Reported Variables and Units,"The final variable(s) this procedure reports and their units — distinct from the fields recording what was *acquired* rather than what is reported. A procedure may acquire many channels and report a small number of derived quantities; without this field a data consumer cannot tell which. Record every reported variable, including intermediate quantities reported alongside final ones (e.g. both the 206Pb/238U ratio and the 206Pb/238U date). Where a reported variable is a nominal property with no magnitude (e.g. a mineral identification), record the variable and give the unit as 'N/A — nominal property'.",Basic,Read-Only,Text (free),"e.g., 'Element concentration (ppm); oxide (wt%)' | 'd56Fe (permil vs IRMM-014); d57Fe (permil vs IRMM-014)' | '206Pb/238U date (Ma); 207Pb/206Pb date (Ma)' | 'Mineral identity (N/A — nominal property); match score (0-1)'",Source: Core module,2026-08-12,defines: reported property,,Y,Y,Y,Y,,,,,,,,,,,,,,,,
EPMA Technique per Analyte,"Whether each analyte was measured by WDS or EDS. In a WDS+EDS procedure, some elements may be assigned to WDS and others to EDS.",Basic,Read-Only,Controlled list,WDS | EDS | Other: specify | N/A | None,,2026-08-11,analyte,,Y,Y,Y,Y,,WDS (all analytes),N,N,N,WDS (all analytes),N,WDS (all analytes),N,WDS (all analytes),N,WDS (stated for phosphate analyses),N,N,N,
X-ray Line,"X-ray emission line measured on each spectrometer assignment. Line choice affects sensitivity, matrix correction accuracy, and susceptibility to peak overlap and spectral interference.",Basic,Read-Only,Controlled list,Ka | Kb | La | Lb | Lg | Ma | Mb | Other: specify | N/A | None,,2026-08-12,channel,,Y,Y,Y,Y,,"SiKα, AlKα, CaKα (anorthite); NaKα (albite); FeKα (fayalite); MgKα (forsterite); MnKα (Mn2SiO4); TiKα (TiO2); CrKα (Cr2O3); KKα (microcline)",N,N,N,"SiKa, AlKa, KKa (microcline); CaKa (anorthite); NaKa (albite); FeKa (fayalite); MgKa (forsterite); TiKa (TiO2); CrKa (Cr2O3); MnKa (Mn-olivine)",N,N,N,N,N,N,N,N,N,
Diffracting Crystal,Analyzing crystal (monochromator) used on each spectrometer assignment. Crystal choice determines the detectable wavelength range and dispersion.,Basic,Read-Only,Controlled list,LIF | LLIF | LIFL | LIFH | PET | LPET | PETL | PETH | PETJ | TAP | TAPL | TAPH | LTAP | LDE1 | LDE2 | LDE3 | RAP | KAP | ADP | Other: specify | Unknown | N/A | None,,2026-08-12,channel,,N,N,Y,Y,,N,N,N,N,N,N,LDE1 (for F); other analytes N,N,N,"LIFL (Fe, Mn); TAPL (Mg); PETL (Ca) — partial; other analytes N",N,N,N,N,
WDS Spectrometer Channel,"WDS spectrometer position(s) assigned to each analyte, one entry per assignment. An analyte may be assigned to more than one spectrometer with intensities aggregated (aggregate intensity counting), and one spectrometer serves several analytes across a run, so the assignment — not the analyte — is the unit carrying the spectrometer setup. Different spectrometers may have different crystal configurations.",Advanced,Read-Only,Text (free),"e.g., 'Si=Sp1; Ti=Sp2; Cr=Sp2+Sp3 (aggregate intensity counting); Fe=Sp3' | 'Mg=Sp1; Ca=Sp4; Na=Sp5'",,2026-08-12,defines: channel per analyte,,N,N,Y,Y,,N,N,N,N,N,N,N,N,N,N,N,N,N,N,
Sequence,"Order in which spectrometer assignments are acquired during point analysis. Relevant for minimizing beam damage (volatile elements measured first) and for sequential multi-channel setups. Not applicable to X-ray mapping, where all assigned spectrometers collect simultaneously at each pixel.",Advanced,Read-Only,Integer,"e.g., 1 | 2 | 3 | 4",,2026-08-12,channel,,N,N,Y,N,,N,N,N,N,N,N,N,N,N,N,N,N,N,N,
Proportional Counter / Detector,Type of detector used on each spectrometer assignment. Affects sensitivity and count rate linearity.,Advanced,Read-Only,Controlled list,High Pressure P10 Flow | Low Pressure P10 Flow | Xe Sealed | SDD | Si(Li) | Other: specify | Unknown | N/A | None,,2026-08-12,channel,,N,N,Y,Y,,N,N,N,N,N,N,N,N,N,N,N,N,N,N,
WDS PHA Setting,Pulse height analyzer (PHA) setting for the WDS detector. Integral mode accepts all pulses above a threshold; Differential mode selects a narrow energy window to reject higher-order reflections and escape peaks.,Advanced,Read-Only,Controlled list,Integral | Differential | Other: specify | Unknown | N/A | None,,2026-08-12,channel,,N,N,Y,Y,,N,N,N,N,N,N,N,N,N,N,N,N,N,N,
Peak Counting Time,"Time spent counting X-ray intensity at the peak position, in seconds, on each spectrometer assignment. Procedure specifies standard values; analysts may adjust within procedure-defined bounds.",Basic,Editable,Numeric (s),"e.g., 10 | 20 | 30 | 60",,2026-08-12,channel,,N,N,Y,N,,N,N,N,20 s on-peak,N,10-50 s,N,N,N,N,N,"20 s (silicates, sulfides, oxides; phosphates); 10 s (carbonates)","200 ms total (peak + background) for Al, Ti, Ca, Mn, Cr; 20 ms total (peak + background) for Mg, Fe, Si",N,
Background Counting Time,"Total time spent counting at off-peak background position(s) in seconds, summed across all background positions.",Basic,Editable,Numeric (s),"e.g., 5 | 10 | 20",,2026-08-12,channel,,N,N,Y,N,,N,N,N,10 s each on high and low background positions (20 s total),N,N,N/A,N,N,N,N,"10 s each on high and low positions (silicates, sulfides, oxides; phosphates); 5 s on each position (carbonates)",N/A,N,
Background Position(s),"Location(s) of off-peak background measurement(s) relative to the peak, in mm or sin-theta, and whether on the high- or low-energy side.",Advanced,Editable,Text (free),"e.g., '+5 mm (High), -5 mm (Low)' | 'High only (+4 mm)' | 'MAN method (no off-peak positions)'",,2026-08-12,channel,,N,N,Y,N,,N,N,N,High and low off-peak positions (2-point; offset in mm or sin-theta N),N,N,N/A,N,N,N,N,High and low off-peak positions (2-point; positions in mm or sin-theta N),N,N,
EDS Live Time per Point or Pixel,"EDS spectral acquisition live time per analysis point in seconds. Previously referred to as ""EDS Acquisition Time"" in this TAPP and commonly used under that name in EPMA and SEM-EDS contexts. Renamed to align with TEM-EDS usage, where the per-point vs. per-pixel distinction (point/line mode vs. spectrum image) is explicit. In EPMA, acquisition is always per point.",Basic,Editable,Numeric (s),"e.g., 30 | 60 | 120",,2026-08-11,(none),,Y,N,N,N,,N/A,N/A,N/A,N/A,N/A,N/A,N/A,N/A,N/A,N/A,N/A,N/A,N/A,N/A,
EDS Acquisition Mode,"Spatial acquisition sub-strategy for EDS measurements: stationary-beam point acquisition, linescan (beam stepped along a transect at defined intervals), or area map (beam rastered over a pixel grid). Specifies how the beam is positioned during data collection within the declared Analytical Mode. Particularly important when a procedure includes linescans as a distinct acquisition approach not fully captured by the mode flag columns.",Basic,Read-Only,Controlled list,'Point' | 'Linescan' | 'Map' | Other: specify | N/A | None,,2026-08-11,(none),,Y,Y,N,N,,,,,,,,,,,,,,,,
Dwell Time per Pixel,"Time spent acquiring X-ray signal at each pixel during X-ray mapping, in milliseconds. For WDS: one value per spectrometer assignment per pixel. For EDS: total live-time per spectrum per pixel, a single value.",Basic,Editable,Numeric (ms),"e.g., 5 | 10 | 20 | 50 | 100",,2026-08-12,channel,,N,Y,N,Y,,N/A,N/A,~0.5 s per step (olivine megacryst Ka maps; instrument ambiguous),N/A,N,N,N,N/A,N/A,N/A,N/A,N,N/A,N/A,
Step Size / Pixel Size,"Distance between adjacent measurement points in the X-ray map in micrometers, defining the spatial resolution. Report both X and Y step if they differ.",Basic,Editable,Numeric (µm),"e.g., 0.5 | 1 | 2 | 5 | 10; or '1 um (X) x 2 um (Y)'",,2026-05-11,(none),,N,Y,N,Y,,N/A,N/A,8-12 µm (BSE + Ca/Al/Fe/Mg Ka phase maps at UT); 2 µm (olivine megacryst Ka maps; instrument ambiguous),N/A,N,N,N,N/A,N/A,N/A,N/A,N,N/A,N/A,
Map Dimensions,Number of pixels in the X-ray map in the X and Y directions. Determined at analysis time based on the area of interest and selected step size.,N/A,Basic,Numeric pair (pixels x pixels),"e.g., 256x256 | 512x512 | 1024x768",,2026-05-13,(none),,N,Y,N,Y,,N/A,N/A,N,N/A,N,N,N,N/A,N/A,N/A,N/A,N,N/A,N/A,
Map Area,Physical dimensions of the mapped region in micrometers (X x Y). Determined at analysis time based on the sample feature or region of interest.,N/A,Basic,Numeric pair (µm x µm),"e.g., 100x100 | 500x300 | 1000x500",,2026-05-13,(none),,N,Y,N,Y,,N/A,N/A,N,N/A,N,N,N,N/A,N/A,N/A,N/A,N,N/A,N/A,
Stage Scan vs. Beam Scan,Whether the X-ray map was acquired by moving the sample stage (stage scan) or by deflecting the electron beam (beam scan). Stage scan preserves beam geometry and spot size across the full map but is slower; beam scan is faster but may introduce geometric distortion at large deflections.,Advanced,Read-Only,Controlled list,Stage scan | Beam scan | Combined stage and beam scan | Other: specify | Unknown | N/A | None,,2026-05-11,(none),,N,Y,N,Y,,N/A,N/A,N,N/A,N,N,Stage scan,N/A,N/A,N/A,N/A,N,N/A,N/A,
,,,,,,,,,,,,,,,,,,,,,,,,,,,,,
5. Data Processing,,,,,,,,,,N,N,N,N,N,N,N,N,N,N,N,N,N,N,N,N,N,N,N,
Matrix Correction Method,"X-ray matrix correction algorithm applied during quantitative EDS or WDS data reduction. For X-ray mapping, applies when raw count maps are converted to quantitative concentration maps.",Basic,Read-Only,Controlled list,PAP (Pouchou & Pichoir Full) | XPP (Simplified PAP) | PhiRhoZ Bastin (EPQ-91) | Love-Scott I | Love-Scott II | Armstrong / Love-Scott | ZAF | CITZAF (Armstrong 1995) | Bence-Albee | Other: specify | Unknown | N/A | None,,2026-08-12,(none),,Y,Y,Y,Y,,CITZAF (Armstrong 1995),Bence-Albee,N,N,CITZAF (Armstrong 1995),N,CITZAF (Armstrong 1995),N,ZAF,N,N,N,N,N,
Mass Absorption Coefficients (MACs),"Database of mass absorption coefficients used in the matrix correction. MAC database choice affects accuracy particularly for light elements (B, C, N, O, F, Na).",Basic,Read-Only,Controlled list,LINEMU | CITZMU | MCMASTER | MAC30 | MACJTA | FFAST | Other: specify | Unknown | N/A | None,,2026-05-13,(none),,Y,Y,Y,Y,,N,N,N,N,N,N,N,N,N,N,N,N,N,N,
Background Correction Method,Method used to estimate and subtract background X-ray intensity beneath the peak. For WDS: typically 2-point off-peak linear interpolation or Mean Atomic Number (MAN) background model. For EDS: spectral background fitting or top-hat filter applied during spectral processing.,Basic,Editable,Controlled list,2-point off-peak linear | 2-point off-peak exponential | 2-point off-peak polynomial | 1-point high with slope factor | 1-point low with slope factor | Mean Atomic Number (MAN) | EDS background fit | Top-hat filter | Other: specify | N/A | None,,2026-08-11,(none),,Y,Y,Y,Y,,N,N,N,Two-point off-peak (high and low positions measured; interpolation method not named),N,N,"Mean Atomic Number (MAN) (most analytes); polynomial fit on representative phases (for F, LDE1 crystal)",N,N,N,N,Two-point off-peak (high and low positions; 10 s each for silicates/sulfides/oxides and phosphates; 5 s each for carbonates),N,N,
Time-Dependent Intensity Correction,"Type of time-dependent intensity (TDI) correction applied to compensate for beam-induced volatilization or migration of sensitive elements (e.g., Na, K, F in glasses, feldspars, carbonates). Most commonly applied in point analysis; uncommon for X-ray mapping.",Advanced,Editable,Controlled list,None | Linear | Exponential | Double exponential | Other: specify | Unknown | N/A,,2026-08-11,analyte,,Y,Y,Y,Y,,N,N,N,N,N,N,N,N,N,N,N,N,N,N,
Analyte Estimation Method,"Whether elemental concentrations were calculated directly from measured X-ray intensities, or estimated by cation stoichiometry (e.g., oxygen calculated from cation proportions in silicates; carbon from stoichiometry in carbonates).",Advanced,Read-Only,Controlled list,Direct (measured) | Stoichiometry from cations | By difference | Other: specify | Unknown | N/A | None,,2026-08-11,analyte,,Y,Y,Y,Y,,N,N,N,N,N,N,Stoichiometry from cations (O by stoichiometry),Ketcham (2015) method (13-anion basis); OH by difference from 1-F-Cl=OH,N,N,N,N,N,N,
Halogen Correction on Oxygen,"Whether oxygen content was adjusted to account for halogen substitution (F and/or Cl replacing OH) in halogen-bearing phases such as apatite, amphibole, and mica, where oxygen is calculated by stoichiometry.",Advanced,Editable,Boolean,Yes | No | N/A,,2026-05-11,(none),,Y,Y,Y,Y,,N/A,N/A,N/A,N/A,N/A,N/A,N,Yes (F and Cl substitution in apatite; 1-F-Cl=OH),N/A,N/A,N,N,N/A,N/A,
WDS Dead Time Correction,"Method used to correct for WDS proportional counter dead time at high count rates. Dead time errors are most significant for major elements with high count rates (e.g., Si, Fe, Ca). Unlike EDS dead time — which is hardware-managed and reported as a session QC percentage (see EDS Dead Time) — WDS dead time correction is a user-selectable algorithm in the data reduction software. No separate measured WDS dead time value is reported; the correction is applied transparently during intensity-to-concentration conversion.",Basic,Read-Only,Controlled list,Default constant 3 us (Cameca) | Adjusted constant (Cameca) | Default constant (JEOL) | Adjusted constant (JEOL) | High-precision (Probe for EPMA) | Logarithmic | Super-precision | Other: specify | Unknown | N/A | None,,2026-08-11,(none),,N,N,Y,Y,,N,N,N,N,N,N,N,N,N,N,N,N,N,N,
EDS Spectral Processing Type,"Method used to process EDS spectra and extract net peak intensities from raw spectral data. Applied before quantification (see Matrix Correction Method). Common approaches include background fitting and subtraction followed by peak integration, and filter fit or Gaussian deconvolution for overlapping peaks.",Advanced,Read-Only,Controlled list,Background fitting | Peak deconvolution | Top-hat filter | Gaussian fit | Filter fit | Other: specify | Unknown | N/A | None,,2026-08-12,(none),,Y,Y,N,N,,N/A,N/A,N/A,N/A,N/A,N/A,N/A,N/A,N/A,N/A,N/A,N/A,N/A,N/A,
Blank Correction,"Method and reference material(s) used to determine and subtract blank signal contributions (e.g., carbon coat contribution to C signal, or background contamination for trace elements).",Advanced,Editable,Text (free),"e.g., 'Blank C signal subtracted using carbon-coated polished glass reference' | 'None'",,2026-08-11,analyte,,Y,Y,Y,Y,,N,N,N,N,N,N,N,N,N,N,N,N,N,N,
Normalization / Standards-Based Correction,Post-acquisition normalization applied using secondary reference materials to correct for session-to-session calibration drift.,Advanced,Editable,Text (free),"e.g., 'Normalization to accepted values of Kakanui kaersutite run as secondary standard' | 'None'",,2026-08-11,reported property,,Y,Y,Y,Y,,N,N,N,N,N,N,N,N,N,N,N,N,N,N,
Calibration Factor and Determination Method,"An externally-calibrated factor that converts the measured quantity into the reported quantity, how it was determined, and its uncertainty. Applies where the conversion depends on a factor calibrated against a reference of independently known value, rather than on the instrument response alone. Distinct from the fields that name the calibration material and that state which approach applies to which analyte, where the technique has them: this field records the resulting factor itself.",Basic,Editable,Text (free),,Source: Calibration Factor module,2026-08-12,reported property,,Y,Y,Y,Y,,,,,,,,,,,,,,,,
Procedural Blank Level,"The measured level of the analytical blank in the session, and — where the reported quantity is a ratio — its composition, since a blank subtracted from a ratio biases the result unless its own composition is known. Companion to the blank correction method, which is procedure-level: this field records what was actually measured. Follows the criterion-versus-measurement split the library applies wherever a procedure sets a threshold and an analysis reports a value against it.",N/A,Basic,Text (free),,Source: Blank module,2026-08-08,(none),,Y,Y,Y,Y,,,,,,,,,,,,,,,,
Analysis Inclusion and Rejection Criteria,"The rules determining which individual analyses contribute to a reported aggregate result, together with the outcome of applying them: how many analyses were acquired, how many were included, and on what grounds any were excluded. Distinct from within-analysis outlier filtering, which removes anomalous points inside a single analysis: this field decides which whole analyses enter the reported value. Criteria and outcome are combined in one field because neither is interpretable without the other, following the precision/accuracy precedent.",Basic,Basic,Text (free),,Source: Aggregation module,2026-08-08,(none),,Y,Y,Y,Y,,,,,,,,,,,,,,,,
Constants and Reference Values Used,"Physical constants and reference values used in data reduction to calculate the final reported quantity (e.g., decay constants for age calculation, standard isotope ratios, or other citable reference values used in a correction or calculation), together with their source. Distinct from the Group 6 reference-material fields, which document accepted values for specific calibration/validation materials rather than universal physical constants. Record ""None"" if no citable, revisable physical constants feed into this procedure's data reduction.",Basic,Editable,Text (free),"e.g., ""λ238U = 1.55125×10⁻¹⁰ yr⁻¹, λ235U = 9.8485×10⁻¹⁰ yr⁻¹ (Jaffey et al. 1971); 238U/235U = 137.818 (Hiess et al. 2012)"" | ""None""",Source: Core module,2026-08-12,(none),,Y,Y,Y,Y,,,,,,,,,,,,,,,,
,,,,,,,,,,,,,,,,,,,,,,,,,,,,,
6. Quality Control & Uncertainty,,,,,,,,,,N,N,N,N,N,N,N,N,N,N,N,N,N,N,N,N,N,N,N,
Primary Calibration Standard Name,"Name(s) of the primary reference material(s) used for element standardization (intensity calibration). Include the material name, its source or supplier, and a citation for the accepted values used, since results calibrated against different published values for the same material are not directly comparable.",Basic,Editable,Text (free),"e.g., 'Smithsonian anorthite (Si Ka, Al Ka, Ca Ka)' | 'Amelia albite (Na Ka)' | 'Synthetic fayalite (Fe Ka)' | 'SrF2 (F Ka)'",,2026-08-11,analyte,,Y,Y,Y,Y,,"Anorthite (SiKα, AlKα, CaKα); albite (NaKα); fayalite (FeKα); forsterite (MgKα); Mn2SiO4 (MnKα); TiO2 (TiKα); Cr2O3 (CrKα); microcline (KKα)","Natural kaersutite (Si, Mg, Fe); jadeite (Na, Al); bustamite (Ca, Mn); K-feldspar (K); synthetic rutile (Ti); Cr2O3 (Cr)",N,N,"Asbestos microcline (SiKa, AlKa, KKa); synthetic anorthite (CaKa); Amelia albite (NaKa); synthetic fayalite (FeKa); synthetic forsterite (MgKa); synthetic TiO2 (TiKa); synthetic Cr2O3 (CrKa); synthetic Mn-olivine (MnKa)","Kakanui kaersutite (Si, Al, Ti, K, Na, Fe, Mg, Ca); Canyon Diablo troilite (S); rhodonite (Mn); chromium metal (Cr); nickel metal (Ni); apatite (P); vanadium metal (V)","Natural and synthetic minerals routinely used in analytical facility (specific names N); synthetic F-phlogopite (for F, LDE1 crystal)","SrF2 (F); albite (Na); olivine (Mg, Fe, Si); quartz (Si); apatite (Ca, P); barite (S); tugtupite (Cl); rhodonite (Mn); ilmenite (Fe, Ti)",Natural and synthetic mineral standards (specific names N),"Carbonates: magnetite USNM 114887 (Fe,Mn), calcite USNM 13621 (Ca), dolomite USNM 10057 (Mg), siderite R-2460, rhodonite; Silicates/oxides: chromite USNM 117075, ilmenite USNM 96189, magnetite USNM 114887, manganite USNM 157872, bytownite R-2912, forsterite P140, San Carlos olivine USNM 111312 (Fo90), Springwater olivine USNM 2566 (Fo83)","Phosphates: fluorapatite (F, P, Ca), Fo92 olivine (Si, Mg), rhodonite (Mn), fayalite (Fe), anorthite (Al), baryte (S), K-feldspar (K), scapolite (Cl); Carbonates: albite (Na), Fo olivine (Si), dolomite (Mg), calcite (Ca), Mn carbonate (Mn), apatite (P), baryte (S), fayalite (Fe)",Well-characterized natural and synthetic materials (specific names N),"Springwater olivine (Mg, Si); fayalite (Fe); wollastonite (Ca); albite (Na, Al); orthoclase (K); rutile (Ti); Ni metal (Ni); chromite (Cr); rhodochrosite (Mn)",N,
Secondary Reference Materials,"Quality-control reference material(s) analyzed alongside unknowns to verify calibration accuracy. Include material name, assessed elements, number of analyses (n), and measured vs. accepted values.",Basic,Editable,Text (free),"e.g., 'Kakanui kaersutite (Si, Al, Ti, Fe, Mg, Ca, Na, K; n=5; within 1% of GeoReM values)' | 'Durango apatite (F, Cl, P, Ca; Wudarska et al. 2021)' | 'USNM San Carlos olivine 111312 (Mg, Fe, Si)'",,2026-08-12,defines: standard per analyte,,Y,Y,Y,Y,,N,N,N,N,Feldspar standards run as unknowns (material names N beyond what is listed above),USNM San Carlos olivine (Fo90); Kakanui kaersutite,Smithsonian Microbeam standards (specific materials and values N),N,N,"Carbonates: calcite, dolomite, rhodochrosite; Silicates/oxides: magnetite, San Carlos olivine USNM 111312, Springwater olivine USNM 2566",N,N,N,N,
Interference Corrections Applied,"Whether a spectral interference correction was applied for each analyte. Common interferences include Ti Kb on V Ka, Cr Kb on Mn Ka, and Ba La on Ti Ka.",Basic,Read-Only,Boolean,Yes | No | N/A,,2026-08-12,analyte,,Y,Y,Y,Y,,N,Yes,N,N,N,N,N,N,N,N,N,N,N,N,
Interfering Elements,"Element(s) whose X-ray lines overlap with the measured peak for this analyte, requiring a correction.",Advanced,Read-Only,Text (free),"e.g., 'Ti Kb overlaps V Ka' | 'Cr Kb overlaps Mn Ka' | 'Ba La overlaps Ti Ka'",,2026-08-11,analyte,,Y,Y,Y,Y,,,Cr Kβ on Mn Kα,,,,,,,,,,,N,N,
Interference Correction Standard,Reference material used to quantify and calibrate the interference correction for this analyte.,Advanced,Read-Only,Text (free),"e.g., 'Synthetic TiO2 (for Ti Kb on V correction)' | 'Chromite USNM 117075 (for Cr Kb on Mn correction)'",,2026-08-11,analyte,,Y,Y,Y,Y,,,,,,,,,,,,,,N,N,
Detection Limit,"Method detection limit at 99% confidence (3-sigma), one per reported concentration variable (one per analyte, these being the same set), derived from counting statistics on peak and background. Include the method and the resulting value for each.",Advanced,Basic,Numeric + unit / Text,"e.g., 'SiO2: 0.02 wt% (3-sigma, 20 s peak, 10 s bg)' | 'Na2O: 0.03 wt%' | 'F: 0.04 wt%'",,2026-08-24,reported property,,Y,Y,Y,Y,,K: 0.02 wt%; Cr: 0.05 wt%; Mn: 0.06 wt% (Table 1 footnote; other elements N),K2O: 0.01 wt% (lowest); MnO: 0.06 wt% (highest); full per-element values stated in paper,"<0.03 wt% for SiO2, TiO2, Al2O3, MgO, CaO; <0.05-0.1 wt% for FeO, MnO, Cr2O3, NiO, Na2O, K2O, P2O5 (stated as ""typical"")","<0.03 wt% for SiO2, TiO2, Al2O3, MgO, CaO; <0.05-0.1 wt% for FeO, MnO, Cr2O3, NiO, Na2O, K2O, P2O5 (stated as shared conditions with UT)","0.05 Si, 0.04 Ti, 0.06 Al, 0.06 Fe, 0.02 Mg, 0.02 Ca, 0.03 Na, 0.02 K, 0.05 Cr, 0.06 Mn (all wt%)","Al2O3, K2O, CaO: 0.03-0.04 wt%; Na2O, MgO, SiO2, FeO, MnO: 0.05 wt%; P2O5, SO2, TiO2, V2O3, Cr2O3, NiO: 0.06-0.09 wt% (stated as ""typically"")",N,N,Better than 0.02 wt% (as stated in paper),N,N,N,Mg: 0.025 wt%; Fe: 0.025 wt%; Si: 0.05 wt%; K: 0.05 wt%; Na: 0.05 wt%; Ca: 0.005 wt%; Al: 0.02 wt%; Ti: 0.005 wt%; Cr: 0.015 wt%; Mn: 0.008 wt%,"Transition metals: ~250 ppm (stated as ""typical"")",
Detection Limit Method,"Formula or approach used to calculate detection limits. Reference method publication if applicable. When the procedure does not specify a method, the analyst should complete this field.",Basic,Read-Only,Controlled list / Text,3σ blank | 3σ background | 3σ counting statistics | 3× blank mean | Poisson statistics | N/A | None,,2026-08-24,reported property,,Y,Y,Y,Y,,N,N,N,N,N,N,N,N,N,N,N,N,N,N,
Analytical Precision,"Reproducibility of repeated measurements on the same or equivalent reference material, expressed as 1-sigma relative standard deviation (%). Include reference material name, number of analyses (n), and value per analyte or element group.",Advanced,Basic,Text (free),"e.g., 'SiO2: 0.5% 1-sigma RSD (n=20, Kakanui kaersutite)' | 'FeO: 1.2% 1-sigma RSD (n=15, San Carlos olivine)'",,2026-08-11,standard x reported property,,Y,Y,Y,Y,,N,N,N,N,N,N,N,N,N,N,N,N,N,N,
Analytical Accuracy,"Offset between measured and accepted reference values for secondary standards, expressed as percent relative bias. Include reference material, reference value source, and per-analyte value.",Advanced,Basic,Text (free),"e.g., 'SiO2: +0.5% relative to GeoReM preferred value (Kakanui kaersutite)' | 'CaO: -1.2% relative to accepted value'",,2026-08-11,standard x reported property,,Y,Y,Y,Y,,N,N,N,N,"1-2% for Si, Al, Ca, Na, and K (based on feldspar standards run as unknowns)",N,N,N,N,N,N,N,N,N,
Counting Statistics Error,"Uncertainty predicted from counting statistics — the theoretical limit set by the Poisson distribution of the counts accumulated — for each reported quantity per analysis, with the sigma level stated. Derived from the counts on the analyte together with those on any background or blank subtracted from it. Distinct from the scatter actually observed within a measurement or between repeated measurements, which is recorded separately: where a procedure reports both, agreement indicates the measurement is shot-noise limited, and a larger observed scatter indicates a further source of variance.",Advanced,Basic,Text (free),"e.g., 'SiO2: +-0.04 wt% (1-sigma)' | 'Na2O: +-0.03 wt% (1-sigma)'",,2026-08-17,sample > sampling unit x reported property,,Y,Y,Y,Y,,N,N,N,N,N,N,N,N,N,N,N,N,N,N,
EDS Dead Time,"Percent dead time reported by the EDS detector during the session — the fraction of total acquisition time the detector spent processing rather than counting. EDS dead time correction is managed automatically by the detector electronics; this field documents the resulting percentage as a session QC metric. Values above ~40% indicate excessive count rate and may degrade spectral quality and quantitative accuracy. Unlike WDS dead time (see WDS Dead Time Correction), no user-selectable correction algorithm is required.",N/A,Basic,Numeric (%),"e.g., 10% | 25% | <40%",,2026-08-12,(none),,Y,Y,N,N,,N/A,N/A,N/A,N/A,N/A,N/A,N/A,N/A,N/A,N/A,N/A,N/A,N/A,N/A,
Goodness-of-Fit or Dispersion Statistic,"The statistic reported to show whether scatter among the contributing analyses exceeds what analytical uncertainty alone predicts, together with its value. Answers whether a reported aggregate is defensible as a single population. Procedure-level tier is N/A because the value cannot be known before the analysis; the procedure may still state an acceptance threshold, which belongs with the inclusion criteria.",N/A,Basic,Text (free),,Source: Aggregation module,2026-08-08,reported property,,Y,Y,Y,Y,,,,,,,,,,,,,,,,
Additional Notes,"Any procedure- or analysis-specific information not captured by a structured field anywhere in this TAPP — including anomalies, deviations from the registered procedure, instrument modifications, and supplementary context. Scope is the whole document, not Group 6: this is the last field of the TAPP and covers all six groups. Use sparingly; a structured field is preferred for anything that can be formally categorised.",Advanced,Advanced,Text (free),Free text,Source: Core module,2026-08-11,(none),,Y,Y,Y,Y,,"Ma et al. 2015, Earth Planet. Sci. Lett. — tissintite discovery paper (Tissint Mars meteorite). Instrument stated as ""JEOL 8200 electron microprobe"" (no JXA prefix). WDS explicitly stated (""WDS: 15 kV; 5 nA; beam in focused mode""). Point analysis only; no X-ray mapping reported. Probe for EPMA stated; CITZAF correction procedure (Armstrong 1995). Full standard suite with X-ray lines given. Detection limits: K=0.02, Cr=0.05, Mn=0.06 wt% from Table 1 footnote. Caltech GPS Division Analytical Facility.","Hu et al. 2020, Geochim. Cosmochim. Acta — coesite in NWA 8657 shergottite. JEOL JXA-8100 at IGGCAS; 15 kV, 10 nA; point analysis WDS only. Matrix correction: Bence-Albee (not PAP). Full primary standard suite stated (kaersutite, jadeite, bustamite, K-feldspar, rutile, Cr2O3). Mn Kα / Cr Kβ interference correction applied. Detection limits 0.01-0.06 wt% stated per element. Analytical software not stated.","Liu et al. 2016, Meteorit. Planet. Sci. — Tissint mineral chemistry. Protocol 1 of 2: University of Tennessee Cameca SX100. Same paper also uses Caltech GPS JXA-8200 (see Liu+2016_Cal column). Point analysis AND X-ray mapping performed at UT. Specific mapping: BSE + Ca/Al/Fe/Mg Ka maps (15 kV, 20 nA, step 8-12 µm). Olivine megacryst mapping (15 kV, 200 nA, step 2 µm, dwell ~0.5 s) described as ""using the EMP"" — instrument ambiguous (may be UT or Caltech instrument). Standards, matrix correction, and software not stated.","Liu et al. 2016, Meteorit. Planet. Sci. — Tissint mineral chemistry. Protocol 2 of 2: Caltech GPS Division JEOL JXA-8200. Point analysis only (no mapping attributed to Caltech instrument). Conditions stated jointly for UT and Caltech instruments. Standards, matrix correction, and software not stated for EPMA.","Ma et al. 2018, Meteorit. Planet. Sci. 53:50-61 (file dated 2017) — liebermannite (KAlSi3O8) discovery from Zagami. Instrument stated as ""JEOL 8200 electron microprobe"" (no JXA prefix in text). WDS explicitly stated (""WDS: 15 kV, 5 nA""). Probe for EPMA; CITZAF correction (Armstrong 1995) — NOT PAP. Full standard suite and X-ray lines stated. K-mapping by EPMA also performed (used for mineral identification) but mapping conditions (step size, dwell time, current) not stated. Na diffusion observed during analysis despite low 5 nA beam current. Detection limits stated (per-element wt% values). Analytical accuracy: 1-2% for Si, Al, Ca, Na, K (feldspar standards as unknowns). Caltech GPS Division Analytical Facility.","Frank et al. 2023, Meteorit. Planet. Sci. 58:1495-1511 — CAI in Ivuna CI chondrite. ARES NASA JSC. Instrument stated as ""Cameca SX100 electron microprobe at ARES, Johnson Space Center"" — NOT JEOL JXA-8530F as in v2 header. Accelerating voltage 20 kV (not 15 kV). Both point analysis (20 kV, 20 nA, 1 µm focused) and X-ray mapping performed. X-ray mapping described but conditions (step size, dwell time, mapping beam mode) N. WDS not explicitly stated. Matrix correction and background correction method N. Peak counting time 10-50 s. Primary standard suite fully documented. Secondary standards: USNM San Carlos olivine (Fo90); Kakanui kaersutite. Detection limits stated per element group.","Broussard et al. 2026, Meteorit. Planet. Sci. — OC002 CI chondrite links Bennu and Ryugu. Washington University in St. Louis. Instrument stated as ""JEOL JXA-8200 electron microprobe"" — NOT JXA-8230 as in v2 header. WDS explicitly stated (""wavelength-dispersive quantitative compositional mapping and analysis""). CITZAF matrix correction (Armstrong 1995) — NOT PAP or XPP. MAN background for most analytes; polynomial fit for F via LDE1 crystal. Both point analysis (15 kV, 25 nA) and quantitative stage mapping performed. O by stoichiometry from cations. F is the only explicitly named analyte in methods; full list N. EDS spectrometer present but not used for quantitative analyses. Smithsonian Microbeam standards as secondary QC. No peak counting time, beam diameter, detection limits, or interference corrections stated.","Seifert et al. 2026, Meteorit. Planet. Sci. — apatite in Bennu OSIRIS-REx samples. ARES NASA JSC. Instrument stated as ""JEOL 8530 EMPA at NASA JSC"" (no ""JXA"", no ""F"", no ""+"" suffix stated in paper). Analytical conditions: 15 kV, 20 nA, 2 µm probe size. Previous v2 values of 10/40-100 nA and 10 µm beam were WRONG — those were Durango apatite test conditions used to assess beam damage, not the actual protocol. Analytes: P, F, Cl, Ca, Mn, Fe, Na, Mg, Si, S. Apatite stoichiometry by Ketcham (2015) method (13-anion basis; OH by difference). Halogen correction on O: Yes. Primary standards: SrF2, albite, olivine, quartz, apatite, barite, tugtupite, rhodonite, ilmenite. Sample preparation: fragments embedded in epoxy, dry-polished, ion-polished (one mount), carbon coated. 14 total analyses performed.","Pang et al. 2016, Sci. Rep. 6:26063 — NWA 8003 eucrite, Nanjing University. JEOL JXA-8100 (stated as ""JEOL 8100""). WDS explicitly stated (""JEOL 8100 WDS""). ZAF matrix correction (NOT ""ZAF or PAP"" as in v2; paper states ZAF). Focused beam (20 nA) for most phases; defocused 2-5 µm for plagioclase and polymorphs. Natural and synthetic mineral standards (specific names N). Detection limit better than 0.02 wt% (as stated). Analytical software not stated.","McCoy et al. 2025, Nature 637:320-325 — Bennu evaporites. Protocol 1 of 2: Smithsonian Institution JEOL 8530 F+ Hyperprobe (Field Emission). Ir-coated specimens mounted on Ir-coated Parafilm. Carbonate analyses: 15 kV, 10 nA, 5 µm spot; LIFL (Fe,Mn), TAPL (Mg), PETL (Ca). Silicate/oxide analyses: 15 kV, 10 nA, 1 µm spot; broader standard suite. Both primary and secondary standard suites fully documented with USNM catalog numbers. Acquisition software and matrix correction method N. WDS not explicitly stated in text (crystal designations LIFL/TAPL/PETL confirm WDS use).","McCoy et al. 2025, Nature 637:320-325 — Bennu evaporites. Protocol 2 of 2: U. Arizona K-ALFAA Cameca SX-100. 20 nm carbon coat. WDS explicitly stated for phosphate analyses. Mg,Na phosphate analyses: 15 kV, 8 nA, 1 µm. Carbonate analyses at K-ALFAA also mentioned; conditions N. Full primary standard suite documented for phosphates and carbonates. Acquisition software and matrix correction method N.","Zega et al. 2025, Nat. Geosci. — mineralogical evidence for hydrothermal alteration of Bennu. K-ALFAA, University of Arizona. Instrument stated as ""SX-100 Ultra electron microprobe in the K-ALFAA"". IMPORTANT: v2 had ""no protocol details reported"" — this was WRONG. The paper provides detailed EPMA conditions: X-ray maps and BSE images: 15 kV, 20 nA. Silicates/sulfides/oxides: 15 kV, 20 nA, focused, 20 s peak, 10 s/bg each side. Phosphates: 15 kV, 8 nA, 2 µm defocused, 20 s peak, 10 s/bg each side. Carbonates: 15 kV, 4 nA, 2 µm, 10 s peak, 5 s/bg each side. Standards: ""well-characterized natural and synthetic materials"" (specific names N). Phase maps generated using XMapTools. WDS and matrix correction NOT explicitly stated in paper.","Barnes et al. 2025, Nat. Astron. — variety and origin of accreted materials in Bennu. Protocol 1 of 2: CRPG Nancy, JEOL JXA-8230. Instrument has 5 WDS spectrometers + 1 SDD EDS; per-analyte technique (WDS vs. EDS) not stated. Two analytical sessions: session 1 (no Na, K); session 2 (with Na, K). Counting times are stated as total peak + background combined: 200 ms for minor elements (Al, Ti, Ca, Mn, Cr) and 20 ms for major elements (Mg, Fe, Si) — unusually short, possibly per-pixel for fast mapping mode. Full primary standard suite stated with element assignments. Full per-element detection limits stated. Matrix correction method not stated. Sample preparation done at Université Côte d'Azur (not at CRPG). Beam current not stated for NHM protocol; 3 nA mentioned in text is for SEM-EDS (different instrument).","Barnes et al. 2025, Nat. Astron. — variety and origin of accreted materials in Bennu. Protocol 2 of 2: NHM London, CAMECA SX100. Stated instrument: ""CAMECA SX100 electron microprobe"". Target minerals: olivine and pyroxene (anhydrous silicates). 20 kV, 1 µm focused beam. Beam current not stated for EPMA (3 nA in text refers to SEM-EDS on separate Zeiss EVO instrument). Detection limits ~250 ppm for transition metals. Standards, matrix correction, WDS spectrometer details not stated. Analyte list not explicitly given; implied Si, Mg, Fe, Ca, Mn, Cr, Ni, Al, Ti from context. SEM-EDS at NHM is a separate instrument (Zeiss EVO 15LS + Oxford X-Max80) calibrated at 20 kV, 3 nA. Carbon coat: initial coat for SEM/EPMA (thickness N); additional coat to ~30 nm total was for subsequent SIMS, not EPMA.",
