Metadata Item,Description,Procedure-Level Tier,Analysis-Level Tier,Data Type,Example / Allowed Content,Comments,Last Update,Keyed By,Purpose,Literature Assessment,Desem+etal2022 | Nu Attom SC-SF-ICP-MS | Univ Melbourne,Li+etal2016 | Thermo Element I | IGGCAS Beijing,Lu+etal2007 | Finnigan ELEMENT | PML Okayama,Milne+etal2010 | Thermo Finnigan Element I | FSU NHMFL,Misra+etal2014 | Thermo Element XR | Univ Cambridge,Willbold2005 | ThermoFinnigan ELEMENT2 | MPI Mainz
1. Procedure Identification,,,,,,,,,,N,N,N,N,N,N,N
Procedure Name,"A short descriptive name for this analytical procedure, including a version number. Should identify the instrument, the technique, and the scope of what is measured — analyte, material, or feature.",Basic,Read-Only,Text (free),,Source: Core module,2026-07-24,(none),,,N,N,N,N,N,N
Technique,Top-level analytical technique identifier.,Basic,Read-Only,Controlled list,Solution SF-ICP-MS,Source: Core module,2026-06-16,(none),,,Solution SF-ICP-MS,Solution SF-ICP-MS,Solution SF-ICP-MS,Solution SF-ICP-MS,Solution SF-ICP-MS,Solution SF-ICP-MS
Procedure Author,Person(s) or laboratory responsible for developing and registering this procedure. ORCID recommended for individuals.,Basic,Read-Only,Text (free),,Source: Core module,2026-07-24,(none),,,N,N,N,N,N,N
Laboratory,Name of the laboratory or institution hosting the instrument.,Basic,Editable,Text (free),,Source: Core module,2026-06-16,(none),,,"University of Melbourne, Australia (affiliation)","Institute of Geology and Geophysics, Chinese Academy of Sciences (IGGCAS), Beijing (affiliation)","Pheasant Memorial Laboratory (PML), Okayama University (section 2.1.2)","National High Magnetic Field Laboratory (NHMFL), Florida State University (stated section 2.4)","Godwin Laboratory for Palaeoclimate Research, University of Cambridge (affiliation)","Max-Planck-Institut fuer Chemie (MPIC), Mainz, Germany (affiliation)"
Laboratory ID,"Persistent identifier for the laboratory (e.g., ROR ID).",Advanced,Editable,URI / DOI,,Source: Core module,2026-06-16,(none),,,N,N,N,N,N,N
Procedure Start Date,First date this procedure configuration was used in production.,Basic,Read-Only,Date,,Source: Core module,2026-07-24,(none),,,N,N,N,N,N,N
Funding Source for Procedure Development,"Grants and other funding sources that supported instrument acquisition, major upgrades, procedure development, and associated personnel time. Include grant numbers and funding agencies where applicable.",Advanced,Read-Only,Text (free),,Source: Core module,2026-07-24,(none),,,N,N,N,N,N,N
Procedure Reference(s),"DOI or URL for peer-reviewed publications or technical reports describing, validating, or benchmarking this procedure.",Advanced,Read-Only,URI / DOI,,Source: Core module,2026-07-24,(none),,,N,N,N,N,N,N
Procedure DOI,"DOI or unique persistent identifier for the registered procedure used in this analysis, generated upon procedure submission to a data repository. If a DOI has been applied for but not yet minted, enter ""pending"".",N/A,Basic,URI / DOI,,Source: Core module,2026-08-25,(none),Encourages formal procedure registration and ensures traceability.,,N/A,N/A,N/A,N/A,N/A,N/A
Session Identifier,"Identifier for the analytical session this record describes — the laboratory's own run, sequence or batch identifier as generated by the instrument or acquisition software. Distinct from any persistent identifier a repository mints on submission.",N/A,Basic,Text (free),,Source: Core module,2026-08-25,(none),"The analysis record corresponds to one session, which may cover several samples, and this is the link back to the raw instrument files.",,"N -- ""A typical session comprised analyses of up to 50 unknowns and 15 standards""; no session identifier stated",N,N,"N -- ""Each analytical session would begin and end with the analysis of a series of Mo standards (1-100 nM)""; ""an analysis sequence""; ""1 day's analysis""; ""three separate days of analyses"". No session or sequence identifier stated","N -- ""a single instrument session"" referenced; no session identifier stated",N
Analyst,Name(s) of the analyst(s) who performed the analysis session. ORCID is recommended for persistent identification.,N/A,Basic,Text (free),,Source: Core module,2026-08-25,(none),,,N/A,N/A,N/A,N/A,N/A,N/A
Analysis Start Date,"Date on which the analytical session began. For sessions spanning multiple days, use the date of the first session. Format: YYYY-MM-DD.",N/A,Basic,Date,,Source: Core module,2026-08-25,(none),,,N/A,N/A,N/A,N/A,N/A,N/A
Analysis End Date,Date on which the analytical session ended. May equal Analysis Start Date for single-day sessions. Format: YYYY-MM-DD.,N/A,Basic,Date,,Source: Core module,2026-08-25,(none),,,N/A,N/A,N/A,N/A,N/A,N/A
Funding Source for Analysis,"Grants and other funding sources that supported the specific sample analyses and data collection reported here. Include grant numbers and funding agencies. Distinct from procedure development funding, which may have been awarded years earlier.",N/A,Basic,Text (free),,Source: Core module,2026-08-25,(none),,,N/A,N/A,N/A,N/A,N/A,N/A
Coupled Technique(s),"Other analytical techniques applied to the same sample(s) whose results are intended to be interpreted together with data from this procedure. Document coupling with any technique whose results are functionally linked to this dataset — providing calibration inputs, complementary spatial context, or required companion measurements. Use the same controlled vocabulary as the Technique field. Enter ""None"" if no coupling is intended.",Advanced,Editable,Controlled list / Text,Solution MC-ICP-MS | TIMS | LA-ICP-MS | EPMA | Noble Gas MS | INAA | None | N/A,Source: Core module,2026-08-25,(none),,,Agilent 7700x Q-ICP-MS (used for Pb isotope comparison; stated section 2.4),N,"Agilent 7500cs Q-ICP-MS at PML (B, Zr, Nb, Mo, Sn, Sb, Hf, Ta on same samples; stated section 2.1.1)",N,N,N
Coupling Description,"Description of how this procedure is coupled with the technique(s) listed above. Include: (1) the functional relationship — what data or context flows between techniques, or how results are combined (e.g. which output from the coupled technique serves as input to data reduction for this technique); and (2) the analytical sequence — which technique is performed first and why (e.g. non-destructive before destructive). Required when Coupled Technique(s) is not ""None"".",Advanced,Editable,Text (free),,Source: Core module,2026-08-25,(none),,,Q-ICP-MS Pb isotope ratios compared with SF-ICP-MS values for validation; Q-ICP-MS showed higher uncertainties (stated section 2.4),N,"SF-ICP-MS (ELEMENT) measured Ti (47Ti, 49Ti) by ID; Q-ICP-MS (7500cs) measured all other elements; both on same digested solutions; stated section 2.1",N,N,N
Coupled Procedure DOI,"Registered procedure DOI for the coupled technique named above. If the coupled procedure has not yet been registered, enter the DOI of a publication describing the coupled method, or ""pending"". Enter ""None"" if no coupling is planned.",N/A,Advanced,URI / DOI,,Source: Core module,2026-08-25,(none),"Provides a stable, citable link to the companion method independent of whether a dataset has been deposited.",,N/A,N/A,N/A,N/A,N/A,N/A
Coupled Dataset or Publication Reference,"DOI or other persistent identifier for the co-registered dataset or publication where both datasets are reported together. Accepts: a dedicated dataset DOI (if separately deposited), a shared dataset DOI (if co-submitted in the same package), or a publication DOI. Use ""same submission"" if the coupled dataset is included in this data package, or ""pending"" if not yet assigned. If coupling is documented through a shared sample identifier only, that information is already captured in Sample Persistent Identifier (Group 2).",N/A,Advanced,URI / DOI / Text,,Source: Core module,2026-08-25,(none),,,N/A,N/A,N/A,N/A,N/A,N/A
2. Samples,,,,,,,,,,N,N,N,N,N,N,N
Target Material,General description of the material type(s) this procedure is designed to analyse.,Basic,Read-Only,Controlled list / Text,Basalt | Chondrite | Peridotite | Synthetic solution | N/A | None | Other: specify,Source: Core module,2026-08-25,(none),"Used for discoverability and procedure matching, and because the material type constrains sample preparation, calibration and matrix-matching requirements.",,Soil samples (sequential acid leach fractions; stated abstract),Magnetite and pyrite (mineral separates from skarn deposits; stated abstract),"Geological reference materials and carbonaceous chondrites (basalt, andesite, peridotite, chondrites; stated section 2.5)",Open-ocean seawater (stated abstract),Foraminifera calcite (benthic and planktonic species; stated abstract),"Geological reference materials (basalt, andesite, granite, shale, peridotite, NIST glass; stated Table 2)"
Sample Name,"Name or identifier of each sample analysed in this session, as used in the laboratory — a sample mount, section or aliquot counts as one entry where that is what the laboratory tracks. Should match the identifier used in associated publications or data tables.",N/A,Basic,Text (free),"e.g., 'Allende MS-1 digest A' | 'NWA 8657 aliquot 2' | 'BHVO-2 replicate 3'",Source: Core module,2026-08-25,defines: sample,The analysis record corresponds to one session and may cover several samples.,,"Soil and rock samples from boreholes BH1, BH2 (Sunbury), BH3, BH4 (Kalkallo), BH5 (Greenvale), BH6, BH (Wallan), incl. BH3a; reference materials BCR-2, BR, AGV-2, JB-2, JB-3, NIST SRM981, and Broken Hill Main Lode galena","mag_1, mag_3, mag_5, py_2, py_4; iron-formation reference material FER-2 (CCRMP, CANMET MMSL, Canada)","JB-1, JB-2, JB-3, JA-1, JA-2, JA-3, JP-1 (GSJ); BHVO-1, AGV-1, PCC-1, DTS-1 (USGS); Ivuna (CI1), Orgueil (CI1), Cold Bokkeveld (CM2), Allende (USNM 3529, Split 1, Pos. 23)","Open-ocean seawater reference materials SAFe S1, SAFe D2 and NASS-5; GEOTRACES inter-calibration samples GS (surface) and GD (deep); depth-profile samples from the BATS station, 31 deg 45' N, 64 deg 05' W, 23 June 2008","In-house consistency standards CAM-wuellerstorfi, CAM-Uvig-1, CAM-Uvig-2 and CAM-Mix; Globigerinoides sacculifer specimens of the 300-355 um size fraction","AGV-1, AGV-2, BCR-1, BCR-2, BCR-2G, BIR-1, BIR-1G, BHVO-1, BHVO-2, BHVO-2G, G-2, JR-1, KL2-G, ML3B-G, NIST SRM 612, OU-6, PCC-1 -- tabulated with issuing organisation and split/position numbers (e.g. BHVO-1 Split 15 Pos 26; G-2 Split 58 Pos 23)"
Sampling Unit,"The physical subdivision of the sample to which one row of reported values corresponds — the unit that is analysed and reported, as distinct from the sample as a whole. Where units nest (e.g. confined tracks within grains), state both levels.",Basic,Basic,Controlled list / Text,Whole sample | Aliquot | Grain | Spot | Analysis point | Phase | Sub-volume | Region of interest | N/A | None | Other: specify,Source: Core module,2026-08-25,defines: sampling unit,,,"Weighed split of a digest or leachate -- rock chips 0.05-0.24 g, soils 1-2.3 g; ""weighed splits taken for trace element and high-precision Pb isotope analysis by MC-ICPMS. At least 50% of each solution was retained for Pb isotope analysis by SC-SF-ICP-MS and Q-ICP-MS""; ""Small splits of the soil samples (TD, AR) were used for Pb isotope analysis on a Nu Instruments Attom""","Aliquot of the digest solution -- 50 mg FER-2 and ""approximately 100 mg of the studied mineral samples"" digested; ""a small aliquot sample solution was taken for column separation"", ""7.2 mg Fe in 10% aliquot of magnetite solution""; ""A 1.8 g sample solution (in 2 g of 10 M HCl) was weighed and loaded""","Weighed test portion -- ""Approximately 20 mg of basalt and andesite samples were weighed""; ""Approximately 50 mg for peridotites and approximately 10 mg for meteorites""; 9-18 mg for carbonaceous chondrites","12 mL sub-sample (aliquot) of an acidified seawater sample -- ""Acidified seawater samples ... were sub-sampled (12 mL) into clean 30 mL FEP Teflon bottles. The 12 mL aliquots were spiked""; ""standard additions ... were added to individual 12 mL sub-samples of the same sample""; ""Standard additions of Co and Mn were performed on a further four aliquots (1 mL) of the elution acid""","Dissolved foraminiferal test aliquot -- ""capable of analyzing small masses of calcite (5-10 mg), including single foraminifera specimens""; ""Leached samples were dissolved in a minimum volume of 1 M HNO3 (40-60 uL) ... centrifuged for 2 min at 10,000 rpm and the supernatant was used for Me/Ca analysis. A 5 uL aliquot ...""","Digestion, with determinations nested inside it -- ""Five independent analyses (different spikings/digestions) of BHVO-1 were carried out over a time period of 4 months. Triplicate determinations were performed for each digestion""; ""Only one digestion was prepared for the USGS reference glasses ... and were measured in triplicate"""
Sample Persistent Identifier,"Globally unique, persistent identifier for each sample listed in Sample Name. IGSN (International Geo Sample Number) is the recommended standard for geological and cosmochemical samples, as used by Astromat, EarthChem and SESAR. Where a sample and its sub-samples are separately registered, record the identifier at the level actually analysed.",Advanced,Advanced,URI / IGSN,,Source: Core module,2026-08-25,sample,,,N/A,N/A,N/A,N/A,N/A,N/A
Sample Description,"Brief description of sample provenance, form, or preparation state relevant to this analysis.",N/A,Basic,Text (free),,,2026-06-16,(none),,,N/A,N/A,N/A,N/A,N/A,N/A
Sample Preparation Method,"General approach to mechanical sample preparation prior to dissolution (e.g., whole-rock crushing and powdering, mineral separation). Documents how the solid material was conditioned before acid digestion.",Basic,Read-Only,Text (free),Whole-rock powder | Mineral separate | Dissolved residue | Pre-digested liquid | N/A | None | Other: specify,,2026-06-16,(none),,,Sequential acid leaching of bulk soil (TD and AR fractions; stated section 2.2),Mineral separates (~100 mg powder; stated section 2.3),Whole-rock powder (decomposed in TFM bomb; same as Q-ICP-MS portion; stated section 2.1.1),Open-ocean seawater; off-line pre-concentration using Toyopearl AF-Chelate-650M chelating resin (stated section 2.2),Foraminifera shells cleaned and dissolved in minimum 1 M HNO3 then diluted (stated section 2.4),Whole-rock powder (~100 mg; stated section on sample preparation)
Digestion Acid(s),"Acid mixture used for sample dissolution. Record acid type(s) and concentration(s) where known (e.g., concentrated HF–HNO3 in Parr bombs is standard for silicate dissolution).",Basic,Read-Only,Text (free),HF–HNO3 | HF–HNO3–HClO4 | HNO3–HCl | HNO3 only | Aqua regia | N/A | None | Other: specify,Source: Solution Introduction module,2026-08-25,preparation step,"For isotope-ratio work, complete matrix dissolution is required to avoid isotopic fractionation during partial dissolution.",,Aqua regia (AR fraction); HF-HNO3 for residue (stated section 2.2),Step 1: 6M HCl (1.5 ml) + 8M HNO3 (0.5 ml); Step 2: 10M HCl (1.5 ml) for re-dissolution; stated section 2.3.1,0.5 mol/l HF (same as Q-ICP-MS portion; stated section 2.1.1),N/A (seawater; pre-concentration by chelation; no acid digestion),1 M HNO3 (minimum volume for dissolution; stated section 2.4),HF (1-2 ml) + HNO3 (0.2 ml; stated sample prep section)
Digestion Vessel Type,Type of vessel used for acid digestion.,Basic,Read-Only,Text (free),Savillex beaker | Parr bomb | TFE/TFM bomb | Carius tube | HPA-S | Open beaker | N/A | None | Other: specify,Source: Solution Introduction module,2026-08-25,(none),"Vessel type constrains maximum temperature and pressure and determines suitability for refractory mineral dissolution (e.g., Parr bombs required for complete silicate digestion at high temperatures).",,N,15 mL Teflon capsule (stated section 2.3),TFM bomb (TFM-981; stated section 2.1.1),N/A (no digestion vessel; seawater pre-concentration),N/A (simple dissolution; stated section 2.4),"15 ml Savillex PFA beakers (non-refractory, hotplate); Parr bombs (refractory minerals; stated sample prep section)"
Number of Digestion Steps,"Total number of distinct acid digestion steps required to dissolve the sample. Some procedures require multiple sequential steps — for example, an initial open-beaker HF–HNO3 dissolution followed by a second closed-vessel step for residues retaining refractory minerals, or by an aqua regia reflux to destroy fluoride complexes.",Basic,Read-Only,Integer,1 | 2 | 3,Source: Solution Introduction module,2026-08-25,defines: preparation step,,,N,2 (step 1: 6M HCl + 8M HNO3 at 130 deg C / 48 h; step 2: evaporate + re-dissolve in 10M HCl; both steps explicitly described; stated section 2.3.1),N,N/A,1 (stated section 2.4),N
Digestion Temperature,Temperature at which acid digestion was carried out (°C).,Basic,Editable,Numeric (°C),"e.g., '90–120 °C (hotplate, Savillex beaker)' | '150–190 °C (Parr bomb, refractory phases)' | '220 °C (HPA-S)'",Source: Solution Introduction module,2026-08-25,preparation step,,,N,130 deg C (stated section 2.3),N,N/A,N/A (ambient dissolution; stated section 2.4),"130 deg C (hotplate, non-refractory); 180 deg C (Parr bomb, refractory; stated sample prep section)"
Digestion Duration,Duration of the primary acid digestion step (hours or days).,Basic,Editable,Text (free),"e.g., '12 h' | '24 h' | '48 h (refractory accessory phases)' | '3 days (multi-step with intermediate dry-down)'",Source: Solution Introduction module,2026-08-25,preparation step,,,N,48 h (stated section 2.3),N,N/A,N/A,"12 h (non-refractory, hotplate); 7 days (refractory, Parr bomb; stated sample prep section)"
Final Solution Matrix,"Acid type and concentration of the final dissolved sample solution introduced to the instrument. For isotope-ratio procedures, match acid molarity precisely between samples and bracketing standards. Procedures targeting HFSE may add trace HF to the final solution to keep those elements in solution.",Basic,Read-Only,Text (free),2% HNO3 | 3% HNO3 | 2% HNO3 + trace HF | 6M HCl (intermediate) | N/A | None | Other: specify,Source: Solution Introduction module,2026-08-25,(none),Directly affects instrument response and ion transmission. Mismatched molarity introduces matrix-induced mass bias offsets.,,2% HNO3 + 1 ppb Tl (stated section 2.3),2% HNO3 + 5 ng/ml Rh (stated section 2.3),N (HF-based; same as Q-ICP-MS; stated section 2.1.1),1.0 M HNO3 (trace elements eluted from chelating resin in 1 mL; stated section 2.2),0.1 M HNO3 + 0.3 M HF (Table 1),"0.4 mol/l HNO3 (dilution factor ~21000 for LR, ~1000 for HR; stated sample prep section)"
Sample Aliquot Mass or Volume,Mass (mg) of solid material digested or volume (mL) of liquid taken for dissolution.,Advanced,Editable,Numeric (mg or mL),"e.g., '50 mg (whole-rock silicate)' | '25 mg (mass-limited meteorite)' | '100 mg (low-abundance trace elements)' | '1–5 mL (aqueous sample)'",Source: Solution Introduction module,2026-08-25,sample,Used for yield calculations and concentration back-calculation.,,N,~100 mg mineral powder (stated section 2.3),N,12 mL seawater (stated section 2.2),1-2 mg foraminifera shells (stated section 2.4),~100 mg (stated sample prep section)
Chromatographic Separation Applied,"Whether chromatographic separation of element groups (e.g., using ion exchange resin) was performed prior to analysis. Record resin type and elution matrix conditions if applied. Record 'None' if the direct digestion solution is analyzed.",Basic,Read-Only,Controlled list,Anion exchange resin (HCl) | Cation exchange resin | AG1-X8 (HBr) | None | N/A | Other: specify,Source: Solution Introduction module,2026-08-25,(none),"Separation may be required to remove matrix elements that cause variable mass bias, to eliminate isobaric interferences, or to isolate an element group before measurement (e.g., Fe and Cu–Zn for isotope dilution, Hf separation from REE, removal of Cr and Ni from Fe fractions). It is usually mandatory for isotope-ratio procedures and optional for concentration measurement.",,None (Pb separation performed for MC-ICP-MS only; SF-ICP-MS uses unseparated leachate with Tl addition; stated section 2.3),AG1-X8 anion exchange resin + TRUspec resin (stated section 2.3.2),None (direct analysis of 0.5 mol/l HF solution; stated section 2.1.2),Toyopearl AF-Chelate-650M chelating resin (pre-concentration from seawater; stated section 2.2),None (direct dissolution analysis; stated section 2.4),None (direct analysis; stated section on instrumentation)
Isotope Dilution Spike,"Isotopic spike material added to the sample before or during digestion for isotope dilution (ID) analysis or double-spike mass bias correction. For double-spike procedures, add and equilibrate the spike before digestion. For concentration ID, the spike must be added before digestion for complete equilibration. Record spike name or certificate reference, spike isotopes, and whether added pre- or post-digestion. Record 'None' if ID or double-spike technique is not used.",Basic,Read-Only,Text (free),Mixed multi-element spike | Single-element spike | None | N/A | Other: specify,Source: Solution Introduction module,2026-08-25,(none),Spiking before digestion corrects for isotopic fractionation during dissolution and column chemistry.,,"None (Tl added for mass fractionation correction only, not ID)",None (external calibration used; stated section 2.3),N (Ti measured by ID; spike isotope not stated; stated section 2.1.2),"57Fe, 62Ni, 65Cu, 68Zn, 111Cd, 207Pb enriched isotope spikes (stated Table 1)",None,"Multi-element spike (MES; enriched isotopes of Rb, Sr, Y, Zr, Nb, Cs, Ba, REE, Hf, Pb, Th, U; stated section on instrumentation)"
3. Instrument & Software,,,,,,,,,,N,N,N,N,N,N,N
Instrument Manufacturer,"Manufacturer of the instrument that performs the measurement, recorded as a controlled value. Where a procedure couples a sample-introduction system to an analysing instrument, this records the analysing instrument. Instrument Model gives the specific designation.",Basic,Read-Only,Controlled list,Thermo Fisher Scientific | Agilent | PerkinElmer | Nu Instruments | Analytik Jena | Shimadzu | Other: specify | Unknown | N/A | None,Source: Core module,2026-08-25,(none),Recording it as a controlled value lets procedures be found by vendor.,,"Nu Instruments -- ""a Nu Instruments Attom SC-SF-ICP-MS""","Thermo Fisher Scientific -- ""An Inductively Coupled Sector Plasma Mass Spectrometer (Element I, ThermoFisher, USA)""","Thermo Fisher Scientific -- ""(b) ICP-SFMS, Finnigan ELEMENT""; stated as ""Finnigan ELEMENT"", the pre-Thermo brand name","Thermo Fisher Scientific -- ""a Thermo-Finnigan Element I (E1) HR-ICP-MS""; ""Instrument ThermoFinnigan Element1""","Thermo Fisher Scientific -- ""a Thermo Element XR, a single collector sector field high resolution inductively coupled plasma mass spectrometer""","Thermo Fisher Scientific -- ""a ThermoFinnigan ELEMENT2 mass spectrometer"""
Instrument Model,"Model designation of the instrument that performs the measurement, including any generation or configuration suffix. Conventionally written with the manufacturer name included; Instrument Manufacturer records the vendor separately, as a controlled value, so that procedures remain findable by vendor.",Basic,Read-Only,Text (free),Thermo Element 2 | Thermo Element XR | Nu Instruments Attom HR | Nu Instruments AttoM ES | N/A | None | Other: specify,Source: Core module,2026-08-25,(none),,,Nu Instruments Attom SC-SF-ICP-MS (stated section 2.3),Thermo Fisher Element I HR-ICP-MS (stated Table 1),Finnigan ELEMENT sector-field ICP-MS (stated section 2.1.2),Thermo Finnigan Element I (E1) HR-ICP-MS (stated section 2.4),Thermo Element XR single-collector SF-ICP-MS (stated section 2.3),ThermoFinnigan ELEMENT2 (stated section on instrumentation)
ICP-MS Type,Type of sector-field ICP-MS system. Single-collector sector-field instruments use a magnetic sector combined with an electrostatic analyser to achieve high mass resolution through physical separation of ion beams.,Basic,Read-Only,Controlled list,Single-collector sector-field (SF-ICP-MS) | N/A | None | Other: specify,,2026-08-11,(none),,,Single-collector sector-field (SF-ICP-MS),Single-collector sector-field (SF-ICP-MS),Single-collector sector-field (SF-ICP-MS),Single-collector sector-field (SF-ICP-MS),Single-collector sector-field (SF-ICP-MS),Single-collector sector-field (SF-ICP-MS)
Instrument Serial Number or Lab Identifier,Serial number or laboratory-internal identifier for the specific instrument unit.,Advanced,Editable,Text (free),,Source: ICP-MS module,2026-08-25,(none),Supports traceability to instrument service records.,,N,N,N,N,N,N
Torch Type,"Type of plasma torch used (e.g., standard quartz, high-matrix, low-flow).",Advanced,Read-Only,Text (free),Standard quartz | High-matrix | Low-flow | N/A | None | Other: specify,,2026-06-16,(none),,,N,N,Quartz glass torch with sapphire injector (stated Table in section 2.1.2),N,N,N
Interface Cone Configuration,Geometry and designation of the sampler and skimmer cones installed during analysis. Some SF-ICP-MS instruments offer multiple cone geometries that differ in aperture size and affect ion transmission efficiency and matrix tolerance.,Basic,Read-Only,Text (free),Ni sample cone + standard Ni skimmer | Ni sample cone + Ni H-skimmer | Al sample cone + Al skimmer | N/A | None | Other: specify,,2026-06-16,(none),,,N,1.1 mm Ni sampler + 0.8 mm Ni skimmer (Table 1),1 mm Ni sampler + 0.8 mm Ni skimmer (stated Table in section 2.1.2),Ni/Cu sampler (Spectron Inc.) + Ni skimmer (Spectron Inc.; Table 2),Pt-normal sampler + Pt-H skimmer (Table 1),1.0 mm Ni sampler + 0.5 mm Ni skimmer (Table 3)
Sampler and Skimmer Cone Material,Material composition of the sampler and skimmer cones. Nickel (Ni) is standard for most aqueous matrices. Aluminium (Al) cones are used in some SF-ICP-MS labs for enhanced sensitivity at high resolution. Platinum (Pt) is used for HCl-rich matrices.,Advanced,Read-Only,Text (free),Ni sampler and Ni skimmer | Al sampler and Al skimmer | Pt sampler and Pt skimmer | N/A | None | Other: specify,,2026-06-16,(none),,,N,Ni sampler and Ni skimmer (Table 1),Ni sampler and Ni skimmer (stated Table in section 2.1.2),Ni/Cu sampler and Ni skimmer (Table 2),Pt sampler and Pt skimmer (Table 1),Ni sampler and Ni skimmer (Table 3)
Torch Depth,"Distance between the load coil and the sampling cone tip (mm), also called injector depth or torch position depending on the instrument manufacturer.",Advanced,Editable,Text (free),5 mm | Standard position (manufacturer default) | N/A | None,Source: ICP-MS module,2026-08-25,(none),"Affects ion transmission efficiency, oxide formation, and doubly-charged species production.",,N,N,N,N,N,N
Guard Electrode,"Whether a guard electrode (grounded shield electrode) is installed and active on the torch assembly. Capacitively decouples the plasma from the load coil, reducing secondary discharge and improving ion extraction efficiency. Actively used as a design feature on Thermo Element 2 and Element XR instruments.",Basic,Read-Only,Controlled list,On | Off | Not installed | N/A | None | Other: specify,,2026-08-11,(none),,,N,N,N,N,N,N
Mass Resolution Setting,"Mass resolution mode(s) used in this procedure. Sector-field instruments allow selection of low resolution (LR; m/Δm ≈ 300–400), medium resolution (MR; m/Δm ≈ 2500–5000), or high resolution (HR; m/Δm ≈ 10,000). Multi-resolution procedures assign individual analytes to specific modes (documented in Group 4 under Mass Resolution Assignment). Procedure registers the mode(s) in use; analyst confirms at session start.",Basic,Editable,Text (free),LR only (m/Δm ≈ 300) | LR+MR | LR+MR+HR | MR only (m/Δm ≈ 2500) | N/A | None | Other: specify,,2026-08-12,(none),,,N (Nu Attom uses deflector peak jump; no LR/MR/HR designation stated; stated section 2.3),N,MR (M/Delta-m = 3000; stated section 2.1.2),LR (R ~300) and MR (R ~4000; stated section 2.4),LR and MR (stated Table 1 and section 2.3),LR (M/Delta-m = 300) and HR (M/Delta-m = 11000; stated section on instrumentation)
Detector Configuration,"Type(s) of detector(s) installed in the mass spectrometer and the detection mode(s) used. SF-ICP-MS instruments typically use a single SEM. Some instruments (e.g., Thermo Element XR) support triple mode: pulse counting for low signals, analog for mid-range signals, and Faraday cup for high signals. The cross-calibration correction between detector modes is documented in Group 5.",Basic,Read-Only,Text (free),"Single SEM, dual mode (pulse counting + analog) | Single SEM, triple mode (pulse counting, analog, Faraday) | Single SEM, pulse counting only | N/A | None | Other: specify",,2026-06-16,(none),,,Single SEM; deflector peak jump mode for Pb isotopes (stated section 2.3),"Single SEM, pulse counting only (stated Table 1: counting mode)","Single SEM, pulse counting (stated section 2.1.2)","Single SEM, dual mode (stated section 2.4)","Single SEM, dual mode (pulse counting + analog; fixed per analyte; Table 1)",N
Nebulizer Type,Type and material of the pneumatic nebulizer used for sample introduction.,Basic,Read-Only,Text (free),PFA MicroFlow | Meinhard | Micromist | PFA-ST | N/A | None | Other: specify,Source: Solution Introduction module,2026-08-25,(none),Affects droplet size distribution and sample introduction efficiency.,,Glass Expansion glass nebulizer (stated section 2.3),N,"Micro-flow PFA nebulizer PFA-20 (ESI, USA); self-aspiration (stated Table in section 2.1.2)",PFA microflow PFA-100 (Elemental Scientific; Table 2),ESI 50 uL microconcentric nebulizer; self-aspirating (Table 1),ESI microconcentric Teflon nebulizer (stated section on instrumentation)
Spray Chamber Type and Cooling Temperature,Type of spray chamber and cooling temperature if thermostatted (°C).,Basic,Read-Only,Text (free),Scott double-pass (glass) | Scott double-pass (PFA) | Cyclonic at 7°C | Cinnabar cyclonic at 7°C | N/A | None | Other: specify,Source: Solution Introduction module,2026-08-25,(none),Chamber type and temperature control aerosol droplet size and the solvent vapor load reaching the plasma. In some procedures a spray chamber is placed downstream of a desolvating nebulizer to improve signal stability.,,Glass Expansion cyclonic spray chamber (stated section 2.3),N,"Scott double-pass, uncooled, Teflon (stated Table in section 2.1.2)",PFA Teflon Savillex 100 mL with internal baffle (Table 2),Teflon Scott-type single-pass (Savillex PFA; Table 1 footnote),ESI Teflon spray chamber (stated section on instrumentation)
Desolvation System,Desolvating nebulizer or membrane desolvator used upstream of the plasma to reduce solvent load. Record 'None' if not used.,Advanced,Read-Only,Controlled list,Aridus I | Aridus II | Apex Q | Apex IR | Apex HF | None | N/A | Other: specify,Source: Solution Introduction module,2026-08-25,(none),"Lowers oxide production rates and increases sensitivity, and is commonly used for low-abundance analytes or small sample sizes. Note the trade-off: desolvation can introduce additional instrumental mass bias instability relative to wet plasma introduction.",,N,N,None,None,None,None
Sample Uptake Rate,Peristaltic pump speed or self-aspiration flow rate for sample introduction (µL/min or mL/min).,Basic,Editable,Numeric (µL/min or mL/min),"e.g., '50–100 µL/min (self-aspirating PFA nebulizer)' | '200–400 µL/min (micro-flow, peristaltic)' | '1 mL/min (conventional concentric)'",Source: Solution Introduction module,2026-08-25,(none),,,0.33 ml/min (stated section 2.3),200 uL/min (Table 1),Self-aspiration; uptake time 60 s (stated section 2.1.2); volumetric flow rate N,150 uL/min (Table 2),50 uL ESI nebulizer; uptake time 70 s (Table 1); volumetric flow rate N,~100 uL/min (Table 3)
Acquisition Software,"Instrument control, automation and data acquisition software used to collect the raw data, including version number. Distinct from Data Processing Software(s), which covers everything applied to the data after acquisition.",Basic,Editable,Text (free),,Source: Core module,2026-08-25,(none),,,N,N,N,N,N,N
Data Processing Software(s),"All software applied to the data after acquisition in order to produce the reported quantities, including version numbers. List every package used. Distinct from Acquisition Software, which controls the instrument and collects the raw data.",Basic,Editable,Text (free),,Source: Core module,2026-08-25,(none),,,N,N,N,N,N,N
4. Measurement Information,,,,,,,,,,N,N,N,N,N,N,N
Analytical Mode,Primary analytical mode(s) executed under this procedure. Records one value for a single-mode procedure and all applicable modes for a multi-mode one. Applies even where a procedure defines no mode flag columns.,Basic,Read-Only,Controlled list,Solution nebulisation (continuous) | Flow injection,Source: Core module,2026-08-25,(none),"Serves as the procedure-level declaration of measurement type, distinct from the mode flag columns, which state per-field applicability. Ensures every procedure record is self-describing and comparable across the library.",,"Solution nebulisation (continuous) -- ""The Attom was operated with a Glass Expansion cyclonic spray chamber and glass nebulizer (uptake rate 0.33 ml/min)""; ""both operated in wet plasma mode""; ESI SC-2 DX autosampler","Solution nebulisation (continuous) -- ""Sample uptake rate 200 uL min-1""; ""The components of the sample introduction system: nebulizer, spray chamber, torch, and the cones"" [sec 2.1]","Solution nebulisation (continuous) -- stated in the acquisition parameters: ""Middle resolution 50 s with 30 scans (continuous nebulization)""","Solution nebulisation (continuous) -- ""Nebuliser PFA microflow (PFA-100), Elemental Scientific""; ""Nebuliser sample uptake rate 150 uL min-1""; ""Autosampler CETAC ASX-100"". The flow-injection manifold of sec 2.2 is the offline pre-concentration step, not the ICP-MS introduction: ""prevented the online coupling of the flow injection system directly to an ICP-MS"" [sec 2.3]","Solution nebulisation (continuous) -- ""a Teflon Scott type (single pass) spray chamber was constructed""; ""we used a platinum injector (1.8 mm I.D.)""; ESI nebulizer","Solution nebulisation (continuous) -- ""The ELEMENT2 was equipped with an ESI microconcentric Teflon nebuliser (flow rate ca. 100 ul min-1) and an ESI Teflon spray chamber""; ""Sample uptake rate ca. 100 ul min-1"""
RF Power,Radiofrequency forward power applied to the plasma (W). Controls ionization efficiency and oxide production rates.,Basic,Editable,Numeric (W),1200 | 1300 | 1350 | 1550,,2026-06-16,(none),,,N,1300 W (Table 1),1.1 kW (stated Table in section 2.1.2),1300 W (Table 2),1250 W (Table 1),1235 W (Table 3)
Coolant (Plasma) Gas Flow Rate,Flow rate of the outer (coolant) argon gas stream (L/min). Influences plasma temperature and oxide ion formation.,Basic,Editable,Numeric (L/min),13–16 L/min,,2026-06-16,(none),,,N,14.6 L/min (Table 1),14 L/min (stated Table in section 2.1.2),13 L/min (Table 2),N,15 L/min (Table 3)
Auxiliary Gas Flow Rate,Flow rate of the intermediate (auxiliary) argon gas stream between torch body and injector tube (L/min).,Basic,Editable,Numeric (L/min),0.8–1.1 L/min,,2026-06-16,(none),,,N,0.96 L/min (Table 1),1.2 L/min (stated Table in section 2.1.2),1.05 L/min (varied and optimized daily; Table 2),N,0.9 L/min (Table 3)
Nebulizer Gas Flow Rate,Flow rate of the carrier argon gas delivered through the nebulizer (L/min).,Basic,Editable,Numeric (L/min),0.8–1.1 L/min,Source: Solution Introduction module,2026-08-25,(none),Controls aerosol transport and strongly influences signal sensitivity and stability.,,N,0.90 L/min (sampling gas; Table 1),0.90 L/min (stated Table in section 2.1.2),1.2 L/min (varied and optimized daily; Table 2),N,1.0 L/min (sample gas; Table 3)
Make-up Gas and Flow Rate,"Supplementary gas added to the sample-carrying stream between the sample introduction system and the plasma, with its identity and the procedure-registered target flow rate. Record any small nitrogen or hydrogen addition with its own flow, whose unit commonly differs from the make-up flow. Record 'None' explicitly where no supplementary gas is added, to distinguish it from not reported.",Advanced,Editable,Numeric (L/min) / Text,"e.g., '0.25 (Ar, no desolvator fitted)' | '0.85 Ar + 4 ml/min N2 (sensitivity enhancement)' | 'None'",Source: ICP-MS module,2026-08-25,(none),"Argon make-up is standard and maintains total gas delivery where the carrier flow alone is insufficient — downstream of an ablation cell, or of a desolvation system that has removed solvent load. Small nitrogen or hydrogen additions enhance sensitivity for some elements.",,N/A,N/A,N/A,N/A,N/A,N/A
Plasma Thermal Mode,"Whether the ICP plasma is operated under cool plasma or normal (hot) plasma conditions. Normal plasma (>1000 W RF) is standard for most solution SF-ICP-MS analyses. Cool plasma (≤900 W RF) reduces argide-based interferences (e.g., 40Ar12C+ on 52Cr) at the cost of reduced sensitivity and ionization efficiency for most elements.",Basic,Read-Only,Controlled list,Normal plasma | Cool plasma | Mixed: specify | N/A | None | Other: specify,,2026-06-16,(none),,,N,Normal plasma (1300 W; Table 1),Normal plasma (1.1 kW; stated section 2.1.2),Normal plasma (1300 W; Table 2),Normal plasma (1250 W; Table 1),Normal plasma (1235 W; Table 3)
ICP Tuning,"Description of the approach used to optimise ICP plasma conditions prior to analysis, including the reference material used for tuning and the acceptance criteria (e.g., oxide production threshold, sensitivity targets, mass calibration).",Advanced,Editable,Text (free),"e.g., 'Daily tune on 5 ng/ml Be-Rh-U to maximise sensitivity across the mass range; CeO+/Ce+ <2 permil' | 'Tuned to ~1000 kcps/ppb Pb while maintaining flat-topped peaks' | 'Optimised on 11B, 115In and 175Lu, with 2.5x10^6 cps/ppb on 115In set as an operational criterion; medium-resolution tune on 56Fe for separation from 40Ar16O'",Source: ICP-MS module,2026-08-25,(none),,,"""The instrument was tuned to provide ~1000 kcps/ppb Pbtotal while maintaining flat-topped peaks""","""The instrument was tuned using a 5 ng mL-1 solution containing Be, Rh and U in order to maximize the sensitivity covering the low-mid-high mass range. MO+/M+ ratios measured for Ce under the routine experiment conditions maintained at less than 2 permil""","Partially -- an oxide acceptance criterion is registered in the operating conditions, ""Oxide forming rate <1% (CeO+/Ce+)""; no tuning solution or tuning procedure stated","""At the start of each day, prior to any sample analysis, the instrument was first tuned to produce maximum sensitivity and stability while also maintaining low oxide formation ... using a 5ppb solution of In""; ""Further tuning using a 5ppb solution of Fe in the medium resolution mode ensured maximum separation of the 56Fe peak from the 40Ar16O peak""; oxide formation ""typically below 5%"", above 10% causing problems","""Instrumental sensitivity was optimized on 11B, 115In, and 175Lu"", with sensitivities ""set as operational criteria""; ""in medium resolution tuning, the instrument was optimized on 56Fe to achieve a mass resolution""",N
Instrument Warm-up / Session Duration Limit,"Minimum warm-up time required after plasma ignition before analyses begin, and any maximum session duration enforced to maintain stable operating conditions.",Advanced,Read-Only,Text (free),"e.g., '>=1 h warm-up after plasma ignition' | 'Instrument conditioned with a matrix-matched solution before the first sample; no session duration limit'",Source: ICP-MS module,2026-08-25,(none),,,N,N,N,N,"Partially -- ""The instrument was conditioned with a 10 [ppb solution]"" before analysis, and detector mode was ""kept fixed through the entire run to avoid detection mode switch induced changes in sensitivity"". No warm-up time or session duration limit stated",N
Instrument Sensitivity,"Instrument sensitivity achieved in the session, with the isotope or channel it was measured on and the conditions it applies to. May be expressed either as detected signal per unit concentration or per unit mass of analyte delivered — counts per second per ppb, volts per ppm, counts per picogram — or as useful yield, the percentage of sampled atoms ultimately detected as ions, with the method used to derive it cited. A sensitivity the procedure requires before analyses may begin belongs with the tuning acceptance criteria.",N/A,Advanced,Numeric + unit / Text,"e.g., '572 V/ppm total Zr' | '~2.5 x 10^6 cps/ppb on 115In' | '0.04 count pg-1 ml (111Cd)' | '0.1% useful yield' | 'N/A'",Source: ICP-MS module,2026-08-25,channel,"Useful yield is the more comparable of the two wherever the amount of material consumed varies between procedures, as it does with spot size, fluence and repetition rate.",,"""tuned to provide ~1000 kcps/ppb Pbtotal""",N,N,"""~5000 cps nM-1"" for Co and ""~3100 cps nM-1"" for Mn from standard additions, highest observed 3560 cps nM-1; ""Observed count rates for this solution were in general ~1,000,000 cps"" for a 5 ppb In solution","""a typical sensitivity of ~2.5 x 10^6 cps/ppb on 115In""; per-matrix sensitivity for 1 ppb 11B and 1 ppb 115In tabulated across spray chamber, injector and acid matrix combinations",N
Analyte,"The chemical species this procedure is designed to determine, recorded at whatever resolution the chemistry is resolved — element(s) for this technique; valence species where a procedure resolves oxidation state; compounds where it resolves molecules. Isotopes are not analytes: isotopes of an element are the same chemical species. The subset actually measured may be narrower than the registered suite where species were excluded due to interferences or scope reduction.",Basic,Editable,Text (free),,Source: Analyte module,2026-08-25,defines: analyte,,,"Pb isotopes (204Pb, 206Pb, 207Pb, 208Pb) with mass fractionation monitors 202Hg, 203Tl, 205Tl (stated section 2.3)","Trace elements: REEs, Cr, Co, Ni, Cu, Zn, Li, Rb, Sr, Cs, Ba (stated section 2.3.2)","Ti (47Ti, 49Ti) with Nb (93Nb) as ID-IS; stated section 2.1.2","Mn (55Mn), Fe (57Fe), Co (59Co), Ni (62Ni), Cu (65Cu), Zn (68Zn), Cd (111Cd), Pb (207Pb) in seawater (stated Table 1)","Li, B, Na, Mg, Al, Mn, Fe, Zn, Sr, Cd, Ba, U as Me/Ca ratios in foraminifera (stated section 2.3)","26 trace elements: Rb, Sr, Y, Zr, Nb, Cs, Ba, La, Ce, Pr, Nd, Sm, Eu, Gd, Tb, Dy, Ho, Er, Tm, Yb, Lu, Hf, Ta, Pb, Th, U (stated Table 2)"
Reported Variables and Units,"The final variable(s) this procedure reports and their units — distinct from the fields recording what was *acquired* rather than what is reported. Record every reported variable, including intermediate quantities reported alongside final ones (e.g. both the 206Pb/238U ratio and the 206Pb/238U date). Where a reported variable is a nominal property with no magnitude (e.g. a mineral identification), record the variable and give the unit as 'N/A — nominal property'.",Basic,Read-Only,Text (free),"e.g., 'Element concentration (ppm); oxide (wt%)' | 'd56Fe (permil vs IRMM-014); d57Fe (permil vs IRMM-014)' | '206Pb/238U date (Ma); 207Pb/206Pb date (Ma)' | 'Mineral identity (N/A — nominal property); match score (0-1)'",Source: Core module,2026-08-25,defines: reported property,A procedure may acquire many channels and report a small number of derived quantities; without this field a data consumer cannot tell which.,,"206Pb/204Pb, 207Pb/204Pb, 208Pb/204Pb, 207Pb/206Pb, 208Pb/206Pb -- dimensionless isotope ratios","Mass fractions of Li, Be, Sc, Cr, Co, Ni, Cu, Zn, Rb, Sr, Ge, Cs, Ba, Y and the REE; detection limits in ng mL-1 [Table 2]. Concentration unit is not stated in the Table 4 header",Ti and Nb mass fractions by ICP-SFMS (ug g-1); TiO2 also reported; detection limits in solution (ng g-1) and in rock (ug g-1) [Table 2b],"Dissolved Mn, Fe, Co, Ni, Cu, Zn, Cd and Pb concentrations in nM","B/Ca and Me/Ca (Li, Mg, Al, Sr, Cd, Ba, U in low resolution; Na, Mn, Fe, Zn in medium resolution) in umol/mol and mmol/mol","Trace element mass fractions in ug g-1 -- Eqs (1) and (2) both return ""ug g-1""; limits of detection as rock equivalents in ng g-1"
Monitored Masses,"Specific masses monitored in this procedure, grouped by the analyte element they serve where they serve one. Covers atomic isotopes and, where a reaction cell shifts an analyte onto a different mass, the product mass actually measured. Includes interference-monitor and internal-standard masses, which serve no analyte and so have no parent element. The analyte list is given by the Analyte field and is never inferred from the element symbols appearing here.",Basic,Read-Only,Text (free),71Ga | 109Ag | 115In | 205Tl | 209Bi | N/A | None | Other: specify,,2026-08-17,defines: channel per analyte,,,"202Hg, 203Tl, 204Pb, 205Tl, 206Pb, 207Pb, 208Pb (stated section 2.3)",N,"47Ti, 49Ti, 93Nb (stated section 2.1.2)","55Mn, 57Fe, 59Co, 62Ni, 65Cu, 68Zn, 111Cd, 207Pb (Table 1)","LR: 7Li, 11B, 25Mg, 27Al, 43Ca, 87Sr, 111Cd, 137Ba, 238U; MR: 23Na, 43Ca, 55Mn, 56Fe, 66Zn (Table 3)",N (Table 2 lists elements without specific mass numbers)
Mass Resolution Assignment,"Mass resolution mode assigned to each acquired mass. The selected resolution determines which polyatomic interferences are physically resolved by the magnetic sector. One analyte may be acquired at more than one resolution, so the assignment is per acquired mass rather than per element. The overall mode(s) used in the procedure are recorded in Mass Resolution Setting (Group 3).",Basic,Read-Only,Text (free),"LR: Ag, Cd, Sb, Tl, Bi; MR: Ga, Ge, Mo, In, Sn, W | All MR (m/Δm ~2500) | N/A | None | Other: specify",,2026-08-12,channel,,,N (Nu Attom uses deflector peak jump; resolution mode not stated in LR/MR/HR terms),N,"MR (M/Delta-m = 3000) for all analytes: 47Ti, 49Ti, 93Nb (stated section 2.1.2)","MR (R ~4000): 55Mn, 57Fe, 59Co, 62Ni, 65Cu, 68Zn; LR (R ~300): 111Cd, 207Pb (stated section 2.4)","LR: 7Li, 11B, 25Mg, 27Al, 43Ca, 87Sr, 111Cd, 137Ba, 238U; MR: 23Na, 43Ca, 55Mn, 56Fe, 66Zn (Table 3)","LR (M/Delta-m = 300): Rb, Sr, Y, Zr, Nb, Cs, Ba, La-Nd, Hf, Ta, Pb, Th, U; HR (M/Delta-m = 11000): Eu, Gd, Tb, Dy, Ho, Er, Tm, Yb, Lu (stated section on instrumentation)"
E-scan Range,"Electric scan range used for peak acquisition, expressed as percentage of the centre mass (%). Varies the accelerating voltage to cover masses in the vicinity of the set magnetic mass without re-scanning the magnet. Record 'N/A' if E-scan acquisition mode is not used.",Advanced,Read-Only,Numeric (%),15% | 10%,,2026-08-12,(none),,,"N/A (Nu Attom uses deflector peak jump, not E-scan)",N,N,N,N,N
Triple Scanning Mode,Whether each mass peak is scanned three times per cycle and the results averaged (Y/N). Used to reduce noise from short-term magnetic field instabilities on sector-field instruments. Triple scanning affects the effective integration time per cycle and should be reported. Record 'N/A' if not applicable to the instrument.,Advanced,Read-Only,Controlled list,Y | N | N/A | None | Other: specify,,2026-08-12,(none),,,N/A (Nu Attom instrument; not applicable),N,N,N,N,N
Dwell Time per Mass,Integration time spent on each mass peak per sweep (ms). May differ between masses where per-mass dwell times are programmed.,Basic,Editable,Numeric (ms) / Text,,,2026-08-12,channel,,,500 us (0.5 ms) per mass (stated section 2.3),100 ms per isotope (Table 1),47Ti/49Ti: 0.18 s per 1 s cycle; 30 scans in 50 s continuous nebulization (Table 2b and section 2.1.2),N,LR: 50-100 ms sample time per mass; MR: 25 ms sample time per mass (Table 3),100 ms per mass (Table 3)
Number of Scans per Replicate,"Number of complete mass scans accumulated per analytical replicate. A scan — also called a sweep or a pass — is one complete traversal of the monitored masses by a sequentially scanning analyser, so the scan count multiplied by the per-mass dwell time gives the total integration time per replicate. Distinct from a cycle in simultaneous multi-collection, which is one readout of all detectors at once rather than a traversal of masses.",Basic,Read-Only,Integer,20 | 40 | 100 | 250 | 2000,,2026-08-17,(none),,,2000 sweeps per set x 30 sets (stated section 2.3),N,30 scans in 50 s (stated section 2.1.2),N,LR: 15 passes x 3 runs = 45 total; MR: 3 passes x 3 runs = 9 total (Table 3),70-120 scans per analysis (stated section on instrumentation)
Number of Replicates,"Number of replicate measurements performed on the same sample, or on the same nominal location where the technique is spatially resolved. For spot analysis this is the number of individual spots per grain or location; for transects, the number of replicate lines; for mapping, the number of map acquisitions of the same area; for solution work, the number of discrete replicate measurements acquired per sample solution. The procedure registers an intended count where it has one; the analysis records the count actually acquired.",Advanced,Basic,Integer,3 | 5 | 10,,2026-08-17,(none),,,1 (30 sets of 2000 sweeps = single 4.5 min continuous analysis; stated section 2.3),N,N,N,3 runs (LR and MR; Table 3),N
Analysis Sequence,"Description of the measurement order within a session: how samples, blanks, calibration standards, and reference materials are interleaved.",Basic,Read-Only,Text (free),Matrix-matched bracketing every 5 samples | Standard after every 3 samples | Dual-aliquot design (Barrat approach) | N/A | None | Other: specify,,2026-06-16,(none),,,N,N,Standard solution measured every two samples; background measured before each sample (stated section 2.1.2),N,Blocks of 7 samples bracketed by pair of acid blanks and consistency standards (stated section 2.3.1),N
Wash Time Between Samples,Duration of instrument rinse between successive sample solutions (seconds).,Basic,Read-Only,Numeric (s),120 | 180 | 210 | 300,Source: Solution Introduction module,2026-08-25,(none),"Controls carryover and memory effects. For isotope-ratio work, complete washout is critical to prevent cross-contamination between samples with differing isotopic compositions.",,10 s in two 2% HNO3 reservoirs (stated section 2.3),60 s (Table 1),~200 s (background measured after 200 s wash before each sample; stated section 2.1.2),N,120 s (Table 1),N
Internal Standard Element,"Element(s) added at a known concentration to all solutions (samples, blanks, calibration standards) and used as internal standards for drift correction and matrix normalization. Specify element and monitored isotope.",Basic,Read-Only,Text (free),Y + Ho | Rh (10 ppb) | Tm spike aliquot | None | N/A | Other: specify,,2026-06-16,(none),,,Tl (203Tl and 205Tl for mass fractionation correction; stated section 2.3),Rh (103Rh; Table 1),Nb (93Nb as ID internal standard for Ti; stated section 2.1.2),None (ID method used; no external IS; stated section 2.1),None (matrix-matched external calibration; stated section 2.3.1),Ru and Re (in-run mass fractionation correction; ~6 uL Ru-Re solution per dilution; stated section on instrumentation)
Internal Standard Concentration,Target concentration of internal standard element(s) in all measured solutions (µg/L or ppb). Record 'N/A' where Internal Standard Element is 'None'.,Advanced,Read-Only,Numeric (µg/L),"e.g., '5 µg/L In' | '10 µg/L Rh' | '1–10 µg/L (In, Rh, Re multi-element)' | '20 µg/L (high-dilution runs)'",Source: Solution Introduction module,2026-08-25,(none),,,1 ppb Tl in sample matrix (stated section 2.3),5 ng/ml Rh (stated section 2.3),N,N/A,N/A,N
Oxide Production Method and Threshold,Method used to quantify plasma oxide production and the acceptance threshold applied before commencing analysis. Record both the monitored mass ratio(s) and the maximum allowed threshold(s). Measured values are recorded in Oxide Production. CeO+/Ce+ (m/z 156/140) is the standard monitor proxy; stricter thresholds than Q-ICP-MS are commonly required. BaO+/Ba+ may also be monitored.,Basic,Read-Only,Text (free),CeO+/Ce+ (m/z 156/140) < 0.4%; BaO+/Ba+ (m/z 154/138) < 0.15% | CeO+/Ce+ < 0.5% | N/A | None | Other: specify,,2026-08-12,(none),,,N,N,CeO+/Ce+ < 1% (stated section 2.1.2),In (5 ppb) used for LR tuning; oxide rate typically <5% (stated section 2.4),Sensitivity criteria used (not oxide threshold): >=250000 cps/ppb for 11B; >=2500000 for 115In; >=2000000 for 175Lu (stated section 2.3.1),N
Oxide Production,"Measured oxide production ratio obtained during session-start tuning, for the proxy specified in Oxide Production Method and Threshold. Record the measured value and confirm whether the procedure threshold was met.",N/A,Basic,Text (free),CeO+/Ce+ = 0.3% (threshold < 0.4% met) | BaO+/Ba+ = 0.08% (threshold < 0.15% met),Source: ICP-MS module,2026-08-25,(none),,,N/A,N/A,N/A,N/A,N/A,N/A
Doubly-Charged Species Monitor,"Mass ratio monitored to estimate doubly-charged ion (M2+) formation during instrument tuning. Doubly-charged ions appear at half the nominal mass of the parent ion and can interfere with lighter analyte masses. In SF-ICP-MS, doubly-charged species are not suppressed by collision cells and require monitoring through plasma tuning. Ba2+/Ba+ (m/z 69/138) is the most common proxy.",Advanced,Editable,Text (free),Ba2+/Ba+ (m/z 69/138) | Ce2+/Ce+ (m/z 70/140) | N/A | None | Other: specify,,2026-06-16,(none),,,N,N,N,N,N,N
Doubly-Charged Species Production,Measured percentage of doubly-charged ion production for the monitored species at the time of instrument tuning. Record both the acceptance threshold and the measured value. Elevated doubly-charged production indicates incomplete ionization and potential interference on elements at approximately half the mass of abundant matrix components.,Advanced,Editable,Text (free),Ba2+/Ba+ < 5% (threshold); 2.1% (measured) | Ce2+/Ce+ < 3% (threshold); 1.8% (measured) | N/A | None,,2026-06-16,(none),,,N,N,N,N,N,N
Ion Counter Dead Time,"Dead time of each ion-counting detector channel, used in the dead-time correction applied to high count rates. Distinct from pulse/analog cross-calibration, which relates the two detector modes rather than correcting counting losses within the pulse-counting mode.",Basic,Editable,Numeric (ns),"e.g., '23' | '20 ns, determined from a U calibration series' | 'N/A (analog detection only)'",Source: ICP-MS module,2026-08-25,channel,,,N,N,N,N,N,N
5. Data Processing,,,,,,,,,,N,N,N,N,N,N,N
Internal Standard Approach,"Role(s) assigned to the internal standard(s) in data reduction: drift correction only, matrix normalization, or a combination.",Basic,Read-Only,Controlled list,Drift correction only | Matrix normalization | Drift + matrix normalization | N/A | None | Other: specify,,2026-06-16,(none),,,Mass fractionation correction only (Tl used to correct Pb isotope mass bias; stated section 2.3),Drift correction (103Rh as IS; Table 1),ID internal standard (Nb as IS for Ti concentration calculation; stated section 2.1.2),N/A (no IS; ID method used; stated section 2.1),N/A (no IS; matrix-matched external calibration; stated section 2.3.1),Mass fractionation correction (in-run Ru-Re ratio; not traditional IS drift correction; stated section on instrumentation)
Drift Correction Method,Method used to correct for instrumental signal drift across a session.,Basic,Read-Only,Controlled list,IS normalization | Standard bracketing | IS normalization + bracketing | None | N/A | Other: specify,,2026-06-16,(none),,,Tl mass bias correction + master Pb-Tl correlation lines from NIST SRM981 bracketing (stated section 2.3),IS normalization (103Rh; stated Table 1),Standard bracketing (standard every two samples; stated section 2.1.2),N (ID method; no IS-based drift correction; stated section 2.1),Standard bracketing (blocks of 7 samples bracketed by calibration standards; stated section 2.3.1),N (in-run Ru-Re ratio used for mass fractionation; not standard bracketing)
Per-Analyte Calibration Strategy,"Approach used to convert measured ion signals to elemental concentrations. Documents cases where different analytes or analyte groups are calibrated using different strategies within the same procedure. If a single strategy is applied uniformly to all analytes, record that strategy.",Basic,Read-Only,Controlled list,External calibration (all analytes) | Isotope dilution (all analytes) | Matrix-matched bracketing with BHVO-2 | ID for REE; external calibration for transition metals | N/A | None | Other: specify,,2026-07-24,analyte,,,Tl-normalized mass bias correction + NIST SRM981 master correlation lines (stated section 2.3),External calibration with IS normalization (stated Table 1),Isotope dilution with Nb as ID internal standard for Ti (stated section 2.1.2),"ID for Fe, Ni, Cu, Zn, Cd, Pb; standard addition for Mn, Co (stated section 2.1)",External calibration with matrix-matched standards at 10 ppm Ca (all analytes; stated section 2.3.1),ID for 12 elements; RSF calibration for 14 elements (stated section on instrumentation)
Signal Integration Interval Method,"Method used to define the integration window for each replicate measurement (e.g., full acquisition time, stable-interval selection, automated criteria).",Basic,Read-Only,Controlled list,Full replicate | Stable interval selection | Automated peak detection | N/A | None | Other: specify,,2026-06-16,(none),,,N,N,N,N,N,N
Signal Integration Time,Total integration time per analyte per replicate (s). Determined at analysis time from the actual acquisition.,N/A,Basic,Numeric (s),,,2026-06-16,(none),,,N/A,N/A,N/A,N/A,N/A,N/A
Blank / Background Correction Method,Method used to subtract instrument background and/or procedural blank from sample signals.,Basic,Read-Only,Controlled list,On-peak zero | Solution blank | Procedural blank | N/A | None | Other: specify,,2026-06-16,(none),,,On-peak zero (10 s wash blank before each measurement; stated section 2.3),Solution blank (stated section 2.3),On-peak background measured before each sample after 200 s HF wash (stated section 2.1.2),Procedural blank (stated section 2.1),N,N
Spike / Outlier Filtering Approach,Criteria used to identify and exclude anomalous replicate measurements or data points from the calculated mean.,Advanced,Editable,Text (free),2σ exclusion | Grubbs test | Visual inspection | None | N/A | Other: specify,,2026-06-16,(none),,,N,N,N,N,N,N
Pulse/Analog Detector Nonlinearity Correction,"Whether a correction was applied for nonlinear detector response at the transition between pulse-counting and analog (and Faraday, for triple-mode instruments) detection modes. For SF-ICP-MS instruments, the signal transitions between pulse counting (low concentrations) and analog detection (high concentrations). For triple-mode instruments (e.g., Thermo Element XR), an additional transition to Faraday cup detection occurs at the highest signal intensities. Cross-calibration factors between detector modes must be confirmed, typically measured each session.",Advanced,Editable,Text (free),Applied: SEM-to-analog and analog-to-Faraday cross-calibration factors measured per session | Applied: SEM-to-analog cross-calibration factor applied | Not applied (all signals in pulse-counting mode) | N/A | None,,2026-06-16,(none),,,N,N,N,N,Applied: SEM-to-analog cross-calibration performed daily (stated section 2.3.1),N
Isobaric Interference Corrections Applied,Whether mathematical corrections for residual isobaric or polyatomic interferences are applied in data reduction (supplementary to any interference suppression achieved through mass resolution selection).,Basic,Read-Only,Controlled list,Y | N | Analyte-specific | N/A | None | Other: specify,,2026-08-12,(none),,,Y (204Hg on 204Pb corrected using 202Hg monitor; stated section 2.3),N,N,Y (MoO+ on 111Cd corrected using 95Mo; stated section 2.4),Analyte-specific (MR used to resolve most polyatomic interferences; stated section 2.3),N
Interfering Species,"List of isobaric or polyatomic species mathematically corrected in data reduction. In SF-ICP-MS, mass resolution is the primary interference mitigation strategy; mathematical corrections address residual interferences not resolved at the operating resolution.",Basic,Read-Only,Text (free),BaO+ on Eu isotopes | Zr2+ on Nb | Oxide interferences on REE | None | N/A | Other: specify,,2026-08-12,channel,,,204Hg+ on 204Pb (corrected using 202Hg signal; stated section 2.3),N,N,MoO+ on 111Cd (corrected using 95Mo; stated section 2.4),N (MR resolution used to resolve polyatomic interferences; no additional mathematical correction reported; stated section 2.3),N
Interference Correction Method,"Mathematical approach used to calculate and remove residual interference contributions from measured signals. In SF-ICP-MS, interference solutions isolating specific polyatomic species are measured alongside samples and used to calibrate correction factors.",Basic,Read-Only,Text (free),Interference standard solutions (Burney–Neal approach) | Mass-balance equations | Empirical correction factors from pure element solutions | None | N/A | Other: specify,,2026-08-11,channel,,,Mass-balance correction: measured 202Hg signal used to subtract 204Hg contribution from 204Pb (stated section 2.3),N,N,Empirical correction factors from 95Mo monitor (stated section 2.4),N,N
Isotope Dilution Data Reduction Method,Mass balance approach used to calculate sample mass fractions from spike–sample isotope ratio measurements. Spike must have been added before digestion for accurate equilibration. Record 'None' if isotope dilution is not used.,Basic,Read-Only,Text (free),IUPAC isotope dilution equations | Double-spike inversion | None | N/A | Other: specify,,2026-06-16,(none),,,None,None,IUPAC isotope dilution equations with Nb as ID internal standard for Ti (stated section 2.1.2),IUPAC isotope dilution equations (stated section 2.1),None,IUPAC isotope dilution equations for 12 elements; RSF ratio calibration for 14 elements (stated section on instrumentation)
Memory Effect Mitigation,"Procedure applied to identify and minimize carry-over of high-concentration elements between successive sample introductions. For solution ICP-MS, mitigation is implemented primarily at measurement time through extended rinse periods (see Wash Time Between Samples, Group 4). At data processing level, documents any flagging or exclusion of measurements preceded by high-concentration samples or standards where the required washout time may not have been achieved.",Advanced,Editable,Text (free),Extended rinse between high-concentration samples and unknowns; flagged in sequence log | Replicate first measurement discarded if preceded by high-concentration standard | None required for this analyte suite | N/A | None,,2026-07-24,(none),,,10 s wash in two 2% HNO3 reservoirs between samples (stated section 2.3),60 s wash between samples (Table 1),200 s wash with 0.5 mol/l HF before each sample (stated section 2.1.2),N,120 s washout (Table 1),N
Uncertainty Level,"The convention at which reported uncertainties are quoted — 1-sigma, 2-sigma, or a 95% confidence interval — and whether a measured spread is reported as a standard error or a standard deviation. State the convention applying to all values reported under this procedure, and state each separately where different reported quantities use different conventions. Distinct from Uncertainty Propagation Method, which addresses how component uncertainties are combined rather than how the result is quoted.",Basic,Read-Only,Controlled list / Text,2σ (95% confidence) | 1σ (68% confidence) | 95% confidence interval | 2 standard errors (2SE) | 1 standard deviation (1SD) | N/A | None,Source: ICP-MS module,2026-08-25,(none),A reported uncertainty is not interpretable without it: the same numeric value means different things at 1-sigma and at 95% confidence.,,"Both conventions stated: 2SD for external reproducibility (""(2sd, n = 22)"", ""%2sd"", ""n = 9 for JB-2 and n = 11 for JB-3, +/-2sd%"") and 2SE for internal precision (""typical internal precision (2se)"", ""Typical within-run precision (2 standard errors)"")","1 standard deviation -- ""The mean values and respective standard deviations (s) for three analyses""; ""Mean +/- s (n = 3)""; ""RSD = standard deviation/mean x 100%""",RSD% with observed ranges in parentheses,"Mixed and each stated: ""Mean blank +/- 1 S.D. (pmoles)""; ""The precision is calculated as the percent relative standard deviation (%RSD) (n = 3)"" [Table 4 footnote]; ""95% confidence limit"" [Table 6 caption]","2 sigma -- ""with 2r analytical uncertainty"" and ""the gray area represents the 2r spread in the B/Ca measured at 10 ppm [Ca]Matrix"" (r = sigma in the extracted text)","RSD for repeatability of triplicate determinations; ""confidence intervals (1s)""; the method result is quoted as a ""combined standard uncertainty"""
Uncertainty Propagation Method,"The approach used to propagate analytical uncertainty through the data reduction chain to the final reported value. State which sources are included in the propagation: counting statistics, calibration standard uncertainty, internal standard uncertainty, drift correction, and any systematic contributions. Distinct from Uncertainty Level, which states the convention at which the resulting uncertainty is quoted.",Advanced,Editable,Text (free),Quadrature propagation | Monte Carlo | ISO GUM | None | N/A | Other: specify,Source: ICP-MS module,2026-08-25,reported property,,,N,N,N,N,N,N
Normalization / Standards-Based Correction,"Post-acquisition normalization applied to output concentrations relative to a reference value (e.g., correction to a BHVO-2 working value).",Advanced,Editable,Text (free),CI chondrite normalization | Normalization to BHVO-2 working values | None | N/A | Other: specify,,2026-06-16,reported property,,,N,N,N,N,N,N
Calibration Factor and Determination Method,"An externally-calibrated factor that converts the measured quantity into the reported quantity, how it was determined, and its uncertainty. Applies where the conversion depends on a factor calibrated against a reference of independently known value, rather than on the instrument response alone. Distinct from the fields that name the calibration material and that state which approach applies to which analyte, where the technique has them: this field records the resulting factor itself.",Basic,Editable,Text (free),,Source: Calibration Factor module,2026-08-25,reported property,,,"Instrumental mass-fractionation factor: ""Raw Pb isotope ratios were corrected for instrumental mass fractionation using the measured 205Tl/203Tl and Pb mass bias factors derived from Pb vs Tl isotope mass bias plots generated from numerous analyses of SRM981""; ""Pb mass bias factors were taken from master Pb-Tl mass bias correlation lines"". The magnitude ""ca. 0.7% per mass unit"" is stated for the MC-ICP-MS, not for the SC-SF-ICP-MS","Partially -- ""Calibration External"" against multi-element standards at 0.1, 1, 5 and 10 ng mL-1 with 103Rh internal standard held at 5 ng mL-1 in sample, calibration and blank solutions. No calibration factor value or uncertainty stated","Recovery-yield factors ""determined by the calibration curve and the ID methods""; ""The Ti yield was determined from the TTi/Nb ratio by ICP-SFMS""; ""Errors in the yield determination are estimated to be ~7%""","Mass-bias correction factor per element: ""A mass bias correction factor for each of the six elements was calculated from the measured natural isotopic ratio divided by the true natural isotopic ratio. The correction factor for each element was then incorporated into the isotope dilution equation""; Co and Mn quantified from standard-addition slopes, tabulated with SD and %RSD (Mn 2797 +/- 205, 3055 +/- 125, 3174 +/- 170; Co 6124 +/- 305, 4335 +/- 143, 5352 +/- 159)","Partially -- ""Me/Ca determinations by Element XR were carried out using a set of external calibration standards""; ""Samples and standards were concentration matched within +/-5%"". No calibration factor value or uncertainty stated","Relative sensitivity factors (RSF) appear explicitly in Eq. (2) for mono-isotopic elements; in-run mass-fractionation factors fitted with a power law MF = a x b^(m-c) + d, ""Typical values are a: 0.08 to 0.23, b: 0.96 to 0.98, c: -10 to 10 and d: -0.005 to 0.005""; spike concentrations ""calibrated by applying a reverse ID against certified standard solutions (Alfa Aesar, specpure) using TIMS, MC-ICP-MS and SF-ICP-MS"", and ""The uncertainty of spike concentrations has been estimated to 0.5-1% RSD"""
Procedural Blank Level,"The measured level of the analytical blank in the session, and — where the reported quantity is a ratio — its composition, since a blank subtracted from a ratio biases the result unless its own composition is known. Companion to the blank correction method.",N/A,Basic,Text (free),,Source: Blank module,2026-08-25,(none),Follows the criterion-versus-measurement split the library applies wherever a procedure sets a threshold and an analysis reports a value against it.,,"""Typical column blanks were <20 pg Pb, while total procedural blanks (dissolution and/or leaching, including centrifuging) are estimated to be <100 pg""; ""sample/blank ratios were >=1500, rendering blank corrections negligible"". Per-acquisition instrumental blank on the Attom: ""Each sample acquisition was preceded by a blank determination (average 900cps on 208Pb, equivalent to 1.8 ppt Pb in solution)"" [sec 2.4]","""The concentration of elements in the procedural blank ranged from 0.004 ng mL-1 (Cs) to 0.216 ng mL-1 (Zn)""; ""the highest blank level in Zn would contribute less than 0.01% of the amount of analyte""","Blanks in spike solutions (pg g-1) and total procedural blank (pg) tabulated per element; ""The blank corrections were usually <1% in basalt and andesite analyses and <4% in peridotite reference materials""; ""Total Sn blank levels are ~300 pg in both the ultrasonic and the bomb methods"" [sec 3.6]","Per-element reagent blank with 1 S.D. in pmoles, broken down into elution acid and ammonium acetate buffer contributions (Mn 0.433 +/- 0.026; Fe 2.791 +/- 0.083; Co 0.078 +/- 0.006; Ni 0.457 +/- 0.104; Cu 0.184 +/- 0.027; Zn 3.044 +/- 0.018; Cd 0.045 +/- 0.003; Pb 0.017 +/- 0.001)","""Our procedural B/Ca blank of 2.0 +/- 1.0 umol/mol""; instrumental 11B blank in cps tabulated against spray chamber material, injector material and acid matrix (2011-19,750 cps) [Table 2]","Partially -- ""Limits of detection (LOD) were calculated according to the 3s criterion on a data set of fifty measurements in LR mode and twenty measurements in HR mode of total procedural blanks (including spiking)""; LODs ""ranged between about 0.1 and 10 ng g-1 sample equivalents for most elements"". The blank levels themselves are not tabulated"
Analysis Inclusion and Rejection Criteria,"The rules determining which individual analyses contribute to a reported aggregate result, together with the outcome of applying them: how many analyses were acquired, how many were included, and on what grounds any were excluded. Distinct from within-analysis outlier filtering, which removes anomalous points inside a single analysis: this field decides which whole analyses enter the reported value.",Basic,Basic,Text (free),,Source: Aggregation module,2026-08-25,(none),"Criteria and outcome are combined in one field because neither is interpretable without the other, following the precision/accuracy precedent.",,"Partially -- n stated per averaged result (BCR-2 n = 39, AGV-2 n = 13, BR n = 11, JB-2 n = 9, JB-3 n = 11, SRM981 n = 22 and n = 16). One documented exclusion, from the quality assessment rather than from a reported aggregate: ""Results for the pure Pb standard NIST SRM981, analysed many times with the soil samples, are not included here, because it contains no matrix and may thus not a be a good indicator of data quality for the soil samples analysed here"" [sec 3.1]. No acceptance or rejection rule, and no acquired-versus-included count, stated","Partially -- ""The mean values and respective standard deviations (s) for three analyses were listed in Table 3""; n = 3 throughout. No acceptance or rejection rule stated","Partially -- ""Orgueil and Allende were analyzed 4 times and twice from the sample digestion, respectively ... analytical results for each run are shown in the table"" alongside the averages. No acceptance or rejection rule stated","Partially -- ""The blank solutions were analysed at least three times on the ICP-MS""; ""parallel triplicate samples""; n = 3 for reference materials and n = 5 for the GEOTRACES samples. No acceptance or rejection rule stated","Partially -- ""Open symbols represent an average of 10 measurements acquired during a single instrument session. The solid symbols represent the average of the open symbols""; and for a second figure ""which is a total of 15 measurements""; acquisition structured as 3 runs x 15 passes (low resolution) or 3 x 5 (medium). No acceptance or rejection rule stated","Partially, and the most complete of the six -- ""Five independent analyses (different spikings/digestions) of BHVO-1 were carried out over a time period of 4 months. Triplicate determinations were performed for each digestion""; ""the results of three to four independent analyses of sixteen other RMs""; ""Only one digestion was prepared for the USGS reference glasses BCR-2G, BHVO-2G and BIR-1G, and NIST SRM 612 respectively and were measured in triplicate"". No acceptance or rejection rule stated"
Constants and Reference Values Used,"Physical constants and reference values used in data reduction to calculate the final reported quantity (e.g., decay constants for age calculation, standard isotope ratios, or other citable reference values used in a correction or calculation), together with their source. Distinct from the Group 6 reference-material fields, which document accepted values for specific calibration/validation materials rather than universal physical constants. Record ""None"" if no citable, revisable physical constants feed into this procedure's data reduction.",Basic,Editable,Text (free),"e.g., ""λ238U = 1.55125×10⁻¹⁰ yr⁻¹, λ235U = 9.8485×10⁻¹⁰ yr⁻¹ (Jaffey et al. 1971); 238U/235U = 137.818 (Hiess et al. 2012)"" | ""None""",Source: Core module,2026-08-25,(none),,,"205Tl/203Tl = 2.3871 (Woodhead 2002), used to correct instrumental mass fractionation by internal normalisation with the exponential law",N,"Partially -- the ID equation is built on spike and natural isotope ratios, and the mixed standard solution is referenced to the B isotope ratio standard of Makishima et al. (1997). No constant values or their sources are tabulated","Partially -- ""A mass bias correction factor for each of the six elements was calculated from the measured natural isotopic ratio divided by the true natural isotopic ratio"". The true natural isotopic ratios used, and their source, are not stated",N,"Relative atomic masses M_El and M_S ""(Loss 2003)""; ""the known natural isotopic abundances of the isotopes i and k in the sample (Rosman and Taylor 1998)"", stated to be adequately known (""uncertainty < 0.2%""); in-run mass fractionation determined ""by comparing determined 47Ti/49Ti, 99Ru/101Ru (in LR mode), 151Eu/153Eu (in HR mode) and 185Re/187Re ratios with known values (Rosman and Taylor 1998)"". For Pb the paper compares two reference choices -- ""average Pb isotope abundances (Rosman and Taylor 1998)"" versus the BHVO-1 TIMS composition of ""Woodhead and Hergt 2000"" -- and quantifies the consequence: ""The difference between both approaches is 0.4% (concentration of Pb: 2.13 ug g-1 versus 2.14 ug g-1)"""
6. Quality Control & Uncertainty,,,,,,,,,,N,N,N,N,N,N,N
Primary Calibration Standard Name,"Name and reference material identifier of the external calibration standard used to convert signal intensities to elemental concentrations. Include the material name, its source or supplier, and a citation for the accepted values used, since results calibrated against different published values for the same material are not directly comparable.",Basic,Editable,Text (free),BHVO-2 (working values) | Orgueil CI chondrite (matrix-matched) | NIST SRM 1640a | Lab-prepared single-element standard mix | N/A | None | Other: specify,,2026-06-16,(none),,,NIST SRM981 Common Lead Standard (stated section 2.3),N (multi-element standard solution; not formally named),N (multi-element standard solution measured every two samples; stated section 2.1.2),Commercial standard of natural isotopic abundance (not formally named; stated section 2.4),Series of matrix-matched standards at 10 ppm Ca (not formally named; stated section 2.3.1),N (multi-element spike solution for ID; RSF standard solutions for non-ID elements; not formally named)
Calibration Standard Measurement Frequency,How often the primary calibration standard is measured relative to unknown samples within a session.,Basic,Read-Only,Text (free),Before and after every 3–5 samples | Matrix-matched bracketing | Start and end of session only | N/A | None | Other: specify,,2026-06-16,(none),,,N,N,Every two samples (stated section 2.1.2),N,Bracketing blocks of 7 samples (stated section 2.3.1),N
Secondary Reference Materials,Reference material(s) measured as unknowns to independently assess analytical accuracy. Specify material name and expected-value source.,Basic,Editable,Text (free),BHVO-2 | BCR-2 | AGV-2 | CI chondrite reference | N/A | None | Other: specify,,2026-08-12,defines: standard,,,"BCR-2, AGV-2, JB-2, BR, JB-3 (stated Tables 1-2)","FER-2 and geological RMs in Table 5 (BHVO-2, BCR-2, etc.; stated section 2.3.2)",USGS and GSJ geological RMs and carbonaceous chondrites (stated section 2.5),NASS-5 (certified seawater); SAFe inter-comparison samples S1 and D2 (stated section 2.4),"Four in-house foraminifera consistency standards (C. wuellerstorfi, Uvigerina spp., synthetic mix; stated section 2.2)","AGV-1, AGV-2, BCR-1, BCR-2, BHVO-1, BHVO-2, G-2, JR-1, KL2-G, ML3B-G, NIST SRM 612, BIR-1, OU-6, BCR-2G, BHVO-2G, BIR-1G, PCC-1 (stated Table 5)"
Detection Limit,"Elemental detection limits, one per reported concentration variable (one per analyte, these being the same set). Specify units (µg/g or µg/L) and whether values are procedure-typical estimates or session-specific measured values.",Advanced,Basic,Numeric + unit / Text,,,2026-08-12,reported property,,,N,N,N,"Analyte-specific (pg/kg to pM level; e.g., Fe 0.01 nM in seawater; stated Table 1)",~2 umol/mol B/Ca procedural blank (stated abstract),N
Detection Limit Method,Method used to calculate detection limits for each reported concentration variable.,Basic,Read-Only,Controlled list / Text,3σ blank | 3σ background | 3σ counting statistics | 3× blank mean | Poisson statistics | N/A | None,,2026-08-24,reported property,,,N,N,N,3 sigma blank (stated section 2.4),N,N
Limit of Quantification (LOQ) Method,Method used to determine the limit of quantification.,Advanced,Basic,Controlled list,10σ blank | 10× DL | S/N ≥ 10 | N/A | None | Other: specify,,2026-06-16,reported property,,,N,N,N,N,N,N
Counting Statistics Error,"Uncertainty predicted from counting statistics — the theoretical limit set by the Poisson distribution of the counts accumulated — for each reported quantity per analysis, with the sigma level stated. Derived from the counts on the analyte together with those on any background or blank subtracted from it. Distinct from the scatter actually observed within a measurement or between repeated measurements, which is recorded separately: where a procedure reports both, agreement indicates the measurement is shot-noise limited, and a larger observed scatter indicates a further source of variance.",Advanced,Basic,Text (free),"e.g., '2SE predicted from counting statistics over 45 cycles' | '~0.6% (1 sigma), counting statistics plus propagated uncertainties' | 'N/A'",,2026-08-17,sample > sampling unit x reported property,,,N,N,N,N,N,N
Internal (Within-Measurement) Analytical Precision and Assessment Method,"Precision of a single measurement, derived from the scatter of the cycles, sweeps or integrations that make it up, together with the method used to assess it. State the statistic (2SE, 2SD, 1s RSD), the number of cycles it is computed over, and the reported quantity it applies to. Distinct from Counting Statistics Error, which records the uncertainty predicted from the counts rather than the scatter observed; where a procedure reports both, record the observed value here and the predicted value there.",Advanced,Basic,Text (free),"e.g., '2SE = 2SD/sqrt(n), n = 45 cycles' | '+/-0.001-0.002 (2SE) on 206Pb/204Pb' | '~2.6% (2SE) on single-spot ages' | 'N/A'",Source: ICP-MS module,2026-08-25,sample > sampling unit x reported property,"This is the finest of the three precision levels the library records, below within-session and between-session precision: it describes the repeatability of one analysis rather than agreement between analyses, and is normally the smallest of the three.",,A single analysis of 30-40 10-s integrations gives typical internal precision (2SE) of +/-0.001-0.002 for 206Pb/204Pb and +/-0.003-0.005 for 208Pb/204Pb,N,N,N,N,N
Within-Session Analytical Precision and Assessment Method,"Precision of repeated measurements within a single analytical session and the method used to assess it. Report both the assessment method and the precision values. The assessment method must specify the reference material or standard measured, the number of replicates n, and the statistic reported (1s RSD, 2s RSD, 2SD, 2SE, 95% CI). Distinct from the internal precision of a single measurement, which derives from counting statistics over the cycles of that measurement rather than from repeated analyses.",Basic,Basic,Text (free),RSD of replicate standard measurements | RSD of secondary RM replicates | N/A | None | Other: specify,Source: ICP-MS module,2026-08-25,standard x reported property,,,2 sigma uncertainty of 30-set Pb isotope ratios per sample (stated section 2.3),%RSD of replicate analyses (stated Table 5),N,%RSD of replicate measurements (stated section 2.4),%RSD of repeated consistency standard analyses (stated section 2.3.1),%RSD of repeated RM analyses within session (stated Table 5)
Between-Session (Long-Term) Analytical Precision and Assessment Method,"Precision of measurements across multiple analytical sessions over weeks to months — long-term or intermediate precision — and the method used to assess it. Report both the assessment method and the precision values, specifying the reference material, the number of measurements and sessions, the time span covered, and the statistic reported.",Advanced,Basic,Text (free),RSD of secondary RM across sessions | Control chart | N/A | None | Other: specify,Source: ICP-MS module,2026-08-25,standard x reported property,Long-term precision is normally poorer than within-session precision and is the figure a data user should carry when comparing results from different sessions.,,N,N,N,N,N,N
Analytical Accuracy and Assessment Method,Accuracy of final concentration measurements relative to certified or consensus values and the method used to assess it.,Basic,Basic,Text (free),Percent recovery of secondary RM | Z-score | Bias from certified value | N/A | None | Other: specify,,2026-08-11,standard x reported property,,,"% deviation from published Pb isotope values for geological RMs (BCR-2, AGV-2, JB-2, BR, JB-3; stated section 3)",% recovery relative to certified/consensus values for geological RMs (stated Table 5),% recovery relative to certified/consensus values for USGS/GSJ RMs and chondrites (stated section 3),Comparison with SAFe consensus values and NASS-5 certified values (stated section 2.4),% bias relative to published foraminifera inter-lab consensus values (stated section 2.3.1),% recovery relative to published consensus values for geological RMs (stated Table 5)
Goodness-of-Fit or Dispersion Statistic,"The statistic reported to show whether scatter among the contributing analyses exceeds what analytical uncertainty alone predicts, together with its value.",N/A,Basic,Text (free),,Source: Aggregation module,2026-08-25,reported property,"Answers whether a reported aggregate is defensible as a single population. The value cannot be known before the analysis. The procedure may still state an acceptance threshold, which belongs with the inclusion criteria.",,"N for the quantity this field defines. A regression statistic is reported for the measured-versus-nominal comparison -- ""The data distributions around the nominal compositions (Fig. 2) have slopes near 1 (with correlation coefficients of 0.75-0.85)"" -- which is not a test of whether scatter among contributing analyses exceeds analytical uncertainty",N,N,"N -- standard-addition regressions are reported with average slope, SD and %RSD, but no fit statistic",N,"N -- a power law is fitted to the calculated mass fractionation factors, but no fit statistic is reported"
Additional Notes,"Any procedure- or analysis-specific information not captured by a structured field anywhere in this TAPP — including anomalies, deviations from the registered procedure, instrument modifications, and supplementary context. Scope is the whole document, not Group 6: this is the last field of the TAPP and covers all six groups. Use sparingly; a structured field is preferred for anything that can be formally categorised.",Advanced,Advanced,Text (free),,Source: Core module,2026-08-25,(none),,,Nu Attom SC-SF-ICP-MS in single-collector mode; 30 sets x 2000 sweeps = 4.5 min total analysis; Tl-spiked matrix (1 ppb Tl) for mass bias correction; blank ~900 cps on 208Pb (stated section 2.3),Chromatographic separation (AG1-X8 + TRUspec) performed before SF-ICP-MS; reflected power <2 W (stated Table 1); pulse counting detection only,Continuous nebulization (not pFI) for SF-ICP-MS; background measured before each sample after HF wash; sapphire injector used (HF-resistant); 60 s uptake stabilization; stated section 2.1.2,Off-line pre-concentration by chelating resin essential for open-ocean seawater; enriched isotope spikes added before chelation (pre-equilibration); standard addition for Mn and Co (no suitable spike isotope); stated section 2.2,Thermo Element XR with Jet pump; extraction voltage 2000 V (Table 1); ESI Pt injector 1.8 mm ID; Pt cones; dual mode detector fixed per analyte; daily detector cross-calibration required (stated section 2.3.1),Magnetic jump + electric scan mode: each peak monitored by E-scan for 100 ms dwell; 15 samples per peak; in-run Ru-Re for mass fractionation correction; DF ~21000 (LR) or ~1000 (HR) in 0.4 mol/l HNO3; stated section on instrumentation
