Metadata Item,Description,Procedure-Level Tier,Analysis-Level Tier,Data Type,Example/Allowed Content,Comments,Last Update,Keyed By,Spot,Transect,Mapping,Literature Assessment
1. Procedure Identification,,,,,,,,,N,N,N,N
Procedure Name,"A short descriptive name for this analytical procedure, including a version number. Should identify the instrument, the technique, and the scope of what is measured — analyte, material, or feature.",Basic,Read-Only,Text (free),"e.g., 'LA-ICP-MS Trace Elements Silicate Glass v1.2' | 'fs-LA-ICP-MS Major and Trace Elements Sulfide v1'",,2026-08-08,(none),Y,Y,Y,
Technique,Top-level analytical technique identifier.,Basic,Read-Only,Controlled list,LA-MC-ICP-MS | Other: specify | N/A | None,,2026-08-08,(none),Y,Y,Y,
Procedure Author,Person(s) or laboratory responsible for developing and registering this procedure. ORCID recommended for individuals.,Basic,Read-Only,Text (free),"e.g., 'J. Smith (ORCID: 0000-0001-2345-6789)' | 'Isotope Geochemistry Lab, University of X'",,2026-08-08,(none),Y,Y,Y,
Laboratory,Name of the laboratory or institution hosting the instrument.,Basic,Editable,Text (free),"e.g., 'Geo-/Cosmochemistry Lab, University of Cologne'",,2026-05-06,(none),Y,Y,Y,
Laboratory ID,"Persistent identifier for the laboratory (e.g., ROR ID).",Advanced,Editable,URI / DOI,ROR ID or equivalent URI (https://ror.org/),,2026-08-08,(none),Y,Y,Y,
Procedure Start Date,First date this procedure configuration was used in production.,Basic,Read-Only,Date,"YYYY-MM-DD, e.g., 2022-04-22",,2026-07-24,(none),Y,Y,Y,
Funding Source for Procedure Development,"Grants and other funding sources that supported instrument acquisition, major upgrades, procedure development, and associated personnel time. Include grant numbers and funding agencies where applicable.",Advanced,Read-Only,Text (free),"e.g., 'NSF EAR-2142500; DFG INST 216/1019-1 FUGG no. 665508' | 'None'",,2026-07-24,(none),Y,Y,Y,
Procedure Reference(s),"DOI or URL for peer-reviewed publications or technical reports describing, validating, or benchmarking this procedure.",Advanced,Read-Only,URI / DOI,"e.g., doi:10.1016/j.oregeorev.2011.11.001",,2026-07-24,(none),Y,Y,Y,
Procedure DOI,"DOI or unique persistent identifier for the registered procedure used in this analysis, generated upon procedure submission to a data repository. This field is mandatory when submitting analytical data, to encourage formal procedure registration and ensure traceability. If a DOI has been applied for but not yet minted, enter ""pending"".",N/A,Basic,URI / DOI,"e.g., http://doi.org/10.60520/IEDA/114187 | pending",,2026-08-08,(none),Y,Y,Y,
Analyst,Name(s) of the analyst(s) who performed the analysis session. ORCID is recommended for persistent identification.,N/A,Basic,Text (free),"e.g., 'J. Smith (ORCID: 0000-0001-2345-6789)'",,2026-08-08,(none),Y,Y,Y,
Analysis Start Date,"Date on which the analytical session began. For sessions spanning multiple days, use the date of the first session. Format: YYYY-MM-DD.",N/A,Basic,Date,"YYYY-MM-DD, e.g., 2022-04-22",,2026-08-08,(none),Y,Y,Y,
Analysis End Date,Date on which the analytical session ended. May equal Analysis Start Date for single-day sessions. Format: YYYY-MM-DD.,N/A,Basic,Date,"YYYY-MM-DD, e.g., 2022-04-22",,2026-05-06,(none),Y,Y,Y,
Funding Source for Analysis,"Grants and other funding sources that supported the specific sample analyses and data collection reported here. Include grant numbers and funding agencies. Distinct from procedure development funding, which may have been awarded years earlier.",N/A,Basic,Text (free),"e.g., 'NASA 80NSSC21K0153; DFG WE 2850/5-1' | 'None'",,2026-07-24,(none),Y,Y,Y,
Coupled Technique(s),"Other analytical techniques applied to the same sample(s) whose results are intended to be interpreted together with data from this procedure. Document coupling with any technique whose results are functionally linked to this dataset — providing calibration inputs, complementary spatial context, or required companion measurements. Use the same controlled vocabulary as the Technique field. Enter ""None"" if no coupling is intended.",Advanced,Editable,Controlled list / Text,EPMA | SIMS | ICP-MS (solution) | Noble Gas MS | Other: specify | None | N/A,,2026-07-24,(none),Y,Y,Y,
Coupling Description,"Description of how this procedure is coupled with the technique(s) listed above. Include: (1) the functional relationship — what data or context flows between techniques, or how results are combined (e.g. which output from the coupled technique serves as input to data reduction for this technique); and (2) the analytical sequence — which technique is performed first and why (e.g. non-destructive before destructive). Required when Coupled Technique(s) is not ""None"".",Advanced,Editable,Text (free),"e.g., 'EPMA provides major element concentrations (SiO₂ as internal standard) used in LA-ICP-MS data reduction; EPMA performed first because LA-ICP-MS ablation is destructive' | 'SIMS isotope ratios cross-validated against LA-ICP-MS; SIMS performed first due to shallower beam penetration'",,2026-07-24,(none),Y,Y,Y,
Coupled Procedure DOI,"Registered procedure DOI for the coupled technique named above. Provides a stable, citable link to the companion method independent of whether a dataset has been deposited. If the coupled procedure has not yet been registered, enter the DOI of a publication describing the coupled method, or ""pending"". Enter ""None"" if no coupling is planned.",N/A,Advanced,URI / DOI,"e.g., 'http://doi.org/10.60520/IEDA/114187' | pending | None",,2026-07-24,(none),Y,Y,Y,
Coupled Dataset or Publication Reference,"DOI or other persistent identifier for the co-registered dataset or publication where both datasets are reported together. Accepts: a dedicated dataset DOI (if separately deposited), a shared dataset DOI (if co-submitted in the same package), or a publication DOI. Use ""same submission"" if the coupled dataset is included in this data package, or ""pending"" if not yet assigned. If coupling is documented through a shared sample identifier only, that information is already captured in Sample Persistent Identifier (Group 2).",N/A,Advanced,URI / DOI / Text,"e.g., 'doi:10.26022/IEDA/112969' | same submission | pending | None",,2026-05-09,(none),Y,Y,Y,
,,,,,,,,,,,,
2. Samples,,,,,,,,,N,N,N,N
Target Material,General description of the material type(s) this procedure is designed to analyse. Used for discoverability and procedure matching.,Basic,Read-Only,Controlled list / Text,Silicate glass | Feldspar | Pyroxene | Olivine | Oxide | Sulfide | Carbonate | Phosphate | Native metal | Iron meteorite | Fluid inclusion | Melt inclusion | Whole rock | Other: specify | N/A | None,,2026-07-24,(none),Y,Y,Y,
Sample Form / Analytical Substrate,"Physical form of the material as it enters the ablation cell. Editable to accommodate legitimate variations (e.g., thin section vs. mount) that do not alter the analytical procedure.",Basic,Editable,Controlled list,In situ — polished thin section | In situ — polished epoxy mount | In situ — polished thick section | Pressed powder pellet | Li-borate fused glass disc | Nano-particulate pressed pellet | Liquid | N/A | None | Other: specify,,2026-08-11,(none),Y,Y,Y,
Sample Name,"Name or identifier of the sample analysed, as used in the laboratory. Should match the identifier used in associated publications or data tables.",N/A,Basic,Text (free),"e.g., 'NWA 10597 ol-1' | 'Imilac PMG section 3 grain 2'",,2026-05-06,(none),Y,Y,Y,
Sampling Unit,"The physical subdivision of the sample to which one row of reported values corresponds — the unit that is analysed and reported, as distinct from the sample as a whole. State the unit type at procedure level and the units actually analysed at analysis level. Where units nest (e.g. confined tracks within grains), state both levels.",Basic,Basic,Controlled list / Text,Whole sample | Aliquot | Grain | Spot | Analysis point | Phase | Sub-volume | Region of interest | N/A | None | Other: specify,,2026-08-11,defines: sampling unit,Y,Y,Y,
Sample Persistent Identifier,"Globally unique, persistent identifier for the analysed sample. IGSN (International Geo Sample Number) is the recommended standard for geological and cosmochemical samples, as used by Astromat, EarthChem, and SESAR.",Advanced,Advanced,URI / IGSN,"e.g., IGSN: IEDA-100001 (https://www.igsn.org/) | Smithsonian NMNH catalog number",,2026-08-08,(none),Y,Y,Y,
Fusion Flux and Dilution Ratio,"For procedures using fused glass, the flux type and sample:flux dilution ratio used to prepare the analytical glass.",Advanced,Editable,Text (free),"e.g., 'Li-tetraborate, 1:2 (sample:flux)' | 'Li-metaborate/tetraborate 50:50, 1:5' | 'Not applicable (in situ)'",,2026-07-24,(none),Y,Y,Y,
Sample Preparation Method,"Description of how samples were prepared for analysis (mounting, polishing, coating, fusion procedure, etc.).",Basic,Editable,Text (free),"e.g., 'Polished thin section, uncoated' | '25 mm epoxy mount, polished to 0.25 µm diamond' | 'Double-fused Li-tetraborate bead, polished to 1 µm'",,2026-05-22,(none),Y,Y,Y,
Pre-Ablation Surface Treatment,"Procedure applied immediately before each analysis to remove surface contamination or condition the sample surface. Distinct from general sample preparation. For spot analysis, pre-ablation pulses are discarded before signal acquisition begins. For mapping, this step is typically omitted as the large area ablated averages out surface effects.",Advanced,Editable,Text (free),"e.g., '10 pre-ablation pulses discarded before acquisition (50 µm, 10 Hz, 2 J cm⁻²)' | '150 µm square spot, 2 J cm⁻², 20 Hz, 300 µm s⁻¹ pre-ablation pass (Chernonozhkin et al. 2021)' | 'None'",,2026-07-24,(none),Y,Y,Y,
Target Selection Criteria,"The rules governing which part of the sample is analysed, and why. Covers the criteria applied when choosing grains, aliquots, spots, or a region of interest — size, morphology, clarity, freedom from inclusions or alteration, phase identity, or spatial position. Distinct from Target Material, which states the material type the procedure is designed for: this field states how, within such a sample, the analysed portion is picked out. Generalised from Lab-XCT's 'VOI Selection Criteria', which implements this concept for a single technique.",Basic,Editable,Text (free),"e.g., 'Euhedral, crack- and inclusion-free grains 80-150 um; oscillatory-zoned rims targeted, inherited cores avoided on CL' | 'All grains in the separate analysed (detrital provenance)'",,2026-08-08,(none),Y,Y,Y,
Pre-Analysis Imaging and Screening,"Imaging or other characterisation performed before the measurement in order to select or locate the analysed target, including the technique, instrument and settings used, and how individual analyses are linked back to the images. Distinct from any imaging the procedure performs as its own measurement. Where the imaging is performed on a separate instrument, it should also be recorded in the Group 1 coupling fields.",Advanced,Editable,Text (free),"e.g., 'CL imaging on Zeiss Sigma SEM at 10 kV before spot placement; every dated grain imaged and spot positions annotated' | 'BSE and CL mosaics; micro-Raman screening of chemical-abrasion effectiveness (McKanna et al. 2023)'",,2026-08-08,(none),Y,Y,Y,
Chemical Abrasion Conditions,"Annealing and partial-dissolution conditions applied to mitigate Pb loss before analysis, following Mattinson (2005): annealing temperature and duration, and the acid, temperature and duration of the partial-dissolution step. Condon et al. (2024) require these where chemical abrasion was applied, and state that it generally should be for zircon. Record 'None' where grains were analysed untreated, since the absence of treatment materially affects how discordance should be read.",Basic,Read-Only,Text (free),"e.g., 'Annealed 900 C, 60 h; partial dissolution 12 M HF, 210 C, 12 h' | 'Annealed 850 C, 48 h; 29 M HF, 180 C, 12 h' | 'None (untreated)'",Source: U-Pb module,2026-08-08,(none),Y,Y,Y,
,,,,,,,,,,,,
3. Instrument & Software,,,,,,,,,N,N,N,N
Laser Manufacturer & Model,Manufacturer and model of the laser ablation system.,Basic,Read-Only,Text (free),"e.g., 'ESI/NWR imageGEO193' | 'Coherent GeoLas HD' | 'Teledyne Analyte Excite 193' | 'Teledyne Analyte G2'",,2026-05-14,(none),Y,Y,Y,
ICP-MS Manufacturer & Model,Manufacturer and model of the ICP-MS instrument.,Basic,Read-Only,Text (free),"e.g., 'Thermo Scientific iCAP TQ' | 'Agilent 7900' | 'Thermo Scientific Element XR' | 'TOFWERK icpTOF'",,2026-05-06,(none),Y,Y,Y,
ICP-MS Type,Type of ICP-MS mass analyser and collector configuration.,Basic,Read-Only,Controlled list,"Multi-collector (MC-ICP-MS) | Multi-collector with collision/reaction cell (e.g. Nu Sapphire, Thermo Neoma MS/MS) | Other: specify | N/A | None",,2026-08-08,(none),Y,Y,Y,
Instrument Serial Number or Lab Identifier,Serial number or laboratory-internal identifier for the specific instrument unit. Supports traceability to instrument service records.,Advanced,Editable,Text (free),"e.g., 'Element XR S/N 1234' | 'Lab unit: Ghent-SF2'",,2026-06-17,(none),Y,Y,Y,
Interface Cone Configuration,Combination of sample cone and skimmer cone installed during analysis.,Basic,Read-Only,Text (free),"e.g., 'Ni standard sample cone + Ni H-type skimmer' | 'Al standard sample cone + Al H-type skimmer (1.1 mm aperture)' | 'Pt sample cone + Pt skimmer'",,2026-05-14,(none),Y,Y,Y,
Sampler and Skimmer Cone Material,"Material composition of the sampler and skimmer cones. Common materials are nickel (standard), platinum (for high-TDS or organic-matrix samples), and aluminium (for high-purity work). Cone material affects sensitivity, matrix tolerance, and long-term stability. State both sampler and skimmer materials; if identical, a single statement is acceptable.",Advanced,Read-Only,Text (free),"Nickel (Ni) sampler and skimmer cones (standard configuration); Platinum (Pt) sampler, nickel (Ni) skimmer",,2026-05-14,(none),Y,Y,Y,
Torch Depth,"Distance between the load coil and the sampling cone tip (mm), also called injector depth or torch position depending on the instrument manufacturer. Affects ion transmission efficiency, oxide formation, and doubly-charged species production. The procedure specifies a target value optimised during initial setup; the analyst confirms or fine-adjusts during session tuning.",Advanced,Editable,Text (free),5 mm; Standard position (manufacturer default; not explicitly reported),,2026-07-24,(none),Y,Y,Y,
Torch Type,Type of plasma torch installed. Injector inner diameter (typically 1.5–2.5 mm) affects aerosol transport efficiency and plasma conditions in LA-ICP-MS.,Advanced,Read-Only,Text (free),Standard quartz | High-matrix (low-flow) | Low-volume | N/A | None | Other: specify,,2026-06-17,(none),Y,Y,Y,
Guard Electrode,Whether the guard electrode (also called extraction lens or Fassel torch shield) was active during analysis.,Basic,Read-Only,Controlled list,On | Off | Not applicable (instrument does not have guard electrode) | N/A | None | Other: specify,,2026-08-11,(none),Y,Y,Y,
Mass Resolution Setting,"Operating mass resolution of the mass analyser. For quadrupole instruments this is fixed at unit resolution by instrument design. For sector-field instruments the analyst selects low, medium, or high resolution to balance sensitivity against spectral interference suppression.",Basic,Editable,Text (free),"e.g., Unit resolution — quadrupole (fixed) | Low resolution — SF (~300 m/Δm) | Medium resolution — SF (~3000 m/Δm) | High resolution — SF (~10000 m/Δm) | Other: specify",,2026-08-11,(none),Y,Y,Y,
Detector Configuration,"Type(s) of detector(s) installed in the mass spectrometer. For single-collector instruments, note whether dual pulse-counting/analog mode is used. For multi-collector instruments, describe the Faraday/multiplier cup layout.",Basic,Read-Only,Text (free),"e.g., 'Single SEM, dual mode (pulse counting and analog)' | 'Single SEM in triple mode (pulse, analog, Faraday)' | 'Nine Faraday cups + one ion counter (MC)'",,2026-05-06,(none),Y,Y,Y,
Collision/Reaction Cell (CRC) Configuration,"Whether a collision or reaction cell is installed and its operating mode. In standard mode (STD), no cell gas is introduced and the cell acts only as an ion guide. In kinetic energy discrimination (KED) mode, helium thermalizes ions so that polyatomic interferences (larger collision cross-section) are selectively retarded by a cell exit barrier voltage. In dynamic reaction cell (DRC) mode, a reactive gas selectively neutralizes specific interferences through ion-molecule reactions. On ICP-MS/MS instruments (e.g., Agilent 8900), a second mass filter preceding the cell enables precursor-ion selection. Specific gas types, flow rates, and cell voltages are documented in Group 4. Record 'Not applicable' for SF-ICP-MS instruments, which lack collision/reaction cells. Record 'N/A' where the instrument is not fitted with a collision/reaction cell.",Basic,Read-Only,Controlled list,"STD (standard mode, no gas) | KED (kinetic energy discrimination, He gas) | DRC (dynamic reaction cell, reactive gas) | ICP-MS/MS (triple-quadrupole mode) | N/A | None | Other: specify",,2026-08-11,(none),Y,Y,Y,
Laser Wavelength and Type,Wavelength and type of the laser used for ablation in nanometres.,Basic,Read-Only,Text (free),"e.g., '193 nm ArF excimer' | '213 nm Nd:YAG frequency-quintupled' | '257 nm Yb:KGW femtosecond' | '1030 nm Yb:KGW IR femtosecond'",,2026-05-14,(none),Y,Y,Y,
Acquisition Software,"Instrument control and data acquisition software used to collect raw signal data, including version number. Separate from data reduction software.",Basic,Editable,Text (free),"e.g., 'Thermo Qtegra 2.10.3324' | 'Agilent MassHunter Workstation 4.6' | 'Thermo PlasmaLab 2.5.4'",,2026-05-06,(none),Y,Y,Y,
Data Reduction Software,"Software used for signal processing, background subtraction, and concentration calculation, including version number.",Basic,Editable,Text (free),"e.g., 'Iolite 4.7 (Paton et al. 2011)' | 'GLITTER 4.4' | 'SILLS 1.1.5 (Guillong et al. 2008)' | 'LAtools' | 'In-house MatLab script'",,2026-05-14,(none),Y,Y,Y,
Ablation Cell Type,"Type, design origin, and internal volume of the ablation cell. Cell volume is a primary determinant of aerosol washout time and therefore the achievable time resolution of the data.",Basic,Read-Only,Text (free),"e.g., 'Two-volume HelEx II (Müller et al. 2009)' | 'HDIP low-dispersion tube-type cell' | 'Single-volume standard cell' | 'ARIS (Aerosol Rapid Introduction System)'",,2026-05-14,(none),Y,Y,Y,
Sample Introduction,"Configuration by which the ablated aerosol is delivered to the plasma, including tubing, any signal-homogenising device, and any co-aspirated solution introduced alongside the aerosol — for example a Tl solution used for instrumental mass bias correction, or an isotopic spike used for isotope dilution. Distinct from the carrier and make-up gas fields, which record gas identity and flow rather than what else enters the plasma.",Basic,Read-Only,Text (free),"e.g., 'Squid signal homogeniser, 2 m PTFE tubing, no co-aspiration' | 'Dry plasma; Tl solution co-aspirated via desolvating nebuliser for mass bias correction'",,2026-08-08,(none),Y,Y,Y,
Faraday Cup Array Configuration,"Description of the multi-collector Faraday cup array. Specify the total number of Faraday cup detectors (fixed and moveable), their labeled positions (e.g., L4, L3, L2, L1, Ax, H1, H2, H3, H4 for a 9-cup Neptune), and the presence and position of any ion counter (SEM) or Daly detector in the collector block. The number and span of cups constrains which isotope combinations can be simultaneously collected.",Basic,Read-Only,Text (free),,,2026-08-08,(none),Y,Y,Y,
Faraday Cup Amplifier Resistor Values,"Resistance values (Ω) of the feedback resistors in the Faraday cup amplifiers. Standard amplifiers use 10¹¹ Ω resistors, yielding 1 V per ~6.24 × 10⁶ ion counts per second. High-gain amplifiers (10¹² or 10¹³ Ω) are fitted to selected cups to improve signal-to-noise for very low-intensity beams (e.g., 234U, low-abundance spike isotopes). Report the resistor value per cup position, or note 'all 10¹¹ Ω' if uniform.",Basic,Read-Only,Text (free),,,2026-08-08,channel,Y,Y,Y,
Faraday Cup Gain Calibration Method,"Method used to calibrate the relative gain (amplification factor) of each Faraday cup amplifier at the start of or during each analytical session. Relative gain differences between amplifiers cause systematic errors in isotope ratios if uncorrected. Common approaches: instrument internal gain calibration routine (measures signal in each cup sequentially using a common beam), amplifier rotation procedure, or measurement of a known isotope ratio solution in each cup. For instruments with SEM detectors, also describes the SEM-to-Faraday cross-calibration sequence. Specify frequency (per session, per block, weekly).",Basic,Read-Only,Text (free),,,2026-08-08,channel,Y,Y,Y,
,,,,,,,,,,,,
4. Measurement Information,,,,,,,,,N,N,N,N
Analytical Mode,"Primary analytical mode(s) executed under this procedure. For single-mode procedures, records one value (e.g., Spot). For multi-mode procedures (e.g., spot analysis combined with transect scanning), list all applicable modes. Serves as the procedure-level declaration of measurement type, distinct from the mode flag columns which indicate per-field applicability.",Basic,Read-Only,Controlled list,'Spot' | 'Transect' | 'Mapping' | 'Spot; Transect' | 'Spot; Mapping',,2026-08-08,(none),Y,Y,Y,
Laser Spot Geometry,"Shape and dimensions of the laser ablation spot in micrometres registered by the procedure. For circular spots, report diameter; for square or rectangular spots, report width × length. The procedure registers the typical geometry; analysts may adjust within procedure-allowed range.",Basic,Editable,Text (free),"e.g., '25 µm circular' | '20×20 µm square' | '15 or 25 µm circular (phase-dependent)'",,2026-07-24,(none),Y,Y,Y,
Spot Diameter (Measured),"Diameter of the laser spot as independently measured on the sample or on a test material, distinct from the nominal value the procedure registers. Measured companion to Laser Spot Geometry: nominal and delivered spot size can differ appreciably with optics condition and focus.",N/A,Basic,Numeric (µm),"e.g., '32.4' | 'nominal 35, measured 33.1 +/- 0.8 (n = 12 pits, white-light profilometry)'",,2026-08-08,(none),Y,Y,Y,
Laser Spot Path / Ablation Mode,Sampling mode or ablation pattern used during analysis.,Basic,Read-Only,Controlled list,Spot (stationary) | Transect (continuous line scan) | Raster area (2D elemental mapping) | Stepped line profile | N/A | None | Other: specify,,2026-08-11,(none),Y,Y,Y,
Laser Energy,Laser pulse energy in millijoules as set at the laser output or measured at the sample surface. Less commonly reported than fluence because it does not account for spot area. Report only when the system displays energy directly. Laser fluence (J cm⁻²) is the preferred quantity and is captured in Default Laser Fluence.,Advanced,Editable,Numeric (mJ),"e.g., 0.001 mJ | 3.5 mJ",,2026-05-06,(none),Y,Y,Y,
Laser Fluence (Energy Density),"Laser pulse energy per unit area at the sample surface in J cm⁻², as registered by the procedure. Fluence is the physically meaningful quantity controlling ablation rate, crater morphology, elemental fractionation, and particle size distribution. If the system reports only as % of maximum output, include that value and note the system maximum where known.",Basic,Editable,Numeric (J cm⁻²),"e.g., '3.5 J cm⁻²' | '7 J cm⁻²' | '60% output (PHAROS system, max ~15 J cm⁻²)'",,2026-07-24,(none),Y,Y,Y,
Laser Beam Energy Profile,"Spatial energy distribution of the laser beam at the sample surface, and whether a beam homogenizer is installed. A flat-top (top-hat) profile produces more uniform ablation craters and more reproducible crater morphology than a Gaussian beam. This is a fixed hardware property of the laser system.",Advanced,Read-Only,Controlled list / Text,Flat-top (top-hat) — beam homogenizer installed | Gaussian — no beam homogenizer | Not stated | N/A | None,,2026-05-13,(none),Y,Y,Y,
Laser Repetition Rate,"Laser pulse repetition rate in hertz registered by the procedure. For mapping methods, repetition rate together with scan speed and spot size determines pixel size and spatial resolution. Analysts may adjust within procedure-allowed bounds.",Basic,Editable,Numeric (Hz),"e.g., 5 | 10 | 20 | 100",,2026-07-24,(none),Y,Y,Y,
Laser Pulse Duration,"Duration of each individual laser pulse, including units. Pulse duration determines the ablation regime: nanosecond (ns) pulses involve significant thermal effects and elemental fractionation; femtosecond (fs) pulses are non-thermal and substantially reduce elemental fractionation and matrix effects. This is a fixed hardware property of the laser system.",Basic,Read-Only,Text (free),"e.g., '4 ns (ArF excimer)' | '20 ns' | '290 fs (Yb:KGW)' | '220 fs (Ti:sapphire)'",,2026-05-13,(none),Y,Y,Y,
Ablation Duration per Spot,"Total on-sample ablation (signal acquisition) time per individual spot in seconds, as set in the acquisition method. This is a procedure-level parameter for spot analysis: it reflects the deliberate trade-off between signal accumulation (longer = lower LOD), sample consumption, and session throughput. For transect analysis, the equivalent procedure-level parameter is scan speed (captured in Transect Rate, Mapping Rate or Step Size). For mapping analysis, total acquisition time is sample-area-dependent and therefore analysis-level, not captured here.",Basic,Editable,Numeric (s),"e.g., 40 s | 60 s | 90 s",,2026-07-24,(none),Y,N,N,
Ablation Pit Depth and Ablation Rate,"Depth of the ablation pit produced under the registered laser conditions, the method used to measure it, and the resulting per-pulse ablation rate. Sets the achievable depth resolution and governs downhole elemental fractionation. For transect and mapping the equivalent quantity is trench depth under the same conditions.",Basic,Editable,Text (free),"e.g., 'Pit depth 18 um after 300 pulses (white-light profilometry); 60 nm/pulse' | 'Trench depth 4 um at 5 um/s scan speed'",,2026-08-08,(none),Y,Y,Y,
"Transect Rate, Mapping Rate or Step Size","For continuous line scan (transect) and raster mapping: the stage translation speed in µm s⁻¹. This is the procedure-level parameter that, together with spot size and repetition rate, determines spatial resolution along the scan direction. For mapping, the mapping rate (mm² h⁻¹) may be reported as an alternative when scan speed is session-variable. For stepped line profiles: the distance between successive spot positions in µm.",Advanced,Editable,Text (free),"e.g., '5 µm s⁻¹ (transect)' | '9 µm s⁻¹ (raster mapping, 20×20 µm spot, 20 Hz)' | '20 µm step size' | '0.3–30 mm² h⁻¹ (mapping rate range)'",,2026-07-24,(none),N,Y,Y,
Raster Line Spacing (Mapping Only),"Distance between adjacent raster lines in a 2D elemental map, measured perpendicular to the scan direction, in micrometres. Together with spot size, this determines whether adjacent lines are contiguous (line spacing = spot size), overlapping (line spacing < spot size), or have gaps (line spacing > spot size). Applies to raster mapping only.",Basic,Editable,Text (free),"20 µm (contiguous, equal to spot size) | 15 µm pitch with 5 µm gap between lines | N/A (spot or line-scan mode)",,2026-05-06,(none),N,N,Y,
Carrier Gas and Flow Rate,"Gas used to transport ablated aerosol from the ablation cell to the ICP-MS torch, with the procedure-registered target flow rate(s). Helium is standard for most UV laser systems due to superior aerosol transport. Flow rates are procedure targets; actual session values may be adjusted within ±10% during tuning.",Basic,Editable,Text (free),"e.g., 'He, 0.75 l min⁻¹' | 'He: MFC-1 (cell) 0.60 l min⁻¹ + MFC-2 (cup) 0.35 l min⁻¹'",,2026-07-24,(none),Y,Y,Y,
Plasma / Make-up Gas Addition,"Additional gas(es) mixed into the carrier stream downstream of the ablation cell, with the procedure-registered target flow rate. Ar make-up gas is standard. Small N₂ additions can enhance sensitivity for some elements. If N₂ is not added, state ""None"" explicitly to distinguish from not reported.",Advanced,Editable,Text (free),"e.g., 'Ar make-up gas, 0.95 l min⁻¹' | 'Ar make-up 0.80 l min⁻¹ + N₂ 2 ml min⁻¹ (sensitivity enhancement)' | 'None (no N₂ added)'",,2026-07-24,(none),Y,Y,Y,
Coolant (Plasma) Gas Flow Rate,"Flow rate of the outer (coolant/plasma) argon gas stream that sustains the ICP plasma, in L/min. Determines plasma volume and stability. Set during initial plasma optimisation and confirmed at each session start.",Basic,Editable,Numeric (L/min),14 L/min | 15 L/min | Other: specify,,2026-06-17,(none),Y,Y,Y,
Auxiliary Gas Flow Rate,"Flow rate of the intermediate (auxiliary) argon gas stream that positions the plasma relative to the load coil, in L/min. Affects ion extraction efficiency and oxide production rates. Distinct from the carrier gas (which transports ablation aerosol) and the coolant (plasma) gas.",Basic,Editable,Numeric (L/min),0.8 L/min | 1.0 L/min | 1.2 L/min | Other: specify,,2026-06-17,(none),Y,Y,Y,
RF Power,"ICP radiofrequency forward power in watts. Affects plasma temperature, ionisation efficiency, oxide formation, and whether cool or normal plasma conditions are in effect. The procedure registers a target value optimised during initial setup; the analyst confirms or fine-adjusts during session tuning.",Basic,Editable,Numeric (W),"e.g., 800 W | 1200 W | 1350 W | 1550 W",,2026-07-28,(none),Y,Y,Y,
Plasma Thermal Mode,"Whether the ICP plasma is operated under cool plasma (≤900 W RF) or normal (hot) plasma (>1000 W RF) conditions. Cool plasma substantially reduces argide-based polyatomic interferences (e.g., ⁴⁰Ar on ⁴⁰Ca, ⁴⁰Ar⁴⁰Ar on ⁸⁰Se). This is a fundamental method design choice that determines which interference corrections are necessary and should be documented independently of the RF Power field.",Basic,Read-Only,Controlled list,Normal plasma (>1000 W RF) | Cool plasma (≤900 W RF) | Mixed: specify mode per analytical sub-run | N/A | None | Other: specify,,2026-08-11,(none),Y,Y,Y,
Signal Smoothing,"Description of any signal smoothing device or approach installed between the ablation cell and the ICP-MS to reduce pulse-to-pulse signal variability. Note: active signal smoothing devices (e.g., squid, SCFAST) are generally incompatible with high-resolution raster mapping because they degrade spatial resolution by mixing aerosol from successive laser shots. For mapping analyses, report ""None"" explicitly.",Advanced,Editable,Text (free),"e.g., 'Squid 2.0 (laurin technik)' | 'ARIS (Aerosol Rapid Introduction System)' | 'None'",,2026-05-14,(none),Y,Y,Y,
ICP Tuning,"Description of the approach used to optimise ICP plasma conditions prior to analysis, including the reference material used for tuning and the acceptance criteria (e.g., oxide production threshold, sensitivity targets, mass calibration).",Advanced,Editable,Text (free),"e.g., 'Daily auto-tune on NIST SRM 612; optimised for max sensitivity on ¹³⁹La and ²³²Th with ThO⁺/Th⁺ <0.5% and U/Th = 1.0 ± 0.05'",,2026-05-14,(none),Y,Y,Y,
Sensitivity as Useful Yield,"Instrument sensitivity expressed as useful yield: the percentage of sampled atoms of a given element ultimately detected as ions, with the method used to derive it cited. A more rigorous and more comparable statement of sensitivity than counts per second per unit concentration, which depends on spot size, fluence and repetition rate.",N/A,Advanced,Numeric (%),"e.g., '0.42 (U, method of Horstwood et al. 2016)' | 'Pb 0.31%, U 0.44%'",,2026-08-11,analyte,Y,Y,Y,
Oxide Production Method and Threshold,"Method used to quantify plasma oxide production and the acceptance threshold applied before commencing analysis. The ThO⁺/Th⁺ ratio (mass 248/232) is most widely used, but UO⁺/U⁺ (mass 254/238) or CeO⁺/Ce⁺ (mass 156/140) may also be used. Report both the measurement method (which oxide proxy) and the threshold value.",Basic,Read-Only,Text (free),"e.g., 'ThO⁺/Th⁺ (248/232) <0.5%' | 'ThO⁺/Th⁺ <0.3%; UO⁺/U⁺ monitored at 0.95–1.05' | 'CeO⁺/Ce⁺ <1.0%'",,2026-05-06,(none),Y,Y,Y,
Oxide Production,"Actual oxide production ratio measured during this analytical session, using the method specified in the procedure-level field ""Oxide Production Method and Threshold"". Report the measured value and confirm it met the procedure threshold.",N/A,Basic,Text (free),"e.g., 'ThO⁺/Th⁺ = 0.3% (threshold <0.5% met)' | 'ThO⁺/Th⁺ = 0.08%' | 'CeO⁺/Ce⁺ = 0.7% (threshold <1.0% met)'",,2026-07-24,(none),Y,Y,Y,
Doubly-Charged Species Monitor,The mass ratio monitored to estimate doubly-charged ion (M²⁺) formation during instrument tuning. Doubly-charged ions appear at half the mass of the parent ion and can cause isobaric interferences on analytes in that mass region. The monitor species and the mass positions monitored should be stated explicitly. Analogous to Oxide Production Method and Threshold for oxide monitoring.,Advanced,Editable,Text (free),¹³⁸Ba²⁺/¹³⁸Ba⁺ (m/z 69/138); Ce²⁺/Ce⁺ (m/z 70/140); ²³⁸U²⁺/²³⁸U⁺ (m/z 119/238),,2026-05-14,(none),Y,Y,Y,
Doubly-Charged Species Production,"Measured percentage of doubly-charged ion production for the monitored species at the time of instrument tuning. The procedure should specify the acceptable threshold (e.g., <1%, <3%); the measured value for each session is recorded here. Report both the threshold and the measured value where possible.",Advanced,Editable,Text (free),"<1% (threshold); 0.4% (measured, ¹³⁸Ba²⁺/¹³⁸Ba⁺); N (not reported)",,2026-07-24,(none),Y,Y,Y,
Instrument Warm-up / Session Duration Limit,"Minimum warm-up time required after plasma ignition before analyses begin, and any maximum session duration enforced to maintain stable operating conditions. These constraints are part of the procedure and cannot be varied by the analyst.",Advanced,Read-Only,Text (free),"e.g., '≥30 min warm-up after sample change; sessions ≤8 h after tuning' | '3–4 h warm-up; no session duration limit'",,2026-07-24,(none),Y,Y,Y,
Analysis Sequence,"Repeating order of primary calibration standard(s), quality control standard(s), and unknown analyses within a measurement session. Editable to allow minor adjustments while maintaining the bracketing strategy defined in the procedure.",Basic,Editable,Text (free),"e.g., '1 primary std / 1 QC / 10 unknowns' | '2/4/15' | 'Calibration at start and end; unknowns in between'",,2026-07-24,(none),Y,Y,Y,
Analyte,"Isotopes (mass/charge) this procedure is designed to measure. Defines the scope of the procedure and enables matching of procedures to analytical needs. At analysis level, record the specific isotopes actually measured in the session — this may be a subset of the procedure scope if certain masses were excluded due to interference issues or detector limitations.",Basic,Editable,Text (free),"e.g., 'Major elements: ²⁵Mg, ²⁸Si, ⁴⁴Ca, ⁵⁷Fe; Trace elements: ⁴⁵Sc, ⁵¹V, ⁵³Cr ... ²³⁸U' | 'All REE: ¹³⁹La–¹⁷⁵Lu'",,2026-07-24,defines: analyte,Y,Y,Y,
Monitored Isotopes,"Specific isotope(s) monitored per analyte element in this procedure, including any interference-monitor masses.",Basic,Read-Only,Text (free),⁷Li | ²⁵Mg | ⁵⁶Fe | ²⁰⁸Pb | N/A | None | Other: specify,,2026-08-11,analyte,Y,Y,Y,
Reported Variables and Units,"The final variable(s) this procedure reports and their units — distinct from Analyte and Monitored Isotopes, which record what was acquired. A procedure may acquire many masses and report a small number of derived quantities; without this field a data consumer cannot tell which columns of a dataset the procedure is accountable for.",Basic,Read-Only,Text (free),"e.g., 'Element concentrations in ug/g; 2SE per analyte' | '207Pb/206Pb, 206Pb/238U, 207Pb/235U (radiogenic, common-Pb corrected), absolute ratios with 2-sigma'",,2026-08-08,defines: reported property,Y,Y,Y,
Mass Resolution per Analyte,Mass resolution mode assigned to each analyte in this procedure. The selected resolution determines which polyatomic interferences are physically resolved by the magnetic sector. Per-analyte assignments are documented here; the overall mode(s) used in the procedure are recorded in Mass Resolution Setting (Group 3).,Basic,Read-Only,Text (free),"LR: Ag, Cd, Sb, Tl, Bi; MR: Ga, Ge, Mo, In, Sn, W | All LR (m/Δm ≈ 300) | N/A | None | Other: specify",,2026-08-11,analyte,Y,Y,Y,
Ion Counter Dead Time,"Dead time of each ion-counting detector channel, used in the dead-time correction applied to high count rates. Distinct from Pulse/Analog Detector Nonlinearity Correction, which cross-calibrates the two detector modes rather than correcting counting losses within the pulse-counting mode.",Basic,Editable,Numeric (ns),"e.g., '23' | '23 ns (determined from NIST 612 at varying spot size, checked quarterly)'",,2026-08-08,channel,Y,Y,Y,
Collision Gas Type,Type of collision gas introduced into the collision/reaction cell in KED mode. Helium (He) is the standard collision gas for kinetic energy discrimination due to its low mass and chemical inertness. Record 'None' if the CRC is in STD mode or not installed. Record 'N/A' where Collision/Reaction Cell (CRC) Configuration does not include KED.,Basic,Read-Only,Text (free),He (helium) | None | N/A | Other: specify,,2026-08-11,(none),Y,Y,Y,
Collision Gas Flow Rate,"Flow rate of the collision gas (typically He) introduced into the collision/reaction cell, in mL/min. Controls the degree of ion thermalization and KED efficiency. Record 'None' if the CRC is in STD mode. Record 'N/A' where Collision/Reaction Cell (CRC) Configuration does not include KED.",Basic,Editable,Numeric (mL/min),3.5 mL/min | 4.0 mL/min | None (STD mode) | N/A,,2026-08-11,(none),Y,Y,Y,
Cell Exit Discrimination Voltage,"Bias voltage applied at the collision/reaction cell exit to discriminate between analyte ions and low-energy polyatomic interferences in KED mode, in volts (V). A negative bias preferentially retards slow polyatomic ions while transmitting faster analyte ions. Record 'None' if the CRC is in STD mode. Record 'N/A' where Collision/Reaction Cell (CRC) Configuration does not include KED.",Basic,Editable,Numeric (V),−5 V | −8 V | None (STD mode) | N/A,,2026-08-11,(none),Y,Y,Y,
Reaction Gas Type,"Type of reactive gas introduced into the dynamic reaction cell (DRC) for interference removal through ion-molecule reactions. Common reaction gases include NH₃ (e.g., for Fe, Ca, K isotopes) and O₂ (e.g., for As, Ge). Record 'None' if DRC mode is not used. Record 'N/A' where Collision/Reaction Cell (CRC) Configuration does not include DRC.",Advanced,Read-Only,Text (free),NH₃ | O₂ | CH₄ | None | N/A | Other: specify,,2026-08-11,(none),Y,Y,Y,
Reaction Gas Flow Rate,"Flow rate of the reactive gas introduced into the dynamic reaction cell (DRC), in mL/min. Record 'N/A' where Collision/Reaction Cell (CRC) Configuration does not include DRC.",Advanced,Editable,Numeric (mL/min),0.4 mL/min | 0.8 mL/min | None | N/A,,2026-08-11,(none),Y,Y,Y,
Background Count Time,"Total time spent measuring gas blank (background signal with laser off or shutter closed) before each ablation event, in seconds. For spot and transect analysis, a discrete background interval is measured before each ablation. For mapping, background is typically measured once per raster line or at the start of a map session rather than before each individual pixel. Editable to allow session-specific adjustment.",Basic,Editable,Numeric (s),"e.g., '30 s (spot/transect)' | '10 s per raster line (mapping)' | '25 s (one gas blank map per GRM at session start)'",,2026-05-06,(none),Y,Y,Y,
Multi-Run Sequential Analysis Design,"Whether the procedure uses a single acquisition pass or multiple sequential runs on the same sample location, each optimized for different analytical objectives. For multi-run designs, describe the number of runs, their purpose, key laser and instrument settings per run, and how outputs of one run feed into data reduction of another. Not applicable to raster mapping, where each spatial location is visited exactly once.",Advanced,Read-Only,Text (free),"e.g., Single run | Two sequential runs: run 1 (major elements, 30 µm circular, medium resolution) → run 2 (trace elements, 130 µm circular, low resolution; Cr from run 1 as IS) | Pre-ablation pass + single acquisition run",,2026-08-11,(none),Y,Y,N,
Analysis Location/Spot Coordinates,"Location of the analysis on the sample surface. For spot and transect analysis: stage coordinates (X, Y in µm) or a description relative to a named reference feature (e.g., mineral rim, inclusion boundary). For mapping: coordinates of the map corner(s) or centre, plus map dimensions. Enables spatial reconstruction and co-registration with other analytical images.",N/A,Basic,Text (free),"e.g., 'X = 12350 µm, Y = 8760 µm (stage coordinates)' | '500 µm from metal-olivine rim toward core' | 'Map centre: X=15000, Y=9000 µm; area: 1450×600 µm'",,2026-05-06,sampling unit,Y,Y,Y,
Number of Replicates,Number of replicate analyses performed on the same sample (or same nominal location for spot analysis) in this session. For spot analysis: number of individual spot analyses per grain or location. For transect: number of replicate transect lines. For mapping: number of map acquisitions of the same area (usually 1).,N/A,Basic,Integer,"e.g., 3 (three replicate spots per grain) | 1 (single transect) | 1 (single map)",,2026-05-06,(none),Y,Y,Y,
Transect Length,"Total length of the transect line analysed in micrometres. This is an analysis-level parameter because it depends on the size of the feature of interest rather than being fixed in the procedure. The procedure fixes scan speed (captured in Transect Rate, Mapping Rate or Step Size); transect length is determined at analysis time based on grain or feature size.",N/A,Basic,Numeric (µm),"e.g., 500 µm | 1200 µm | 3000 µm",,2026-07-24,(none),N,Y,N,
Mapping Area,"Total area covered by the 2D raster map, expressed as width × height in µm or as total area in µm² or mm². This is an analysis-level parameter because it depends on the size of the grain or phase to be mapped. The procedure fixes scan speed, line spacing, and spot size; the map area is chosen at analysis time to cover the target feature.",N/A,Basic,Text (free),"e.g., '1450×600 µm (870,000 µm²)' | '200×200 µm' | '0.5 mm²'",,2026-07-24,(none),N,N,Y,
Collector Configuration,"Assignment of isotope masses to Faraday cup or ion counter detector positions for this procedure. Lists the mass number monitored in each collector position (e.g., L4=116Sn, L3=117Sn, L2=118Sn, L1=119Sn, Ax=120Sn, H1=121Sb, H2=122Sn, H3=123Sb, H4=124Sn). For static multi-collection procedures, one configuration applies throughout the measurement. For multi-dynamic procedures, list all configurations and the cycling sequence. Includes all interference-monitor masses collected in addition to analyte isotopes. Different element systems require different mass assignments within the collector array span.",Basic,Read-Only,Text (free),,,2026-08-08,defines: channel,Y,Y,Y,
Number of Blocks per Measurement,"Number of measurement blocks acquired per sample or standard solution introduction. In MC-ICP-MS, data are structured as blocks of cycles; each block typically begins with a baseline (on-peak zero) measurement before the analytical cycles. Multiple blocks per sample allow inspection of signal stability and within-measurement drift. Procedure specifies the standard number; analyst may adjust for samples with low signal or for high-precision requirements.",Basic,Editable,Integer,,,2026-08-08,(none),Y,Y,Y,
Number of Cycles per Block,Number of measurement cycles acquired per block. One cycle corresponds to a single set of simultaneous Faraday cup readings integrated for the duration specified in Integration Time per Cycle. Total integration time per sample = (Number of Cycles per Block) × (Integration Time per Cycle) × (Number of Blocks per Measurement). Procedure specifies the standard value; analyst may adjust within procedure bounds.,Basic,Editable,Integer,,,2026-08-08,(none),Y,Y,Y,
Integration Time per Cycle,"Duration of signal integration per measurement cycle (seconds). Determines counting statistics per cycle. Longer integration times improve shot-noise precision but increase the impact of signal drift within the integration window. For high-gain (10¹² or 10¹³ Ω) amplifier channels, longer integration times are often required to accumulate sufficient charge. Procedure specifies the standard integration time; analyst may confirm or adjust within procedure bounds. Where different isotope channels use different integration schemes, record the time for each channel.",Basic,Editable,Numeric (s),,,2026-08-08,channel,Y,Y,Y,
Baseline Measurement Approach,"Method and timing for measuring the ion beam baseline (on-peak zero) during acquisition, and the portion of the acquisition it is taken from. Three approaches are in use and the choice depends on how sample reaches the plasma: deflecting the ion beam (beam-off or electrostatic deflector); aspirating an acid blank, which applies only to solution introduction; or, for laser ablation, collecting a defined number of laser-off cycles at the start of the same block, since no blank can be aspirated mid-ablation. State which, and how many cycles or how long.",Basic,Read-Only,Text (free),,,2026-08-08,(none),Y,Y,Y,
Peak Flatness Method and Threshold,"Method used to verify that every collector sits on a flat region of its peak top simultaneously, and the acceptance threshold applied before analysis begins. Specific to simultaneous collection: a sequential instrument centres one mass at a time, whereas a multi-collector array must have all cups on flat peak tops at once or the measured ratio carries a peak-shape bias that no downstream correction removes. Typically assessed by scanning across the peak plateau, or by comparing ratios measured at slightly offset mass positions.",Basic,Read-Only,Text (free),,,2026-08-08,(none),Y,Y,Y,
Peak Flatness,"Peak flatness actually achieved in the session, assessed against the criterion registered by the procedure. Companion measured value to Peak Flatness Method and Threshold, following the criterion-versus-measurement split used for Oxide Production.",N/A,Basic,Text (free),,,2026-08-08,(none),Y,Y,Y,
,,,,,,,,,,,,
5. Data Processing,,,,,,,,,N,N,N,N
Internal Standard Approach,"Method used to determine the internal standard (IS) concentration for each unknown sample, used to correct for variable ablation yield between analyses. The approach is a fundamental procedure design choice that cannot be changed by analysts.",Basic,Read-Only,Text (free),"e.g., 'Single element from EPMA (SiO₂ wt% used as IS)' | 'Sum-of-major-oxide normalization to 100% (Liu et al. 2008)' | 'Stoichiometry-derived (Ca fixed at 10.1 wt% for calcite)' | 'No IS — external calibration only'",,2026-07-24,(none),Y,Y,Y,
Internal Standard Element,"Element(s) used as the internal standard, and how the IS concentration value was determined for unknown samples. For mapping procedures using oxide-sum normalization, report ""None (oxide-sum normalization)"" and cite the method reference.",Basic,Read-Only,Text (free),"e.g., '²⁹Si; SiO₂ wt% from EPMA' | '⁵³Cr; measured in preceding major-element run (run 1)' | 'None — sum of MgO+FeO+SiO₂+P₂O₅ = 100 wt% (Liu et al. 2008)'",,2026-07-24,(none),Y,Y,Y,
Per-Analyte Calibration Strategy,"Documents cases where different analytes or analyte groups within the same session are calibrated using different strategies — for example, one element used as the internal standard while trace elements are calibrated by an external reference material, or different primary standards applied to different mass ranges or mineral phases. If a single calibration strategy applies uniformly to all analytes, state that here and refer to Internal Standard Approach and Normalization / Standards-Based Correction for details. Free text; list the strategy for each analyte or analyte group as needed.",Basic,Read-Only,Text (free),Single strategy: ⁴³Ca IS for all analytes (see Internal Standard fields); Multi-strategy: ⁴³Ca IS for major elements; NIST 610 external calibration for REEs; Fe+Ni+Co sum normalization for PGEs,,2026-08-11,analyte,Y,Y,Y,
Elemental Fractionation Correction,"Method used to correct for laser-induced elemental fractionation (LIEF), including downhole fractionation during prolonged ablation, matrix-dependent fractionation between sample and calibration standard, and any specific correction algorithm applied. Reference the software function or publication.",Basic,Read-Only,Text (free),"e.g., 'Normalised to NIST SRM 612; no additional downhole correction' | 'Exponential downhole fractionation correction in Iolite using NIST SRM 612' | 'Linear time-drift correction applied per analysis'",,2026-05-06,(none),Y,Y,Y,
Mass Bias Correction Strategy,"Strategy used to correct instrumental isotopic mass fractionation, also called mass bias or mass discrimination. Distinct from Elemental Fractionation Correction, which addresses inter-element fractionation during ablation and transport: this field addresses discrimination between isotopes of the same element, and applies wherever the procedure reports isotope ratios.",Basic,Read-Only,Text (free),"e.g., 'Standard-sample bracketing against NIST 612' | 'Co-aspirated Tl, exponential law' | 'None (elemental concentrations only)'",,2026-08-08,(none),Y,Y,Y,
Uncertainty Level,"The convention at which reported uncertainties are quoted — 1-sigma, 2-sigma, or a 95% confidence interval — and whether a measured spread is reported as a standard error or a standard deviation. A reported uncertainty is not interpretable without it: the same numeric value means different things at 1-sigma and at 95% confidence. State the convention applying to all values reported under this procedure, and state each separately where different reported quantities use different conventions. Distinct from Uncertainty Propagation Method, which addresses how component uncertainties are combined rather than how the result is quoted.",Basic,Read-Only,Controlled list / Text,2σ (95% confidence) | 1σ (68% confidence) | 95% confidence interval | 2 standard errors (2SE) | 1 standard deviation (1SD) | N/A | None,,2026-08-10,(none),Y,Y,Y,
Uncertainty Propagation Method,"The approach used to propagate analytical uncertainty through the data reduction chain to the final reported value. State which sources are included in the propagation: counting statistics, calibration standard uncertainty, internal standard uncertainty, drift correction, and any systematic contributions. Distinct from Uncertainty Level, which states the convention at which the resulting uncertainty is quoted.",Advanced,Editable,Text (free),"e.g., Counting statistics only (1σ on integrated signal, Longerich et al. 1996) | SD of n replicate analyses used as combined uncertainty estimate | Full propagation: counting + calibration standard + IS uncertainty (specify formula)",,2026-08-10,reported property,Y,Y,Y,
Matrix Offset Correction (LIEF),Whether an empirical correction was applied to account for systematic differences in laser-induced elemental fractionation (LIEF) patterns between the external calibration standard and the sample matrix.,Advanced,Read-Only,Text (free),"e.g., 'Applied: 6.4% offset in Ca/Si determined by comparison with EPMA (Jenner & O'Neill 2012)' | 'Not applied; Ca used as IS to cancel LIEF offset' | 'Not applicable'",,2026-05-06,(none),Y,Y,Y,
Signal Integration Interval Method,"Approach used to select the stable signal interval for integration during data reduction, and to exclude anomalous signals from inclusions or cracks. For spot/transect analysis: involves identifying and excluding transient start/end instabilities within the time-resolved signal. For mapping analysis: corresponds to defining Volumes of Interest (VOIs) or applying phase masks across the 2D map (e.g., manual selection, automated clustering, threshold-based masking).",Basic,Read-Only,Text (free),"Manual visual inspection per analysis | Automated threshold (specify software and threshold) | Fixed time window applied uniformly | k-means clustering on multi-element map data | Phase mask applied using elemental threshold (e.g., P₂O₅ to exclude veinlets)",,2026-05-06,(none),Y,Y,Y,
Signal Integration Time,"Actual integration time used for the ablation signal in this analysis, in seconds. This is an analysis-level outcome determined during data reduction by applying the Signal Integration Interval Method to the time-resolved signal. It is equal to or shorter than the Ablation Duration per Spot because the signal start and end transients are typically discarded. Not applicable to mapping analysis: for mapping, the equivalent concept is the per-pixel cycle time, which is determined by the spectrometer dwell time settings (a procedure-level field) rather than being an analysis-level outcome.",N/A,Basic,Numeric (s),"e.g., 40 s | 60 s",,2026-07-24,(none),Y,Y,N,
Spike / Outlier Filtering Approach,"Method used to identify and remove anomalous signal spikes arising from micronuggets, inclusions, cracks, or instrument artifacts during time-resolved signal processing. Editable because the specific implementation may vary between sessions while remaining within the procedure framework.",Advanced,Editable,Text (free),"e.g., 'Significant single spikes visually identified and removed in Iolite' | 'Statistical filter: data points >3σ from running mean removed' | 'No filtering applied' | 'Automated spike detection in SILLS'",,2026-07-24,(none),Y,Y,Y,
Blank / Background Correction Method,"Method used to subtract the gas blank (background signal with laser off) from the ablation signal. For spot and transect analysis: typically the mean of a pre-ablation gas blank interval is subtracted per isotope per analysis. For mapping: background may be subtracted per raster line, per map session, or using a separate gas blank map acquired under identical conditions.",Basic,Read-Only,Text (free),"e.g., 'Mean of 30 s pre-ablation gas blank subtracted per isotope per analysis' | 'Separate gas blank map (10 adjacent lines, laser off) acquired for each GRM; mean used for subtraction'",,2026-05-06,(none),Y,Y,Y,
Isobaric Interference Corrections Applied,"Whether isobaric interference corrections were applied for any measured isotope in this procedure. A procedure-level Boolean: if the procedure includes interference corrections, this is always Yes. Detail for each affected mass is captured in Interfering Species and Interference Correction Method.",Basic,Read-Only,Boolean,Yes | No,,2026-08-11,channel,Y,Y,Y,
Interfering Species,"Elemental or molecular species (oxides, argides, doubly charged ions) overlapping with the measured isotope.",Basic,Read-Only,Text (free),"e.g., '⁸⁷Rb on ⁸⁷Sr; ¹⁷⁰Yb²⁺ on ⁸⁵Rb' | '⁴⁰Ar³¹P⁺ on ⁷¹Ga; ⁴⁴Ca¹⁶O⁺ on ⁶⁰Ni' | '¹³⁷Ba¹⁶O⁺ on ¹⁵³Eu' | 'None'",,2026-08-11,channel,Y,Y,Y,
Interference Correction Method,"Equation or procedure used to correct for isobaric interferences, including the production rate factor and the reference material used to measure it.",Basic,Read-Only,Text (free),"e.g., 'Mathematical correction: ⁸⁷Sr_corrected = ⁸⁷Sr_measured − f(⁸⁷Rb/⁸⁵Rb) × ⁸⁵Rb' | 'Cool plasma (800 W) reduces ⁴⁰Ar-based argides by >90% for ⁶⁰Ni and ⁷¹Ga' | 'KED mode (He collision gas 4 ml min⁻¹) suppresses polyatomic interferences'",,2026-08-11,channel,Y,Y,Y,
Isotope Dilution Data Reduction Method,Mass balance approach used to calculate sample mass fractions from spike-sample isotope ratio measurements in isotope dilution (ID) analysis. Record 'None' if isotope dilution is not used.,Basic,Read-Only,Text (free),IUPAC isotope dilution equations | Double-spike inversion | None | N/A | Other: specify,,2026-06-17,(none),Y,Y,Y,
Memory Effect Mitigation,"Procedure applied to identify and minimise memory effects from high-concentration elements in the previous sample or standard that may contaminate subsequent analyses, or from incomplete aerosol washout between adjacent pixels in raster mapping mode. For mapping, the mitigation strategy involves controlling scan speed relative to washout time to ensure each pixel signal is sufficiently free of the preceding pixel's contribution.",Advanced,Editable,Text (free),"e.g., 'Extended washout (≥60 s He flush) between high-concentration standards and unknowns' | 'Scan speed set so that washout time (<1 s) is shorter than pixel acquisition interval' | 'None required for this element suite'",,2026-07-24,(none),Y,Y,Y,
Normalization / Standards-Based Correction,"Any post-acquisition normalization applied to correct for systematic biases identified from secondary reference materials, or stoichiometric normalization applied per pixel in mapping. Distinct from the primary internal standard approach captured in Internal Standard Approach.",Advanced,Editable,Text (free),"e.g., 'None' | '100% oxide sum normalization applied per pixel to enforce mass balance (Liu et al. 2008)' | 'Normalized to ⁸⁸Sr/⁸⁶Sr = 8.37521 for mass bias correction in Sr isotope analysis'",,2026-05-06,reported property,Y,Y,Y,
Calibration Factor and Determination Method,"An externally-calibrated factor that converts the measured quantity into the reported quantity, how it was determined, and its uncertainty. Applies where the conversion depends on a factor calibrated against a reference of independently known value, rather than on the instrument response alone. Distinct from Primary Calibration Standard Name, which identifies the material used, and from Per-Analyte Calibration Strategy, which states which approach applies to which analyte: this field records the resulting factor itself.",Basic,Editable,Text (free),"e.g., ID-TIMS: EARTHTIME ET535 or ET2535 tracer, calibrated per Condon et al. (2015) and McLean et al. (2015), with stated uncertainty | LA-ICP-MS: matrix-matched primary zircon RM of independently known age (91500, GJ-1, Plesovice) used for downhole-fractionation and Pb/U calibration, with the accepted age and its source",,2026-08-08,reported property,Y,Y,Y,
Procedural Blank Level,"The measured level of the analytical blank in the session, and — where the reported quantity is a ratio — its composition, since a blank subtracted from a ratio biases the result unless its own composition is known. Companion to the blank correction method, which is procedure-level: this field records what was actually measured. Follows the criterion-versus-measurement split used for Oxide Production.",N/A,Basic,Text (free),"e.g., 'Total procedural Pb blank 0.6 +/- 0.3 pg; blank Pb composition 206Pb/204Pb = 18.55, 207Pb/204Pb = 15.50, 208Pb/204Pb = 38.08 (long-term lab average, n = 42)' | 'Gas blank 120 counts/s at mass 206, subtracted per analysis'",,2026-08-08,(none),Y,Y,Y,
Analysis Inclusion and Rejection Criteria,"The rules determining which individual analyses contribute to a reported aggregate result, together with the outcome of applying them: how many analyses were acquired, how many were included, and on what grounds any were excluded. Distinct from Spike / Outlier Filtering Approach, which removes anomalous points within a single analysis: this field decides which whole analyses enter the reported value. Criteria and outcome are combined in one field because neither is interpretable without the other, following the precision/accuracy precedent.",Basic,Basic,Text (free),"e.g., '30 grains analysed, 24 included; excluded 4 discordant beyond -5% to +10% and 2 with Pb*/Pbc < 20' | 'All analyses included, no filter applied'",,2026-08-08,(none),Y,Y,Y,
Mass Fractionation Law,"Mathematical law used to parameterize instrumental isotope mass fractionation as a function of mass difference. The exponential law (Maréchal et al. 1999) is most widely used and theoretically best justified for MC-ICP-MS. The linear law assumes fractionation proportional to mass difference. The power law is an alternative formulation. For double-spike procedures, the law is embedded in the inversion algorithm and must be consistent between spike calibration and sample data reduction.",Basic,Read-Only,Controlled list,Exponential | Linear | Power | N/A | None | Other: specify,,2026-08-08,(none),Y,Y,Y,
Internal Normalization Element and Isotope Ratio,"Element and isotope ratio used as the internal normalization standard for mass bias correction. The measured ratio of the normalizing element is used to calculate the mass bias factor β using the chosen mass fractionation law, which is then applied to correct the analyte isotope ratios assuming β_norm ≈ β_analyte. Specify the element, the monitored isotope ratio (e.g., 113Cd/111Cd for Sb measurements), and the certified or consensus value used for correction. Record 'N/A' if internal normalization is not used. Record 'N/A' where the procedure does not use internal normalization.",Basic,Read-Only,Text (free),,,2026-08-08,(none),Y,Y,Y,
Double-Spike Isotope Pair,"The pair of enriched isotopes used to construct the double spike. Both isotopes must be naturally rare, free from isobaric interferences, and chosen to minimize error magnification in the inversion. The double spike composition must be accurately calibrated before use. Specify both isotope masses and the spike certificate or calibration reference. Record 'N/A' if double-spike method is not used. Record 'N/A' where the procedure does not use a double spike.",Basic,Read-Only,Text (free),,,2026-08-08,(none),Y,Y,Y,
Double-Spike Mixing Ratio,"Target proportion of double-spike signal relative to total analyte signal in the spiked mixture, expressed as spike fraction (0–1) or spike:sample ratio. An optimal mixing ratio minimizes error propagation through the double-spike inversion; the optimum is analyte-system specific and is typically determined using the Double Spike Toolbox or equivalent. The achieved mixing ratio may deviate from the target within acceptable bounds (typically ±20% of optimal); the double-spike inversion corrects for actual mixing ratios. Record 'N/A' if double-spike method is not used. Record 'N/A' where the procedure does not use a double spike.",Advanced,Editable,Text (free),,,2026-08-08,(none),Y,Y,Y,
Double-Spike Inversion Algorithm,"Mathematical algorithm used to simultaneously solve for the true sample isotope ratio and the mass fractionation factor from the measured spike-sample mixture. Common implementations: iterative Newton-Raphson solution, matrix algebraic approach, or published software (e.g., Rudge et al. 2009 Double Spike Toolbox). Specify the algorithm or software reference and version. Record 'N/A' if double-spike method is not used. Record 'N/A' where the procedure does not use a double spike.",Basic,Read-Only,Text (free),,,2026-08-08,(none),Y,Y,Y,
Age Calculation Method,"The equation used to convert the measured quantities into an age or date, together with a citation for that equation. Name the equation unambiguously; where a procedure supports more than one, state which is used and under what conditions. Required by every geochronology reporting standard surveyed (Condon et al. 2024; Schaen et al. 2021; Rooney et al. 2024; Flowers et al. 2024; Kohn et al. 2024; Mahan et al. 2023). Distinct from Age Model and Software, which records how multiple analyses are combined into a single reported result.",Basic,Read-Only,Text (free),"e.g., 206Pb/238U and 207Pb/235U date equations (Jaffey et al. 1971 decay constants) | 207Pb/206Pb date | Wetherill concordia intercept | Tera-Wasserburg concordia intercept | 238U/206Pb-207Pb/206Pb isochron",Source: Geochronology module,2026-08-08,reported property,Y,Y,Y,
Reported Date Type,"The kind of date or age the procedure reports. Most dating systems derive several different date types from the same measurements, so a reported age is ambiguous without this. Where more than one type is reported, list all, separated by semicolons. Kohn et al. (2024) carry this as a named required item (""fission-track age type""); the equivalent distinction is required by all five other standards surveyed.",Basic,Editable,Controlled list,Weighted mean 206Pb/238U | Weighted mean 207Pb/235U | Weighted mean 207Pb/206Pb | Concordia upper intercept | Concordia lower intercept | Tera-Wasserburg intercept | Single-grain date | Isochron date | Other: specify | N/A | None,Source: Geochronology module,2026-08-08,reported property,Y,Y,Y,
Inherited or Initial Signal Correction,"How any non-radiogenic, inherited or pre-existing component of the measured signal was accounted for, including the composition assumed, its source, and its uncertainty. Record 'None' where the measured quantity accumulates from zero and no such component exists. Applies to five of the six dating systems surveyed; fission track is the sole genuine exception, as tracks accumulate from zero. D=Editable rather than Read-Only: the procedure registers the correction method and any default composition, but the value actually applied is frequently sample-specific (a two-stage model composition is evaluated at the interpreted age) or session-derived (a trapped composition solved from an isochron intercept), and a revision to the assumed composition should not require registering a new procedure. Same reasoning as Rule 5's Constants and Reference Values Used.",Basic,Editable,Text (free),"e.g., Stacey & Kramers (1975) two-stage model Pb at the interpreted age | 204Pb-based correction | 207Pb-based correction | 208Pb-based correction | Tera-Wasserburg anchored lower intercept | measured Pb from co-genetic K-feldspar | None (Pb*/Pbc sufficiently high that correction is negligible; state the threshold)",Source: Geochronology module,2026-08-08,reported property,Y,Y,Y,
Radiogenic Fraction of Measured Signal,"The proportion of the measured signal that is radiogenic, as opposed to inherited, initial or otherwise non-radiogenic. Measured companion to Inherited or Initial Signal Correction, which is procedure-level: this field records what the session actually produced. It indicates how strongly the reported age depends on the assumed non-radiogenic composition — a result derived from a low radiogenic fraction is sensitive to that assumption in a way a high-fraction result is not, and that sensitivity is invisible from the age and its uncertainty alone. Follows the criterion-versus-measurement split used for Oxide Production.",N/A,Basic,Text (free),"Reported for U-Pb as Pb*/Pbc, the ratio of radiogenic to common Pb. e.g., '1250' | '18' | 'range 12-340 across 24 analyses'",Source: Geochronology module,2026-08-08,reported property,Y,Y,Y,
Age Model,"The statistical model used to combine individual analyses into a single reported age, including any criteria governing which model is applied. This is a methodological choice that changes the result: a Model-1 and a Model-3 regression of the same data yield different ages and different uncertainties. Record the model only — the software implementing it belongs in Data Reduction Software (Group 3), whose scope already extends to age calculation; where reduction and age regression use different packages, list both there. Required in some form by all six geochronology reporting standards surveyed.",Basic,Editable,Text (free),"e.g., Weighted mean with MSWD-based uncertainty expansion | York (1969) regression | IsoplotR Model-1, escalating to Model-3 where MSWD exceeds the stated cutoff | Bayesian / Monte Carlo age model",Source: Geochronology module,2026-08-08,reported property,Y,Y,Y,
Age Datum / Reference Epoch,"The zero point from which the reported age is measured, where this is not the present day, and the date it corresponds to. Record 'Present day' where the conventional datum applies. Explicitly required wherever the datum is not the present: year of sample collection for luminescence (Mahan et al. 2023), end of irradiation for 40Ar/39Ar decay corrections (Schaen et al. 2021).",Advanced,Basic,Text (free),Present day (the conventional datum for U-Pb; state explicitly rather than leaving blank),Source: Geochronology module,2026-08-08,reported property,Y,Y,Y,
Intermediate Daughter Disequilibrium Correction,"Correction for initial disequilibrium in intermediate daughter products of the U decay chains — principally 230Th, and where relevant 231Pa — together with the Th/U or Pa/U partitioning value assumed and its source. Unique to U-Pb among dating systems, because the chains are long enough for intermediate-daughter disequilibrium at crystallisation to bias the 206Pb/238U date, most severely in young samples. Record 'None' with a justification where no correction was applied. Condon et al. (2024) write ""we recommend these dates be reported corrected for initial 230Th and 231Pa daughter isotope disequilibrium"" — recommended rather than required, hence Advanced.",Advanced,Read-Only,Text (free),"e.g., '230Th correction applied, Th/U(magma) = 2.8 assumed from whole-rock' | '230Th and 231Pa corrections applied (Crowley et al. 2007)' | 'None (sample older than 100 Ma; effect below stated uncertainty)'",Source: U-Pb module,2026-08-08,(none),Y,Y,Y,
Discordance Definition and Values,"How discordance between the 206Pb/238U, 207Pb/235U and 207Pb/206Pb chronometers is defined for this procedure, and the discordance values obtained. Several definitions are in circulation and they are not interchangeable, so the formula must be stated. Genuinely specific to U-Pb: it is the only system in routine use with two independent decay schemes in the same mineral, so agreement between them is an internal consistency test no other system can run. The rule for excluding discordant analyses, and how many were excluded, belong in Analysis Inclusion and Rejection Criteria. Condon et al. (2024) write that for samples older than a few hundred million years ""it is also useful to provide a measure of discordance"" — useful and age-conditional rather than required, hence Advanced.",Advanced,Read-Only,Text (free),"e.g., '100 x (1 - [206Pb/238U date] / [207Pb/206Pb date])' | '2-sigma concordia ellipse overlap' | 'discordance -3% to +7% across 24 analyses'",Source: U-Pb module,2026-08-08,pair: reported property,Y,Y,Y,
Error Correlation Between Reported Quantities,"The correlation coefficient between pairs of reported quantities whose uncertainties are not independent, together with the pair it applies to and how it was obtained. Concordia and isochron regressions cannot be reconstructed without it.",Advanced,Basic,Numeric (dimensionless) / Text,"e.g., 'rho(206Pb/238U, 207Pb/235U) = 0.83, from the data reduction software error propagation' | 'rho = 0.31 (double-spike inversion covariance)'",,2026-08-11,pair: reported property,Y,Y,Y,
Constants and Reference Values Used,"Physical constants and reference values used in data reduction to calculate the final reported quantity (e.g., decay constants for age calculation, standard isotope ratios, or other citable reference values used in a correction or calculation), together with their source. Distinct from Reference Material Information / Secondary Reference Materials (Group 6), which document accepted values for specific calibration/validation materials rather than universal physical constants. Record ""None"" if no citable, revisable physical constants feed into this procedure's data reduction.",Basic,Editable,Text (free),"e.g., ""λ238U = 1.55125×10⁻¹⁰ yr⁻¹, λ235U = 9.8485×10⁻¹⁰ yr⁻¹ (Jaffey et al. 1971); 238U/235U = 137.818 (Hiess et al. 2012)"" | ""None""",,2026-08-11,(none),Y,Y,Y,
,,,,,,,,,,,,
6. Quality Control & Uncertainty,,,,,,,,,N,N,N,N
Primary Calibration Standard Name,"Primary reference material(s) used to calibrate the instrument and convert raw signal intensities to concentrations or isotope ratios. Include material name, source institution, and citation for the accepted values used. Editable because the specific lot or certification vintage may differ between sessions while the material type remains the same.",Basic,Editable,Text (free),"e.g., 'NIST SRM 612 (Jochum et al. 2011, doi:10.1111/j.1751-908X.2011.00120.x)' | 'USGS BCR-2G (GeoReM preferred values, georem.mpch-mainz.gwdg.de)'",,2026-05-06,(none),Y,Y,Y,
Calibration Standard Measurement Frequency,"How often the primary calibration standard is measured relative to unknown samples within a session. For LA-ICP-MS, this defines the bracketing interval between calibration standard ablations used to monitor and correct for instrumental drift.",Basic,Read-Only,Text (free),Before and after every 5 unknowns | Bracketing every 10 samples | Start and end of session only | N/A | None | Other: specify,,2026-06-17,(none),Y,Y,Y,
Secondary Reference Materials,"Quality-control reference materials analysed as unknowns alongside samples in the same session to assess accuracy and monitor drift. Include material name, source, the analytes assessed against it, and citation for accepted values used for comparison. Editable because selection of secondary RMs may vary across sessions.",Basic,Editable,Text (free),"e.g., 'NIST SRM 610 (Jochum et al. 2011); GOR132-G (Jochum et al. 2006)' | 'BHVO-2G (GeoReM), BCR-2G (GeoReM)'",,2026-05-14,defines: standard per analyte,Y,Y,Y,
Detection Limit,"Session detection limit, one per reported concentration variable, expressed in µg g⁻¹, ng g⁻¹, or wt% as appropriate. Report the value(s) and units per measured isotope or element group, these being the reported concentration variables. Mandatory at analysis level to demonstrate the reliability of reported near-detection-limit concentrations. The calculation method is captured separately in Detection Limit Method.",Advanced,Basic,Numeric (ppm or wt%),"e.g., '0.003 ng g⁻¹ (La), 0.005 ng g⁻¹ (Ce) (3σ background; Longerich et al. 1996)' | 'Range: 0.005–23.5 µg g⁻¹ across all measured isotopes (Pettke et al. 2012)'",,2026-08-11,sampling unit x reported property,Y,Y,Y,
Detection Limit Method,Reference or description of the method used to calculate session detection limits. Mandatory at analysis level. Must be consistent with the method applied to generate the Detection Limit values reported above.,Basic,Read-Only,Text / URI,"e.g., '3σ of background ion counts per Longerich et al. (1996), doi:10.1039/ja9961100899' | 'Sample-individual LOD per Pettke et al. (2012), doi:10.1016/j.oregeorev.2011.11.001'",,2026-08-11,reported property,Y,Y,Y,
Limit of Quantification (LOQ) Method,Reference or description of the method used to calculate the limit of quantification (LOQ): the lowest concentration reliably measurable with acceptable precision and accuracy. Mandatory at analysis level when concentrations near the LOD are reported. Concentrations between LOD and LOQ are detectable but not reliably quantifiable.,Advanced,Basic,Text / URI,"e.g., 'LOQ = 10 × SD of background counts (10σ criterion)' | 'LOQ = 3.3 × LOD per IUPAC Gold Book' | 'LOQ = blank value + 10 SD for pollution elements (V, Ba, U)'",,2026-05-06,reported property,Y,Y,Y,
Within-Session Analytical Precision and Assessment Method,"Reproducibility of repeated measurements within a single analytical session. Report both the assessment method and the precision values. Assessment method must specify: (1) the reference material used, (2) number of replicates n, and (3) the statistic reported (1σ RSD, 2σ RSD, etc.). For mapping: assess from repeated analyses of a reference material area at session start and end, or from replicate analyses of a homogeneous reference phase within the map.",Basic,Basic,Text (free),"e.g., '1σ RSD = 1.5% for Ba, 2.3% for La (n=5 on NIST SRM 612 per session)' | 'Mapping: 4% 1σ RSD across 3 GRM map areas at session start and end (n=3)'",,2026-08-11,standard x reported property,Y,Y,Y,
Between-Session (Long-Term) Analytical Precision and Assessment Method,"Reproducibility of measurements across multiple analytical sessions over weeks to months (long-term or intermediate precision). Report both the assessment method and the precision values. Specify: reference material used, number of sessions n, time span covered, and statistic reported. Long-term precision is typically assessed from a compiled record of secondary reference material values across all sessions.",Advanced,Basic,Text (free),"e.g., '2σ RSD = 3% for Eu/Eu* on GOR132-G across 12 sessions over 8 months' | '1σ RSD = 2% for most REEs on BHVO-2G across 17 sessions over 3 years (n=85 analyses)'",,2026-08-11,standard x reported property,Y,Y,Y,
Analytical Accuracy and Assessment Method,"Offset between measured and accepted reference values for secondary reference materials, expressed as % relative bias. Report both the assessment method and the accuracy values. Specify: (1) secondary RM used and source of reference values, (2) number of analyses, and (3) elements or element groups assessed. Report any systematic biases and likely causes.",Basic,Basic,Text (free),"e.g., 'Within ±5% of GeoReM preferred values for most REEs on GOR132-G (n=15); +8% for Nb (known matrix sensitivity)' | '±3% for all elements on BHVO-2G vs. GeoReM (n=20)'",,2026-08-11,standard x reported property,Y,Y,Y,
,,,,,,,,,,,,
Goodness-of-Fit or Dispersion Statistic,"The statistic reported to show whether scatter among the contributing analyses exceeds what analytical uncertainty alone predicts, together with its value. Answers whether a reported aggregate is defensible as a single population. Procedure-level tier is N/A because the value cannot be known before the analysis; the procedure may still state an acceptance threshold, which belongs with the inclusion criteria.",N/A,Basic,Text (free),"e.g., 'MSWD = 1.13 (n = 24), probability of fit 0.31' | 'MSWD = 4.2; excess scatter attributed to protracted crystallisation, Model-3 regression applied'",,2026-08-08,reported property,Y,Y,Y,
Additional Notes,"Any procedure- or analysis-specific information not captured by a structured field anywhere in this TAPP — including anomalies, deviations from the registered procedure, instrument modifications, and supplementary context. Scope is the whole document, not Group 6: this is the last field of the TAPP and covers all six groups. Use sparingly; a structured field is preferred for anything that can be formally categorised.",Advanced,Advanced,Text (free),,,2026-08-11,(none),Y,Y,Y,
