Metadata Item,Description / Purpose,Procedure-Level Tier,Analysis-Level Tier,Data Type,Example / Allowed Content,Comments,Last Update,Keyed By,TEM Sample Preparation,3D Tomography,Literature Assessment,Garvie et al. 2008 | Tagish Lake (C2) nanoglobules | SE Imaging (FEI Nova 200 NanoLab),"Garvie et al. 2008 | Tagish Lake (C2) nanoglobules | TEM Sample Preparation (FIB, FEI Nova 200 NanoLab)","Genge et al. 2025 | Micrometeorite NG-1 (CV3-like) | BSE Imaging (ZEISS Sigma 1550VP, 10 kV)","Genge et al. 2025 | Micrometeorite NG-1 (CV3-like) | EDS Point Analysis (ZEISS Sigma 1550VP, 10 kV)","Genge et al. 2025 | Micrometeorite NG-1 (CV3-like) | EBSD (ZEISS Sigma 1550VP, 20 kV)","Gucsik et al. 2013 | Forsterite, Kaba meteorite (CV3) | CL Mapping (JEOL JSM-5410LV)","Gucsik et al. 2013 | Forsterite, Kaba meteorite (CV3) | EDS Point Analysis (JEOL JSM-5410LV)",Izawa et al. 2010 | Tagish Lake (C2) meteorite | CL Mapping (Hitachi S-2500C),Izawa et al. 2010 | Tagish Lake (C2) meteorite | BSE Imaging (Leo 440),Izawa et al. 2010 | Tagish Lake (C2) meteorite | EDS Mapping (Leo 440),Izawa et al. 2010 | Tagish Lake (C2) meteorite | BSE Imaging (Leo 1540 FIB/SEM CrossBeam),Izawa et al. 2010 | Tagish Lake (C2) meteorite | EDS Point Analysis (Leo 1540 FIB/SEM CrossBeam),Liu et al. 2017 | High-rank coal (Qinshui basin) | 3D Tomography (Carl Zeiss Crossbeam 540),Liu et al. 2017 | High-rank coal (Qinshui basin) | SE Imaging (ESEM Quanta 250),Liu et al. 2017 | High-rank coal (Qinshui basin) | SE Imaging (FESEM SUPRA 55),Ma et al. 2017 | Khatyrka CV3 chondrite (metal phases) | BSE Imaging (ZEISS 1550VP FE-SEM),"Ma et al. 2017 | Khatyrka CV3 chondrite (metal phases) | EBSD (ZEISS 1550VP FE-SEM, HKL system, 20 kV)","Pascucci et al. 2026 | NWA 7317 CR6 chondrite | BSE Imaging (Zeiss Supra 40 FE-SEM, 20 kV)","Pascucci et al. 2026 | NWA 7317 CR6 chondrite | EDS Point Analysis (Zeiss Supra 40 FE-SEM, 20 kV)","Pascucci et al. 2026 | NWA 7317 CR6 chondrite | EDS Mapping (Zeiss Supra 40 FE-SEM, 20 kV)",Pascucci et al. 2026 | NWA 7317 CR6 chondrite | SE Imaging (Zeiss Supra 40 FE-SEM),"Zhou et al. 2017 | Coal (SC + HBC, Junggar Basin) | 3D Tomography (FEI Helios NanoLab 650)","Zega et al. 2025 | Bennu asteroid particles (OSIRIS-REx) | BSE Imaging (JEOL 7600F, NASA JSC, 15 kV)","Zega et al. 2025 | Bennu asteroid particles (OSIRIS-REx) | EDS Point Analysis (JEOL 7600F, NASA JSC, 15 kV)","Zega et al. 2025 | Bennu asteroid particles (OSIRIS-REx) | SE Imaging (Hitachi S-4800, U Arizona)","Zega et al. 2025 | Bennu asteroid particles (OSIRIS-REx) | BSE Imaging (Hitachi S-4800, U Arizona)","Zega et al. 2025 | Bennu asteroid particles (OSIRIS-REx) | EDS Mapping (Hitachi S-4800, U Arizona)","Zega et al. 2025 | Bennu asteroid particles (OSIRIS-REx) | TEM Sample Preparation (Helios G3, U Arizona)","Zega et al. 2025 | Bennu asteroid particles (OSIRIS-REx) | TEM Sample Preparation (Helios G4 UX, UC Berkeley)","Zega et al. 2025 | Bennu asteroid particles (OSIRIS-REx) | TEM Sample Preparation (Quanta3D600, NASA JSC)","Zega et al. 2025 | Bennu asteroid particles (OSIRIS-REx) | CL Mapping (JEOL JSM-7000F, Universite Cote d'Azur, 5 keV)","Barnes et al. 2025 | Bennu asteroid particles (OSIRIS-REx) | EDS Mapping (JEOL 7600F, NASA JSC, 15 kV)","Barnes et al. 2025 | Bennu asteroid particles (OSIRIS-REx) | BSE Imaging (FEI Quanta 3D DualBeam + Helios DualBeam, NASA JSC)","Barnes et al. 2025 | Bennu asteroid particles (OSIRIS-REx) | TEM Sample Preparation (FEI Helios G4 DualBeam, NASA JSC)","Barnes et al. 2025 | Bennu asteroid particles (OSIRIS-REx) | TEM Sample Preparation (FEI Helios 660 G3, NASA JSC)"
1. Procedure Identification,,,,,,,,,N,N,N,N,N,N,N,N,N,N,N,N,N,N,N,N,N,N,N,N,N,N,N,N,N,N,N,N,N,N,N,N,N,N,N,N,N,N
Procedure Name,"A short descriptive name for this analytical procedure, including a version number. Should identify the instrument, the technique, and the scope of what is measured — analyte, material, or feature.",Basic,Read-Only,Text (free),"e.g., 'SEM-BSE/EDS Mineral Phase Mapping, JEOL 7600F, Bennu Astromaterials' | 'FIB-SEM 3D Tomography, Helios NanoLab 660, Organic-Rich Chondrite Matrix'",,2026-07-24,(none),Y,Y,,N,N,N,N,N,N,N,N,N,N,N,N,N,N,N,N,N,N,N,N,N,N,N,N,N,N,N,N,N,N,N,N,N,N,N
Technique,Top-level analytical technique identifier.,Basic,Read-Only,Controlled list,SEM | SEM/FIB-SEM | Other: specify | N/A | None,,2026-05-21,(none),Y,Y,,N,N,N,N,N,N,N,N,N,N,N,N,N,N,N,N,N,N,N,N,N,N,N,N,N,N,N,N,N,N,N,SEM-EDS (Scanning Electron Microscopy–Energy Dispersive X-ray Spectroscopy),N,N,N
Procedure Author,Person(s) or laboratory responsible for developing and registering this procedure. ORCID recommended for individuals.,Basic,Read-Only,Text (free),"e.g., 'T.J. McCoy, Smithsonian NMNH' | 'ARES Electron Beam Analysis Laboratories, NASA JSC'",,2026-07-24,(none),Y,Y,,N,N,N,N,N,N,N,N,N,N,N,N,N,N,N,N,N,N,N,N,N,N,N,N,N,N,N,N,N,N,N,N,N,N,N
Laboratory,Name of the laboratory or institution hosting the instrument.,Basic,Editable,Text (free),"e.g., 'Electron Beam Analysis Laboratories, ARES, NASA Johnson Space Center' | 'K-ALFAA, University of Arizona'",,2026-05-21,(none),Y,Y,,"School of Earth and Space Exploration / School of Materials, Arizona State University","School of Earth and Space Exploration / School of Materials, Arizona State University","GPS Division Analytical Facility, California Institute of Technology","GPS Division Analytical Facility, California Institute of Technology","GPS Division Analytical Facility, California Institute of Technology",N,N,"Zircon and Accessory Phase Laboratory, University of Western Ontario",Surface Science Western,Surface Science Western,"Nanofabrication Laboratory, University of Western Ontario","Nanofabrication Laboratory, University of Western Ontario","China University of Mining and Technology, Xuzhou, China","China University of Mining and Technology, Xuzhou, China","China University of Mining and Technology, Xuzhou, China","Caltech GPS Analytical Facility, California Institute of Technology, Pasadena, CA, USA","Caltech GPS Analytical Facility, California Institute of Technology, Pasadena, CA, USA","CNR IMAA (Institute of Methodologies for Environmental Analysis), Italian National Research Council, Potenza, Italy","CNR IMAA (Institute of Methodologies for Environmental Analysis), Italian National Research Council, Potenza, Italy","CNR IMAA (Institute of Methodologies for Environmental Analysis), Italian National Research Council, Potenza, Italy","CNR IMAA (Institute of Methodologies for Environmental Analysis), Italian National Research Council, Potenza, Italy","China University of Geosciences, Beijing, China","NASA Johnson Space Center (JSC), Houston, TX, USA","NASA Johnson Space Center (JSC), Houston, TX, USA","K-ALFAA (Kuiper-Arizona Laboratory for Astromaterials Analysis), University of Arizona","K-ALFAA (Kuiper-Arizona Laboratory for Astromaterials Analysis), University of Arizona","K-ALFAA (Kuiper-Arizona Laboratory for Astromaterials Analysis), University of Arizona","K-ALFAA (Kuiper-Arizona Laboratory for Astromaterials Analysis), University of Arizona","Molecular Foundry, Lawrence Berkeley National Laboratory (UC Berkeley)","NASA Johnson Space Center (JSC), Houston, TX, USA","Université Côte d'Azur / Observatoire de la Côte d'Azur, Valbonne, France","Astromaterials Research and Exploration Science Division (ARES), NASA Johnson Space Center, Houston, TX, USA",N,N,N
Laboratory ID,"Persistent identifier for the laboratory (e.g., ROR ID).",Advanced,Editable,URI / DOI,"e.g., 'https://ror.org/027ka1x80'",,2026-05-21,(none),Y,Y,,N,N,N,N,N,N,N,N,N,N,N,N,N,N,N,N,N,N,N,N,N,N,N,N,N,N,N,N,N,N,N,N,N,N,N
Procedure Start Date,First date this procedure configuration was used in production.,Basic,Read-Only,Date,YYYY-MM-DD,,2026-07-24,(none),Y,Y,,N,N,N,N,N,N,N,N,N,N,N,N,N,N,N,N,N,N,N,N,N,N,N,N,N,N,N,N,N,N,N,N,N,N,N
Funding Source for Procedure Development,"Grants and other funding sources that supported instrument acquisition, major upgrades, procedure development, and associated personnel time. Include grant numbers and funding agencies where applicable.",Advanced,Read-Only,Text (free),"e.g., 'NSF EAR-1234567' | 'NASA 80NSSC20K0371' | 'None'",,2026-07-24,(none),Y,Y,,N,N,N,N,N,N,N,N,N,N,N,N,N,N,N,N,N,N,N,N,N,N,N,N,N,N,N,N,N,N,N,N,N,N,N
Procedure Reference(s),"DOI or URL for peer-reviewed publications or technical reports describing, validating, or benchmarking this procedure.",Advanced,Read-Only,URI / DOI,"e.g., 'https://doi.org/10.1234/example'",,2026-07-24,(none),Y,Y,,N,N,N,N,N,N,N,N,N,N,N,N,N,N,N,N,N,N,N,N,N,N,N,N,N,N,N,N,N,N,N,N,N,N,N
Procedure DOI,"DOI or unique persistent identifier for the registered procedure used in this analysis, generated upon procedure submission to a data repository. This field is mandatory when submitting analytical data, to encourage formal procedure registration and ensure traceability. If a DOI has been applied for but not yet minted, enter ""pending"".",N/A,Basic,URI / DOI,"e.g., 'https://doi.org/10.xxxxx/procedure-id' | 'pending'",,2026-07-24,(none),Y,Y,,N,N,N,N,N,N,N,N,N,N,N,N,N,N,N,N,N,N,N,N,N,N,N,N,N,N,N,N,N,N,N,N,N,N,N
Analyst,Name(s) of the analyst(s) who performed the analysis session. ORCID is recommended for persistent identification.,N/A,Basic,Text (free),"e.g., 'T.J. McCoy' | 'Sara Singerling'",,2026-05-21,(none),Y,Y,,N,N,N,N,N,N,N,N,N,N,N,N,N,N,N,N,N,N,N,N,N,N,N,N,N,N,N,N,N,N,N,N,N,N,N
Analysis Start Date,"Date on which the analytical session began. For sessions spanning multiple days, use the date of the first session. Format: YYYY-MM-DD.",N/A,Basic,Date,YYYY-MM-DD,,2026-05-21,(none),Y,Y,,N,N,N,N,N,N,N,N,N,N,N,N,N,N,N,N,N,N,N,N,N,N,N,N,N,N,N,N,N,N,N,N,N,N,N
Analysis End Date,Date on which the analytical session ended. May equal Analysis Start Date for single-day sessions. Format: YYYY-MM-DD.,N/A,Basic,Date,YYYY-MM-DD,,2026-05-21,(none),Y,Y,,N,N,N,N,N,N,N,N,N,N,N,N,N,N,N,N,N,N,N,N,N,N,N,N,N,N,N,N,N,N,N,N,N,N,N
Funding Source for Analysis,"Grants and other funding sources that supported the specific sample analyses and data collection reported here. Include grant numbers and funding agencies. Distinct from procedure development funding, which may have been awarded years earlier.",N/A,Basic,Text (free),"e.g., 'NSF EAR-2345678' | 'NASA 80NSSC23K0415' | 'None'",,2026-05-21,(none),Y,Y,,NASA NNG06GE37G (LAJG); NASA NNG06GF08G (PRB),NASA NNG06GE37G (LAJG); NASA NNG06GF08G (PRB),N,N,N,N,N,N,N,N,N,N,N,N,N,NSF EAR-0318518; NSF DMR-0080065 (supporting Caltech GPS Analytical Facility),NSF EAR-0318518; NSF DMR-0080065 (supporting Caltech GPS Analytical Facility),N,N,N,N,N,NASA award NNH09ZDA007O; contract NNM10AA11C (OSIRIS-REx New Frontiers),NASA award NNH09ZDA007O; contract NNM10AA11C (OSIRIS-REx New Frontiers),NASA PSEF 80NSSC23K0327; NSF MRI 1531243 and 0619599,NASA PSEF 80NSSC23K0327; NSF MRI 1531243 and 0619599,NASA PSEF 80NSSC23K0327; NSF MRI 1531243 and 0619599,NASA PSEF 80NSSC23K0327; NASA Planetary Major Equipment NNX12AL47G; NSF MRI 0619599,US DOE contract DE-AC02-05CH11231 (Advanced Light Source / Molecular Foundry),NASA award NNH09ZDA007O; contract NNM10AA11C (OSIRIS-REx New Frontiers),N,N,N,N,N
Coupled Technique(s),"Other analytical techniques applied to the same sample(s) whose results are intended to be interpreted together with data from this procedure. Document coupling with any technique whose results are functionally linked to this dataset — providing calibration inputs, complementary spatial context, or required companion measurements. Use the same controlled vocabulary as the Technique field. Enter ""None"" if no coupling is intended.",Advanced,Editable,Controlled list / Text,"e.g., 'TEM/STEM (FIB sections)' | 'EPMA; NanoSIMS' | 'XCT (pre-SEM overview)' | 'None' | N/A",,2026-08-11,(none),Y,Y,,FIB milling and TEM cross-section preparation (same instrument),"SE Imaging (same instrument, pre- and post-FIB milling)","EDS (same session, same instrument); EBSD (same instrument); EPMA (JEOL JXA-iHP200F, WDS, out of scope)","BSE Imaging (same session, same instrument); EBSD (same instrument); EPMA (JEOL JXA-iHP200F, WDS, out of scope)",BSE Imaging and EDS (same instrument); SIMS (University of Wisconsin-Madison); EPMA (out of scope),"EDS and BSE Imaging (same instrument); EPMA with WDS (JEOL JXA-8900R, out of scope)","CL (same instrument); BSE Imaging (same instrument, same session); EPMA with WDS (JEOL JXA-8900R, out of scope)",SEM-EDX (Leo 440; Leo 1540); BSE Imaging; micro-XRD; EPMA-WDS (out of scope),EDS (same instrument); CL (Hitachi S-2500C); BSE Imaging (Leo 1540); micro-XRD; EPMA (out of scope),BSE Imaging (same instrument); CL (Hitachi S-2500C); micro-XRD; EPMA (out of scope),EDS (same instrument); BSE Imaging (Leo 440); CL (Hitachi S-2500C); micro-XRD; EPMA (out of scope),BSE Imaging (same instrument); CL (Hitachi S-2500C); micro-XRD; EPMA (out of scope),"X-ray CT (Xradia 520 Versa, Carl Zeiss)",FIB-SEM (Crossbeam 540) for 3D tomography; EDS for mineral analysis,FIB-SEM (Crossbeam 540) for 3D tomography; EDS for mineral analysis,"EBSD (ZEISS 1550VP FE-SEM); EPMA (JEOL 8200, separate instrument)","BSE Imaging (ZEISS 1550VP FE-SEM); EPMA (JEOL 8200, separate instrument)","EDS (Zeiss Supra 40 FE-SEM); SE Imaging (Zeiss Supra 40 FE-SEM); EMPA-WDS (JEOL JXA-8230, separate instrument); VIS-IR spectroscopy (SPIM)","BSE Imaging (Zeiss Supra 40 FE-SEM); SE Imaging (Zeiss Supra 40 FE-SEM); EMPA-WDS (JEOL JXA-8230, separate instrument); VIS-IR spectroscopy (SPIM)","BSE Imaging (Zeiss Supra 40 FE-SEM); SE Imaging (Zeiss Supra 40 FE-SEM); EMPA-WDS (JEOL JXA-8230, separate instrument); VIS-IR spectroscopy (SPIM)","BSE Imaging (Zeiss Supra 40 FE-SEM); EDS (Zeiss Supra 40 FE-SEM); EMPA-WDS (JEOL JXA-8230, separate instrument); VIS-IR spectroscopy (SPIM)",N,"EDS (JEOL 7600F, JSC); SE Imaging (JEOL 7600F, JSC); FIB-SEM TEM prep (Quanta3D600, JSC)","BSE Imaging (JEOL 7600F, JSC); SE Imaging (JEOL 7600F, JSC); FIB-SEM TEM prep (Quanta3D600, JSC)","BSE Imaging (Hitachi S-4800, U Arizona); EDS (Hitachi S-4800, U Arizona); FIB-SEM TEM prep (Helios G3, U Arizona); EMPA (Cameca SX-100 Ultra, out of scope)","SE Imaging (Hitachi S-4800, U Arizona); EDS (Hitachi S-4800, U Arizona); FIB-SEM TEM prep (Helios G3, U Arizona); EMPA (Cameca SX-100 Ultra, out of scope)","SE/BSE Imaging (Hitachi S-4800, U Arizona); FIB-SEM TEM prep (Helios G3, U Arizona); EMPA (Cameca SX-100 Ultra, out of scope)","TEM analysis (HF5000 STEM, U Arizona); BSE/SE Imaging (Hitachi S-4800, U Arizona)","Synchrotron XANES (ALS, Berkeley); TEM analysis","TEM analysis (NASA JSC); BSE/SE Imaging (JEOL 7600F, JSC)","BSE/EDS (JEOL 7600F, JSC); SE/BSE/EDS (Hitachi S-4800, U Arizona)","NanoSIMS isotope mapping (CAMECA NanoSIMS 50L, NASA JSC); presolar grains identified by NanoSIMS then confirmed by SEM-EDS phase characterisation",N,N,N
Coupling Description,"Description of how this procedure is coupled with the technique(s) listed above. Include: (1) the functional relationship — what data or context flows between techniques, or how results are combined (e.g. which output from the coupled technique serves as input to data reduction for this technique); and (2) the analytical sequence — which technique is performed first and why (e.g. non-destructive before destructive). Required when Coupled Technique(s) is not ""None"".",Advanced,Editable,Text (free),"e.g., 'SEM-BSE/EDS used for phase identification and target selection before FIB lift-out; FIB performed after SEM survey because lift-out is destructive. TEM-EDS provides nanoscale chemistry of FIB-prepared sections.'",,2026-05-21,(none),Y,Y,,N,N,N,N,N,N,N,N,N,N,N,N,N,N,N,N,N,N,N,N,N,N,N,N,N,N,N,N,N,N,N,N,N,N,N
Coupled Procedure DOI,"Registered procedure DOI for the coupled technique named above. Provides a stable, citable link to the companion method independent of whether a dataset has been deposited. If the coupled procedure has not yet been registered, enter the DOI of a publication describing the coupled method, or ""pending"". Enter ""None"" if no coupling is planned.",N/A,Advanced,URI / DOI,"e.g., 'https://doi.org/10.xxxxx/coupled-procedure' | 'pending' | 'None'",,2026-07-24,(none),Y,Y,,N,N,N,N,N,N,N,N,N,N,N,N,N,N,N,N,N,N,N,N,N,N,N,N,N,N,N,N,N,N,N,N,N,N,N
Coupled Dataset or Publication Reference,"DOI or other persistent identifier for the co-registered dataset or publication where both datasets are reported together. Accepts: a dedicated dataset DOI (if separately deposited), a shared dataset DOI (if co-submitted in the same package), or a publication DOI. Use ""same submission"" if the coupled dataset is included in this data package, or ""pending"" if not yet assigned. If coupling is documented through a shared sample identifier only, that information is already captured in Sample Persistent Identifier (Group 2).",N/A,Advanced,URI / DOI / Text,"e.g., 'https://doi.org/10.xxxxx/dataset' | 'same submission' | 'pending' | 'None'",,2026-05-21,(none),Y,Y,,N,N,N,N,N,N,N,N,N,N,N,N,N,N,N,N,N,N,N,N,N,N,N,N,N,N,N,N,N,N,N,N,N,N,N
2. Samples,,,,,,,,,N,N,N,N,N,N,N,N,N,N,N,N,N,N,N,N,N,N,N,N,N,N,N,N,N,N,N,N,N,N,N,N,N,N,N,N,N,N
Target Material,General description of the material type(s) this procedure is designed to analyze.,Basic,Read-Only,Controlled list / Text,Silicate mineral | Oxide | Sulfide | Carbonate | Phosphate | Metal alloy | Organic matter | Glass | Regolith | Whole rock / polished section | Porous material | Other: specify | N/A | None,,2026-07-24,(none),Y,Y,,"Carbonaceous nanoglobules, Tagish Lake (C2) meteorite (HCl/HF acid residue concentrate)","Carbonaceous nanoglobules, Tagish Lake (C2) meteorite (HCl/HF acid residue concentrate)","Micrometeorite NG-1, Al-Cu-alloy-bearing, CV3-like composition; Democratic Republic of Congo","Micrometeorite NG-1, Al-Cu-alloy-bearing, CV3-like composition; Democratic Republic of Congo","Micrometeorite NG-1, Al-Cu-alloy-bearing, CV3-like composition; Democratic Republic of Congo",Forsterite grains from Kaba (CV3) carbonaceous chondrite thin section,Forsterite grains from Kaba (CV3) carbonaceous chondrite thin section,Tagish Lake (C2) ungrouped carbonaceous chondrite; polished thin sections,Tagish Lake (C2) ungrouped carbonaceous chondrite; polished thin sections,Tagish Lake (C2) ungrouped carbonaceous chondrite; polished thin sections,Tagish Lake (C2) ungrouped carbonaceous chondrite; polished thin sections,Tagish Lake (C2) ungrouped carbonaceous chondrite; polished thin sections,"High-rank coal (anthracite from Bofang Mine; lean coal from Yuwu Mine), southern Qinshui basin, China","High-rank coal (anthracite from Bofang Mine; lean coal from Yuwu Mine), southern Qinshui basin, China","High-rank coal (anthracite from Bofang Mine; lean coal from Yuwu Mine), southern Qinshui basin, China","Khatyrka CV3 carbonaceous chondrite; Al-Cu-Fe alloy metal phases (hollisterite, kryachkoite, stolperite, khatyrkite, icosahedrite) in section 126A","Khatyrka CV3 carbonaceous chondrite; Al-Cu-Fe alloy metal phases (hollisterite, kryachkoite, stolperite, khatyrkite, icosahedrite) in section 126A","NWA 7317 CR6 carbonaceous chondrite; polished slab (~10×6 mm fragment, 10.01g)","NWA 7317 CR6 carbonaceous chondrite; polished slab (~10×6 mm fragment, 10.01g)","NWA 7317 CR6 carbonaceous chondrite; polished slab (~10×6 mm fragment, 10.01g)","NWA 7317 CR6 carbonaceous chondrite; polished slab (~10×6 mm fragment, 10.01g)","Subbituminous coal (SC) and high-volatile bituminous coal (HBC), Xishanyao Formation, southern Junggar Basin, NW China",Asteroid (101955) Bennu particles (OSIRIS-REx sample return); hummocky and angular particles,Asteroid (101955) Bennu particles (OSIRIS-REx sample return),Asteroid (101955) Bennu particles (OSIRIS-REx sample return); polished sections,Asteroid (101955) Bennu particles (OSIRIS-REx sample return); polished sections,Asteroid (101955) Bennu particles (OSIRIS-REx sample return); polished sections,Asteroid (101955) Bennu particles (OSIRIS-REx sample return); fine-grained matrix areas,Asteroid (101955) Bennu particles (OSIRIS-REx sample return),Asteroid (101955) Bennu particles (OSIRIS-REx sample return),Asteroid (101955) Bennu particles (OSIRIS-REx sample return); olivine and carbonate grains,Asteroid (101955) Bennu aggregate QL particles; O-rich presolar silicate and oxide grains; sample OREX-501018-100,N,N,N
Sample Preparation Method,"Method by which samples were prepared for SEM analysis prior to loading in the instrument. Includes mounting medium (epoxy, carbon tape, stub), polishing steps (alumina, colloidal silica, argon ion mill), and conductive coating type and thickness. For VP-SEM/ESEM analyses, note whether an uncoated sample was used and the gas type used. FIB-specific in-session operations (protective coating deposition, milling conditions, lamella preparation) are documented separately in Group 4.",Basic,Editable,Text (free),"e.g., 'Polished thin section, 10 nm C coat' | 'Fragments on C tape, uncoated (VP-SEM, 30 Pa H2O)' | '25 mm epoxy mount, 0.25 µm diamond polish, 5 nm Ir coat'",,2026-05-22,(none),Y,Y,,HCl and HF acid dissolution residue from pristine Tagish Lake pieces; deposited on lacey C TEM grid attached to Al-SEM stub; uncoated,HCl and HF acid dissolution residue from pristine Tagish Lake pieces; deposited on lacey C TEM grid attached to Al-SEM stub; uncoated,N,N,N,N,N,Carbon-coated polished thin sections; high vacuum analysis,N,N,N,N,"Small coal pillars (~2 mm diameter, 2 mm height) drilled orthogonal to bedding; polished with cross section polisher to remove ~1-2 µm oxide layer; no coating applied",Bulk coal polished to ~10 mm × 2-3 mm using polishing and burnishing machine; further polished with cross section polisher; thin gold coating applied by sputtering,Bulk coal polished to ~10 mm × 2-3 mm using polishing and burnishing machine; further polished with cross section polisher; thin gold coating applied by sputtering,Polished thin section (section 126A prepared from Grain 126); no coating or SEM-specific preparation stated,Polished thin section (section 126A prepared from Grain 126); no coating or EBSD-specific preparation stated,"Embedded in epoxy, polished to ¼ µm level, sputtered with 30-nm-thick carbon film","Embedded in epoxy, polished to ¼ µm level, sputtered with 30-nm-thick carbon film","Embedded in epoxy, polished to ¼ µm level, sputtered with 30-nm-thick carbon film","Embedded in epoxy, polished to ¼ µm level, sputtered with 30-nm-thick carbon film",Cuboidal samples (~0.5×1×1 cm) polished with dry emery paper and argon ion polishing; high-pressure freezing and freeze-drying; glued onto sample holder,Attached to Al cylinder SEM mount with double-sided C tape; sputter coated with ~5 nm carbon,Attached to Al cylinder SEM mount with double-sided C tape; sputter coated with ~5 nm carbon,Polished sections; coated with 0.1 nm carbon for charge mitigation,Polished sections; coated with 0.1 nm carbon for charge mitigation,Polished sections; coated with 0.1 nm carbon for charge mitigation,Sections extracted from fine-grained matrix areas in polished sections; BSE and SE images acquired before and after sectioning,Particles placed on PELCO carbon conductive tabs on Al SEM round; no protective coating stated,Particles dispersed on conductive carbon dots on Al SEM pin mounts,Polished thin sections; ~100 nm graphite coating (as stated in CL emitting volume calculation),N,N,N,N
Sample Name,Name or identifier of the sample or sample mount analyzed in this session.,N/A,Basic,Text (free),"e.g., 'Bennu OREX-800045-103' | 'NWA 8657 polished thin section 1'",,2026-05-21,(none),Y,Y,,N,N,N,N,N,N,N,N,N,N,N,N,N,N,N,Section 126A (USNM 7908),Section 126A (USNM 7908),NWA 7317,NWA 7317,NWA 7317,NWA 7317,SC; HBC,N,N,N,N,N,N,N,N,N,OREX-501018-100,N,N,N
Sampling Unit,"The physical subdivision of the sample to which one row of reported values corresponds — the unit that is analysed and reported, as distinct from the sample as a whole. State the unit type at procedure level and the units actually analysed at analysis level. Where units nest (e.g. confined tracks within grains), state both levels.",Basic,Basic,Controlled list / Text,Whole sample | Aliquot | Grain | Spot | Analysis point | Phase | Sub-volume | Region of interest | N/A | None | Other: specify,,2026-08-11,defines: sampling unit,Y,Y,,,,,,,,,,,,,,,,,,,,,,,,,,,,,,,,,,,,
Sample Persistent Identifier,"Persistent identifier (e.g., IGSN) for the sample analyzed.",Advanced,Advanced,URI / IGSN,"e.g., 'IGSN:AU1234567'",,2026-05-21,(none),Y,Y,,N,N,N,N,N,N,N,N,N,N,N,N,N,N,N,USNM 7908 (section 126A),USNM 7908 (section 126A),N,N,N,N,N,N,N,N,N,N,N,N,N,N,N,N,N,N
Target Selection Criteria,"The rules governing which part of the sample is analysed, and why. Covers the criteria applied when choosing grains, aliquots, spots, or a region of interest — size, morphology, clarity, freedom from inclusions or alteration, phase identity, or spatial position. Distinct from Target Material, which states the material type the procedure is designed for: this field states how, within such a sample, the analysed portion is picked out. Generalised from Lab-XCT's 'VOI Selection Criteria', which implements this concept for a single technique.",Basic,Editable,Text (free),,,2026-08-08,(none),Y,Y,,,,,,,,,,,,,,,,,,,,,,,,,,,,,,,,,,,,
Pre-Analysis Imaging and Screening,"Imaging or other characterisation performed before the measurement in order to select or locate the analysed target, including the technique, instrument and settings used, and how individual analyses are linked back to the images. Distinct from any imaging the procedure performs as its own measurement. Where the imaging is performed on a separate instrument, it should also be recorded in the Group 1 coupling fields.",Advanced,Editable,Text (free),,,2026-08-08,(none),Y,Y,,,,,,,,,,,,,,,,,,,,,,,,,,,,,,,,,,,,
3. Instrument & Software,,,,,,,,,N,N,N,N,N,N,N,N,N,N,N,N,N,N,N,N,N,N,N,N,N,N,N,N,N,N,N,N,N,N,N,N,N,N,N,N,N,N
Instrument Manufacturer,Make of the instrument used for this procedure.,Basic,Read-Only,Controlled list,JEOL | Zeiss | FEI / Thermo Fisher Scientific | Hitachi | Tescan | Phenom | Other: specify | Unknown | N/A | None,,2026-08-12,(none),Y,Y,,FEI,FEI,Zeiss,Zeiss,Zeiss,JEOL,JEOL,Hitachi,Other: Leo Electron Microscopy (now Zeiss),Other: Leo Electron Microscopy (now Zeiss),Zeiss,Zeiss,Carl Zeiss,"FEI Company, USA",Carl Zeiss,ZEISS (Carl Zeiss),ZEISS (Carl Zeiss),ZEISS (Carl Zeiss),ZEISS (Carl Zeiss),ZEISS (Carl Zeiss),ZEISS (Carl Zeiss),FEI (now Thermo Fisher Scientific),JEOL,JEOL,Hitachi,Hitachi,Hitachi,Thermo Fisher Scientific (ThermoScientific),FEI (now Thermo Fisher Scientific),FEI (now Thermo Fisher Scientific),JEOL,N,N,N,N
Instrument Model,"Model designation of the SEM or FIB-SEM instrument, including generation suffix if applicable.",Basic,Read-Only,Text (free),"e.g., 'JEOL JSM-7600F' | 'Zeiss Supra 55 FEG-SEM' | 'FEI Quanta 650 FEG' | 'Thermo Fisher Quattro S' | 'FEI Helios NanoLab 660' | 'Zeiss Crossbeam 540'",,2026-05-21,(none),Y,Y,,Nova 200 NanoLab DualBeam,Nova 200 NanoLab DualBeam,ZEISS 1550VP,ZEISS 1550VP,ZEISS 1550VP,JSM-5410LV,JSM-5410LV,S-2500C,Leo 440,Leo 440,Leo 1540 FIB/SEM CrossBeam,Leo 1540 FIB/SEM CrossBeam,Crossbeam 540,Quanta 250,SUPRA 55,1550VP,1550VP,Supra 40,Supra 40,Supra 40,Supra 40,Helios NanoLab 650,7600F,7600F,S-4800,S-4800,S-4800,Helios G3,Helios G4 UX,Quanta 3D 600,JSM-7000F,N,N,N,N
Electron Source,Type of electron gun used in the instrument.,Basic,Read-Only,Controlled list,Cold-FEG | Schottky FEG | LaB6 / CeB6 | Tungsten (W) | Other: specify | Unknown | N/A | None,,2026-08-12,(none),Y,Y,,Other: FEG (type not specified in paper),Other: FEG (type not specified in paper),Other: FEG (type not specified in paper),Other: FEG (type not specified in paper),Other: FEG (type not specified in paper),N,N,Tungsten (W),N,N,Other: FEG (type not specified),Other: FEG (type not specified),N,N,Field emission gun (FEG),Field emission gun (FEG),Field emission gun (FEG),Field emission gun (FEG),Field emission gun (FEG),Field emission gun (FEG),Field emission gun (FEG),N,Field emission gun (FEG),Field emission gun (FEG),Cold field emission gun (cold FEG),Cold field emission gun (cold FEG),Cold field emission gun (cold FEG),Field emission gun (FEG),Field emission gun (FEG),Field emission gun (FEG),Field emission gun (FEG),N,N,N,N
Instrument Variant,"Broad platform type of the instrument. 'Standard SEM': dedicated electron-only SEM column. 'FIB-SEM dual-beam': combined focused ion beam and SEM columns (enables TEM specimen preparation, 3D serial sectioning, ion-beam milling). 'VP-SEM / ESEM': variable-pressure or environmental SEM for imaging uncoated, hydrated, or charging specimens. An instrument may combine categories (e.g., FIB-SEM with VP capability).",Basic,Read-Only,Controlled list,Standard SEM | FIB-SEM dual-beam | VP-SEM / ESEM | FIB-SEM dual-beam + VP | Other: specify | N/A | None,,2026-05-21,(none),Y,Y,,FIB-SEM dual-beam,FIB-SEM dual-beam,VP-SEM / ESEM,VP-SEM / ESEM,VP-SEM / ESEM,Standard SEM,Standard SEM,Standard SEM,Standard SEM,Standard SEM,FIB-SEM dual-beam,FIB-SEM dual-beam,N,ESEM (Environmental SEM),FESEM (Field Emission SEM),VP (Variable Pressure),VP (Variable Pressure),FESEM (Field Emission SEM),FESEM (Field Emission SEM),FESEM (Field Emission SEM),FESEM (Field Emission SEM),Dual Beam (FIB-SEM),N,N,N,N,N,Dual Beam (FIB-SEM),Dual Beam (FIB-SEM),Dual Beam (FIB-SEM),N,N,N,N,N
Ion Beam Source,Ion beam source type in a FIB-SEM dual-beam system. Gallium LMIS (Ga+) is the most common ion source; xenon plasma FIB (PFIB) provides higher material removal rates for large-volume milling; helium and neon ion microscopes (GFIS) provide nanometre-resolution imaging and low-damage milling.,Basic,Read-Only,Controlled list,Gallium LMIS (Ga+) | Xenon plasma FIB (PFIB) | Helium GFIS | Neon GFIS | Other: specify | N/A | None,,2026-08-11,(none),Y,Y,,N/A,Gallium LMIS (Ga+),N/A,N/A,N/A,N/A,N/A,N/A,N/A,N/A,N/A,N/A,N,N/A,N/A,N/A,N/A,N/A,N/A,N/A,N/A,N,N/A,N/A,N/A,N/A,N/A,N,Gallium (Ga+) ion beam,Gallium (Ga+) ion beam,N/A,N/A,N/A,N,N
SE Detector Type,Type of secondary electron detector used. Everhart-Thornley (ET) detector is the standard off-axis collector sensitive to SE2 and some BSE; in-lens (TLD) detectors collect high-resolution SE1 signal at short working distances; GSED/ESED detectors operate in VP/ESEM mode by using the chamber gas as the signal amplification medium.,Basic,Read-Only,Controlled list,Everhart-Thornley (ET) | In-lens / TLD (through-the-lens) | GSED (VP/ESEM) | ESED (VP/ESEM) | Other: specify | N/A | None,,2026-05-22,(none),Y,Y,,In-lens / TLD (through-the-lens),N,N/A,N/A,N/A,N/A,N/A,N/A,N/A,N/A,N/A,N/A,N,N,N,N/A,N/A,N/A,N/A,N/A,N,N,N/A,N/A,N,N/A,N/A,N,N,N,N/A,N/A,N/A,N,N
BSE Detector Type,Type of backscattered electron detector. Solid-state diode detectors (single or segmented) are standard; YAG scintillator detectors offer high sensitivity at low voltage. Segmented detectors can operate in composition mode (segments summed) or topography mode (differential signal between segments). In-lens BSE detectors provide improved BSE collection at short working distances.,Basic,Read-Only,Controlled list,"Solid-state diode (single) | Solid-state diode (segmented, composition mode) | Solid-state diode (segmented, topography mode) | In-lens BSE | YAG scintillator | Other: specify | N/A | None",,2026-05-22,(none),Y,Y,,N/A,N,N,N/A,N/A,N/A,N/A,N,N,N/A,N,N/A,N,N/A,N/A,Solid-state BSE detector,N/A,Quadrant Backscatter Detector (QBSD),N/A,N/A,N/A,N,N,N/A,N/A,N,N/A,N,N,N,N/A,N/A,N,N,N
Acquisition Software,"Software used to control the SEM and acquire data, including version number. For FIB-SEM 3D tomography, include the automated slice-and-view module name and version.",Basic,Editable,Text (free),"e.g., 'JEOL Analysis Station v3.5' | 'Oxford AZtec 6.0' | 'Zeiss SmartSEM 6.06' | 'Thermo Fisher Auto Slice and View G4 (3D tomography)'",,2026-05-21,(none),Y,Y,,N,N,N,N,N,N,N,Gatan DigitalMicrograph (CL image assembly),N,N,N,N,N,N,N,N,N,Oxford INCA Energy,Oxford INCA Energy,Oxford INCA Energy,N,N,Oxford AZtec (Point & ID programme),Oxford AZtec (Point & ID programme),N,N,Oxford Instruments Aztec Live/x-stream,N,N,N,N,N,N,N,N
Data Reduction Software,Software used for post-acquisition data reduction and analysis. List all packages with version numbers.,Basic,Editable,Text (free),"e.g., 'Oxford AZtec 6.0 (EDS quantification); Oxford AZtec Crystal 2.1 (EBSD); Gatan DigitalMicrograph 3.5 (CL); FIJI 2.15 (image processing); Avizo 2023 (3D segmentation)'",,2026-06-01,(none),N,Y,,N,N,N,N,N,N,N,Gatan DigitalMicrograph,N,N,N,N,Avizo 7 (3D digital core software); Multiple-point geostatistics for pore network model,N,N,N,N,N,Oxford INCA Energy (semi-quantitative phase determination from atomic proportions),Oxford INCA Energy (semi-quantitative phase determination from atomic proportions),N,Fiji/ImageJ (StackReg/TurboReg for slice alignment; VolumeJ for volume rendering); Adobe Photoshop CS6 (image enhancement); FEI Avizo Fire 8.1.1 (pore volume reconstruction and segmentation),N,Oxford AZtec,N,N,Oxford Instruments Aztec,N/A,N/A,N/A,N,N,N,N/A,N/A
4. Measurement Information,,,,,,,,,N,N,N,N,N,N,N,N,N,N,N,N,N,N,N,N,N,N,N,N,N,N,N,N,N,N,N,N,N,N,N,N,N,N,N,N,N,N
Analytical Mode,"Primary analytical mode(s) executed under this procedure. For multi-mode procedures (e.g., simultaneous BSE + EDS mapping), list all active modes.",Basic,Read-Only,Controlled list,SE Imaging | BSE Imaging | EDS | SEM-WDS | CL | EBSD | TEM Sample Preparation | 3D Tomography | Multiple (specify) | Other: specify | N/A | None,,2026-07-24,(none),Y,Y,,SE Imaging,TEM Sample Preparation,BSE Imaging,EDS,EBSD,CL,EDS,CL,BSE Imaging,EDS,BSE Imaging,EDS,N,N,N,N,N,BSE (QBSD mode),Spot analysis,Element mapping,N,Sequential FIB-SEM tomography (serial cross-section imaging),Low-angle backscattered electron (BSE) imaging,"Point spectra (spot analysis, Point & ID)",N,N,EDS mapping,In-situ FIB lift-out; cross-section lamella preparation for TEM,In-situ FIB lift-out; lamella preparation for XANES and TEM,In-situ FIB lift-out; cross-section lamella preparation,Panchromatic CL imaging; hyperspectral CL; monochromatic CL imaging,Elemental maps and spot spectra (SEM-EDX) for presolar grain phase identification,N,N,N
Reported Variables and Units,"The final variable(s) this procedure reports and their units — distinct from Analyte and Monitored Isotopes, which record what was acquired. A procedure may acquire many masses and report a small number of derived quantities; without this field a data consumer cannot tell which. Record every reported variable, including intermediate quantities reported alongside final ones (e.g. both the 206Pb/238U ratio and the 206Pb/238U date). Where a reported variable is a nominal property with no magnitude (e.g. a mineral identification), record the variable and give the unit as 'N/A — nominal property'.",Basic,Read-Only,Text (free),"e.g., 'Element concentration (ppm); oxide (wt%)' | 'd56Fe (permil vs IRMM-014); d57Fe (permil vs IRMM-014)' | '206Pb/238U date (Ma); 207Pb/206Pb date (Ma)' | 'Mineral identity (N/A — nominal property); match score (0-1)'",,2026-08-11,defines: reported property,Y,Y,,,,,,,,,,,,,,,,,,,,,,,,,,,,,,,,,,,,
Accelerating Voltage,"Electron beam accelerating voltage in kilovolts. Affects X-ray generation depth (EDS/WDS), EBSD pattern quality, imaging resolution, and beam penetration. Low voltages (1-5 kV) improve surface sensitivity and reduce beam damage; high voltages (15-20 kV) improve X-ray generation for quantitative analysis.",Basic,Editable,Numeric (kV),"e.g., 2 | 5 | 10 | 15 | 20",,2026-05-21,(none),Y,Y,,500 V; 1 kV; 5 kV,N,10 kV,10 kV,20 kV,N,15 kV,15–20 kV,N,N,N,N,N,N,N,N,N,20 kV,20 kV,20 kV,N,2 kV (SEM imaging),15 kV,15 kV,N,N,N,30 keV (FIB milling and thinning),16 to 30 keV (coarse milling); down to 1 keV (polishing),30 kV (initial milling); 16 kV (intermediate); 5 kV (final thinning),5 keV,N,N,N,N
Beam Current,"Electron beam probe current. Higher current improves signal-to-noise for X-ray analysis (EDS/WDS, EBSD) and CL but may increase beam damage and reduce spatial resolution. Express in nA; for sub-nA values use decimal notation (e.g., 0.4 nA).",Basic,Editable,Numeric (nA),"e.g., 0.4 | 0.9 | 2 | 5 | 10 | 20",,2026-08-11,(none),Y,Y,,70 fA (500 V); 1.4 pA (1 kV); 98 pA (5 kV),N,N,N,6 nA,N,2.0 nA,N,N,N,N,N,N,N,N,N,N,N,N,N,N,N,N,~900 pA,N,N,N,0.8 to 2.5 nA (thinning),N,N,1 to 4 nA,N,N,N,N
Working Distance,"Distance between the objective lens pole piece and the specimen surface in millimetres. Affects spatial resolution, depth of focus, EDS X-ray take-off angle, and EBSD geometry.",Basic,Editable,Numeric (mm),"e.g., 4 | 8 | 10 | 15",,2026-05-21,(none),Y,Y,,0.5–5.4 mm,5.4 mm (eucentric height for electron and ion columns),N,N,N,N,N,~10 mm,N,N,N,N,N,N,N,N,N,8 mm,N,N,N,4 mm,N,N,N,N,N,N,N,N,N,N,N,N,N
Dwell Time per Pixel,"Time the electron beam dwells on each pixel during raster scanning (imaging modes) or on each step position during compositional mapping (EDS and WDS mapping modes), in microseconds or milliseconds. Longer dwell time improves signal-to-noise and counting statistics but increases total dose and can cause beam damage or contamination on sensitive materials. For WDS mapping, the dwell time is per spectrometer per pixel.",Basic,Editable,Numeric + unit,"e.g., '400 ns' | '10 µs' | '1 ms'",,2026-06-01,(none),N,Y,,N,N/A,N,N/A,N/A,N/A,N/A,N/A,N,N/A,N,N/A,N,N,N,N,N/A,N,N/A,N/A,N,N,N,N/A,N,N,N/A,N/A,N/A,N/A,N/A,N/A,N,N/A,N/A
Protective Coating Deposition,"Type and deposition conditions of the protective coating applied to the sample surface before FIB milling. E-beam deposition causes less surface damage than ion-beam deposition and should be applied as the initial layer. Typical coatings: platinum (Pt) or carbon (C). State material, deposition method, beam conditions, and approximate thickness.",Basic,Editable,Text (free),"e.g., 'E-beam Pt (5 kV, 1.5 nA, ~500 nm) then Ga+ ion-beam Pt (30 kV, 0.3 nA, ~2 µm)' | 'E-beam C (5 kV) + ion-beam C (2-3 µm total)'",,2026-08-11,(none),Y,Y,,N/A,N,N/A,N/A,N/A,N/A,N/A,N/A,N/A,N/A,N/A,N/A,No coating applied; not sputtered with gold or other materials,N/A,N/A,N/A,N/A,N/A,N/A,N/A,N/A,N,N/A,N/A,N/A,N/A,N/A,12-µm wide × 4-µm tall carbon capping layer deposited on matrix areas,N,Electron-beam deposited carbon (~0.5–1 µm); followed by ion beam-deposited carbon (~2–3 µm capping layer),N/A,N/A,N/A,N,N
Coarse Milling Conditions,Ion beam voltage and current used for bulk material removal during FIB milling. For TEM specimen preparation: bulk trenching to isolate the lamella and intermediate thinning. For 3D tomography: face preparation and initial slice removal.,Basic,Editable,Text (free),"e.g., '30 kV, 2.5 nA (bulk trenching); 16 kV, 0.8 nA (intermediate thinning)'",,2026-08-11,(none),Y,Y,,N/A,"30 kV, 10 pA Ga beam",N/A,N/A,N/A,N/A,N/A,N/A,N/A,N/A,N/A,N/A,N,N/A,N/A,N/A,N/A,N/A,N/A,N/A,N/A,N,N/A,N/A,N/A,N/A,N/A,"Standard stair step; 30 keV, currents 2.5 to 0.8 nA",Ga+ ion beam at 16–30 keV (coarse milling),Ga+ ion beam at 30 kV (initial milling); 16 kV (intermediate),N/A,N/A,N/A,N,N
Fine Polishing Conditions,"Ion beam voltage and current for final thinning and surface polishing of the TEM lamella. Low-voltage polishing (2 kV or below) minimises Ga implantation depth, surface amorphisation, and curtaining artifacts.",Basic,Editable,Text (free),"e.g., '5 kV, 0.3 nA; final polish: 2 kV, 72 pA' | '1 kV, 0.1 nA final step'",,2026-08-11,(none),Y,N,,N/A,N,N/A,N/A,N/A,N/A,N/A,N/A,N/A,N/A,N/A,N/A,N/A,N/A,N/A,N/A,N/A,N/A,N/A,N/A,N/A,N/A,N/A,N/A,N/A,N/A,N/A,N,Various voltages down to 1 keV (polishing),Ga+ ion beam at 5 kV (final thinning) until ~100 nm thick,N/A,N/A,N/A,N,N
Foil Thickness,"Target thickness of the electron-transparent TEM lamella after final FIB polishing, in nanometres. Actual thickness may differ from target. Typical range: 50-150 nm for standard TEM/STEM; 200-600 nm for XANES or tomography sections.",Basic,Editable,Numeric + unit,"e.g., '~100 nm' | '50-80 nm' | '100-200 nm'",,2026-08-11,(none),Y,N,,N/A,N,N/A,N/A,N/A,N/A,N/A,N/A,N/A,N/A,N/A,N/A,N/A,N/A,N/A,N/A,N/A,N/A,N/A,N/A,N/A,N/A,N/A,N/A,N/A,N/A,N/A,N,"<100 to 600 nm (variable, depending on targeted experiment)",~100 nm,N/A,N/A,N/A,N,N
Lift-out Method,Method used to transfer the FIB-prepared lamella to the TEM support grid. In-situ lift-out uses a micromanipulator inside the FIB-SEM chamber and is the standard method for small or precious specimens.,Basic,Read-Only,Controlled list,"In-situ (micromanipulator, Cu or Mo TEM half-grid) | Ex-situ | Other: specify | N/A | None",,2026-08-11,(none),Y,N,,N/A,N,N/A,N/A,N/A,N/A,N/A,N/A,N/A,N/A,N/A,N/A,N/A,N/A,N/A,N/A,N/A,N/A,N/A,N/A,N/A,N/A,N/A,N/A,N/A,N/A,N/A,In-situ lift-out (standard stair step),N,In-situ lift-out; ion beam-deposited Pt weld to Cu half grids,N/A,N/A,N/A,N,N
Ion Milling Conditions (3D Tomography),Ion beam voltage and current used to mill each slice during FIB-SEM serial sectioning. These parameters determine material removal rate per slice and exposed surface quality.,Basic,Editable,Text (free),"e.g., 'Ga+ 30 kV, 2.5 nA (slice milling)'",,2026-08-11,(none),N,Y,,N/A,N/A,N/A,N/A,N/A,N/A,N/A,N/A,N/A,N/A,N/A,N/A,N,N/A,N/A,N/A,N/A,N/A,N/A,N/A,N/A,N,N/A,N/A,N/A,N/A,N/A,N/A,N/A,N/A,N/A,N/A,N/A,N/A,N/A
Slice Thickness,Thickness of each FIB-milled slice during serial sectioning in nanometres. Controls the Z-axis resolution of the 3D reconstruction.,Basic,Editable,Numeric (nm),"e.g., 10 | 20 | 50 | 100",,2026-08-11,(none),N,Y,,N/A,N/A,N/A,N/A,N/A,N/A,N/A,N/A,N/A,N/A,N/A,N/A,15 nm (single layer scanning thickness = 9.0 µm total / 600 slices),N/A,N/A,N/A,N/A,N/A,N/A,N/A,N/A,N,N/A,N/A,N/A,N/A,N/A,N/A,N/A,N/A,N/A,N/A,N/A,N/A,N/A
Voxel Size and Image Stack Dimensions,"X, Y, Z dimensions of the reconstructed 3D voxel in nanometres (X-Y pixel size from SEM image calibration; Z from slice thickness), and the total number of slices in the stack. Determined at analysis time.",N/A,Basic,Text (free),"e.g., '14.6 x 8.3 x 10.0 nm, 600 slices' | '14.8 x 14.8 x 20 nm, 800 slices'",,2026-08-11,(none),N,Y,,N/A,N/A,N/A,N/A,N/A,N/A,N/A,N/A,N/A,N/A,N/A,N/A,9.8 × 9.8 × 15 nm voxel size; 600 slices; 7.8 × 7.8 µm scanning area; 9.0 µm total thickness,N/A,N/A,N/A,N/A,N/A,N/A,N/A,N/A,14.8×14.8 nm pixel size (XY); ~800 total slices; sub-volumes: SC=5.609×3.08×5.446 µm; HBC=4.679×3.2×4.24 µm; SEM image resolution 2.5 nm,N/A,N/A,N/A,N/A,N/A,N/A,N/A,N/A,N/A,N/A,N/A,N/A,N/A
5. Data Processing,,,,,,,,,N,N,N,N,N,N,N,N,N,N,N,N,N,N,N,N,N,N,N,N,N,N,N,N,N,N,N,N,N,N,N,N,N,N,N,N,N,N
3D Image Registration,"Method used to align consecutive SEM image slices in the 3D stack to correct for drift, vibration, and curtaining artifacts. Include software used.",Basic,Editable,Text (free),"e.g., 'Cross-correlation (FIJI/ImageJ)' | 'Fiducial marker alignment' | 'Auto Slice and View G3 built-in drift correction' | 'Avizo drift correction'",,2026-08-11,(none),N,Y,,N/A,N/A,N/A,N/A,N/A,N/A,N/A,N/A,N/A,N/A,N/A,N/A,N,N/A,N/A,N/A,N/A,N/A,N/A,N/A,N/A,Fiji/ImageJ StackReg and TurboReg plugins used for slice realignment,N/A,N/A,N/A,N/A,N/A,N/A,N/A,N/A,N/A,N/A,N/A,N/A,N/A
3D Segmentation Method,"Method and software used to segment phases and features in the aligned 3D image stack, transforming the grayscale stack into labelled 3D regions (pores, mineral phases, grain boundaries, organic matter).",Basic,Editable,Text (free),"e.g., 'Greyscale thresholding (Avizo Fire 8.1)' | 'Machine learning (Dragonfly 2022)' | 'Manual tracing' | 'Region growing' | 'None'",,2026-08-11,(none),N,Y,,N/A,N/A,N/A,N/A,N/A,N/A,N/A,N/A,N/A,N/A,N/A,N/A,"Image denoising, binarization, and segmentation; 3D model established using Avizo 7 and Multiple-point geostatistics",N/A,N/A,N/A,N/A,N/A,N/A,N/A,N/A,Semi-automatic porosity segmentation by grayscale thresholding; pore volume reconstruction using FEI Avizo Fire 8.1.1; connected component analysis for pore network extraction (PNE),N/A,N/A,N/A,N/A,N/A,N/A,N/A,N/A,N/A,N/A,N/A,N/A,N/A
Constants and Reference Values Used,"Physical constants and reference values used in data reduction to calculate the final reported quantity (e.g., decay constants for age calculation, standard isotope ratios, or other citable reference values used in a correction or calculation), together with their source. Distinct from Reference Material Information / Secondary Reference Materials (Group 6), which document accepted values for specific calibration/validation materials rather than universal physical constants. Record ""None"" if no citable, revisable physical constants feed into this procedure's data reduction.",Basic,Editable,Text (free),"e.g., ""λ238U = 1.55125×10⁻¹⁰ yr⁻¹, λ235U = 9.8485×10⁻¹⁰ yr⁻¹ (Jaffey et al. 1971); 238U/235U = 137.818 (Hiess et al. 2012)"" | ""None""",,2026-08-11,(none),Y,Y,,,,,,,,,,,,,,,,,,,,,,,,,,,,,,,,,,,,
6. Quality Control & Uncertainty,,,,,,,,,N,N,N,N,N,N,N,N,N,N,N,N,N,N,N,N,N,N,N,N,N,N,N,N,N,N,N,N,N,N,N,N,N,N,N,N,N,N
Additional Notes,"Any procedure- or analysis-specific information not captured by a structured field anywhere in this TAPP — including anomalies, deviations from the registered procedure, instrument modifications, and supplementary context. Scope is the whole document, not Group 6: this is the last field of the TAPP and covers all six groups. Use sparingly; a structured field is preferred for anything that can be formally categorised.",Advanced,Advanced,Text (free),Free text,,2026-08-11,(none),Y,Y,,Sample imaged without coating; initial ~5% beam-induced shrinkage observed upon first e-beam exposure; sample stable thereafter; focusing performed away from particles of interest to minimise beam exposure,N,N,N,EBSD done in variable pressure mode (25 Pa) to suppress charging on tilted sample; spatial resolution ~30 nm stated; calibrated with single-crystal silicon standard,"CL color imaging also done with separate luminoscope ELM-3R (cold cathode, 10 kV, 0.5 mA, <100 Torr) — standalone CL system, not SEM-based; spectrum deconvolution via Peak Analyzer in OriginPro 8J SR2",Described as semiquantitative; BSE images also captured with this instrument at same conditions; EPMA (JEOL JXA-8900R WDS) used for quantitative analyses (out of scope),Digiscan II beam controller used for CL raster; multi-channel color CL distinguishes ~4 spectral bands; beam-induced CL may persist from long-lived IR emission in carbonates,N,"Full spectral imaging (Quartz XOne): all X-rays recorded per pixel, allowing post-hoc spectral analysis",N,Additional BSE and EDX analyses also carried out with Hitachi S-4300SE/N (Texas Tech) and Hitachi SU6600 (UWO) — not captured as separate assessment columns,N,Pore and mineral sizes >0.1 µm measured; minerals analyzed via EDS (surface energy spectrum analysis); magnification range 10³ to 10⁴,Pore and mineral sizes >20 nm to <5 µm measured; EDS also used for mineral analysis; magnification range 10³ to 10⁵,"BSE images obtained from both ZEISS 1550VP FE-SEM and JEOL 8200 electron microprobe (EPMA); quantitative EPMA on JEOL 8200 at 12 kV, 5 nA (out of scope for SEM TAPP)",EBSD performed at Caltech GPS Analytical Facility; EPMA (JEOL 8200) used for quantitative chemical analysis (out of scope for SEM TAPP),10 BSE images acquired at ×138 magnification and mosaicked (4 consecutive per row) to cover ~9.7 mm area matching SPIM imagery,"Spot analysis: 20 kV, 30 µm aperture, 30 s live time per spot, maximum process time (Oxford INCA Energy)","EDS mapping: 20 kV, 60 µm aperture, 5 ms dwell per pixel, 1024×768 pixels, 2.5 µm pixel size, ~10 h total; element maps co-registered with BSE images","SE imaging used for topographic examination; instrument capability: up to ×200,000 magnification, 5 nm resolution; SE acquired before EDS to minimize charging effects",Stage tilt 52° between electron and ion columns; SEM range 20V–30kV and FIB range 500V–30kV (system specs); destriping filter xStripes.jar applied; deconvolves y-axis by y/sin(52°) for pixel scale correction,SE and BSE imaging; EDS point spectra; Oxford AZtec system; EDS detector: Oxford Instruments Ultim Max SDD 170 mm²,N,Cold FEG; system range 0.5-30 keV; SE and BSE imaging detectors; also equipped with Oxford Instruments Aztec Live/x-stream/Ultimax 170 SDD EDS; specific operating voltage not stated,Cold FEG; system range 0.5-30 keV; SE and BSE imaging; EDS mapping; specific operating voltage not stated,"Compositional heterogeneity assessed through EDS mapping; no specific kV, current, dwell time stated for S-4800 EDS",Sections thinned to electron transparency; BSE/SE images acquired before and after sectioning; methods follow refs. 72-75,Thicker sections (<100 nm) for TEM; sections up to 600 nm for Fe-L XANES and tomography,"Multi-step milling: e-beam C deposition then FIB C capping, 30 kV → 16 kV → 5 kV; Pt weld to Cu half grids","CL emitting volume at 5 keV: up to 230 nm depth, 200 nm sideways (assuming 100-nm graphite coating); recording below focal plane for magnifications <×500 to minimize hotspot effect","SEM-EDS (referred to as SEM-EDX in Extended Data Fig. 8) used to confirm phase identifications of two O-rich presolar grains identified by NanoSIMS isotope mapping: one grain confirmed as ferromagnesian silicate; one confirmed as Al,Mg-bearing oxide (Barnes et al. 2025, p.2 and Extended Data Fig. 8 caption). No instrument name, accelerating voltage, beam current, or sample preparation specifics stated for the JSC SEM-EDS step in this paper.","No BSE imaging with FEI Quanta 3D DualBeam or Helios DualBeam at NASA JSC described in this paper (Barnes et al. 2025). BSE mosaic imaging was performed using a Hitachi TM4000plus at the University of Arizona (K-ALFAA) at 15-keV electron beam to identify suitable matrix areas for NanoSIMS analysis (Methods, p.11). No JSC BSE imaging conditions or instrument stated.","No FIB-based TEM sample preparation at NASA JSC described in this paper (Barnes et al. 2025). This paper does not include TEM analysis or FIB-SEM-based sample preparation. FIB-based TEM foil preparation using FEI Helios G4 and related instruments at NASA JSC is described in the companion paper Zega et al. 2025 (Nat. Geosci., ref. 7 therein).","No FIB-based TEM sample preparation at NASA JSC described in this paper (Barnes et al. 2025). This paper does not include TEM analysis or FIB-SEM-based sample preparation. TEM foil preparation using FEI Helios 660 G3 and related instruments at NASA JSC is described in the companion paper Zega et al. 2025 (Nat. Geosci., ref. 7 therein)."
