"Metadata Item","Zhang et al. 2022
(GCA 323)
Iron meteorites
Raster mapping + Spot (Ge)
ns-LA-SF-ICP-MS
Florida State University","Chernonozhkin et al. 2021
(Chem Geol 562)
Pallasite olivine
Raster mapping (2D)
ns-LA-SF-ICP-MS
Ghent University","Chernonozhkin et al. 2021
(Chem Geol 562)
Pallasite olivine
Line scan (Run 1: major) +
Spot (Run 2: trace)
[Multi-run]
ns-LA-SF-ICP-MS
Ghent University","Chernonozhkin et al. 2021
(Chem Geol 562)
Pallasite phosphate
Spot analysis
ns-LA-SF-ICP-MS
Ghent University","Chernonozhkin et al. 2024
(JAAS 39)
Micrometeorites
Raster mapping (2D)
LA-ICP-ToF-MS
Ghent University","Masuda et al. 2024
(M&PS 59)
CAI minerals (Allende)
Raster mapping (2D)
msfs-LA-ICP-MS
Tokyo Institute of Technology","Mittlefehldt 2024
Appendix A
Pallasite olivine
Spot analysis
ns-LA-SF-ICP-MS
Johnson Space Center","Nakanishi et al. 2022
(GCA 319)
CR chondrite metal (HSE)
Spot analysis
fs-LA-Q-ICP-MS
Tokyo Institute of Technology","Navarro et al. 2024
(ACS ESC 8)
Iron meteorites
Spot analysis
ns-LA-SF-ICP-MS
University of Campinas","Navarro et al. 2024
(ACS ESC 8)
Iron meteorites
Raster mapping (2D)
ns-LA-SF-ICP-MS
University of Campinas","Zhang et al. 2022
(At. Spectrosc. 43)
Lunar meteorite silicates
(Rb-Sr geochronology)
Line scan (transect)
fs-LA-MC-ICP-MS
China Univ. of Geosciences","Liu et al. 2024
(JAAS 39)
Extraterrestrial samples
(Li-borate flux glass)
Spot analysis
fs-LA-Q-ICP-MS
Chinese Academy of Sciences","Liu et al. 2025
(GCA 393)
Experimental silicate glass
Spot analysis
ns-LA-Q-ICP-MS
Guangzhou Inst. Geochemistry","Liu et al. 2025
(GCA 393)
Experimental sulfide
Spot analysis
ns-LA-Q-ICP-MS
Guangzhou Inst. Geochemistry","Liu et al. 2016
(M&PS 51)
Tissint martian meteorite
Silicates, oxides & glass
Spot analysis
LA-Q-ICP-MS
Virginia Tech","Liu et al. 2016
(M&PS 51)
Tissint martian meteorite
Phosphate (merrillite)
Spot analysis
LA-Q-ICP-MS
Virginia Tech"
"1. Protocol Identification","","","","","","","","","","","","","","","N","N"
"Protocol Name","Zhang et al. (2022) Iron Meteorite LA-ICP-MS v1","Chernonozhkin et al. (2021) Pallasite Olivine 2D Mapping v1","Chernonozhkin et al. (2021) Pallasite Olivine Multi-run Spot/Transect v1","Chernonozhkin et al. (2021) Pallasite Phosphate Spot v1","Chernonozhkin et al. (2024) Micrometeorite LA-ICP-ToF-MS Mapping v1","Masuda et al. (2024) CAI Mineral msfsLA-ICP-MS Mapping v1","Mittlefehldt (2024) Pallasite Olivine Spot v1","Nakanishi et al. (2022) CR Chondrite Metal HSE fs-LA-ICP-MS Spot v1","Navarro et al. (2024) Iron Meteorite Spot v1","Navarro et al. (2024) Iron Meteorite Raster Mapping v1","Zhang et al. (2022) Lunar Meteorite Rb-Sr Transect fs-LA-MC-ICP-MS v1","Liu et al. (2024) Extraterrestrial Flux Glass fs-LA-ICP-MS Spot v1","Liu et al. (2025) Experimental Silicate Glass LA-ICP-MS Spot v1","Liu et al. (2025) Experimental Sulfide LA-ICP-MS Spot v1","N","N"
"Technique","LA-SF-ICP-MS","LA-SF-ICP-MS","LA-SF-ICP-MS","LA-SF-ICP-MS","LA-ICP-ToF-MS","fs-LA-Q-ICP-MS (msfsLA)","LA-SF-ICP-MS","fs-LA-Q-ICP-MS","LA-SF-ICP-MS","LA-SF-ICP-MS","fs-LA-MC-ICP-MS","fs-LA-Q-ICP-MS","LA-Q-ICP-MS","LA-Q-ICP-MS","LA-ICP-MS (193 nm excimer laser + ICP-MS; top-level technique) [P4]","LA-ICP-MS (same as silicate protocol) [P4]"
"Protocol Author","Zhang, Chabot, Rubin, Humayun et al.","Chernonozhkin, Pittarello, Goderis, Vanhaecke et al.","Chernonozhkin, Pittarello, Goderis, Vanhaecke et al.","Chernonozhkin, Pittarello, Goderis, Vanhaecke et al.","Chernonozhkin, Van Acker, Van Malderen et al.","Masuda, Niki, Hirata, Yokoyama","Mittlefehldt","Nakanishi, Yokoyama, Okabayashi, Iwamori, Hirata","Navarro, Enzweiler, Crósta et al.","Navarro, Enzweiler, Crósta et al.","Zhang et al. (China Univ. of Geosciences Wuhan)","Liu, Xue, Li, Wang et al.","Liu, Li, Xu, Xiong et al.","Liu, Li, Xu, Xiong et al.","N","N"
"Analyst","N","N","N","N","N","N","N","N","N","N","N","N","N","N","N (Allan Patchen and Luca Fedele assisted with data collection per acknowledgments; not explicitly named as analysts in methods) [P20-Ack]","N (same as silicate protocol) [P20-Ack]"
"Laboratory","Plasma Analytical Facility, Florida State University, Tallahassee FL, USA","Dept. of Chemistry, Atomic & Mass Spectrometry, Ghent University, Belgium","Dept. of Chemistry, Atomic & Mass Spectrometry, Ghent University, Belgium","Dept. of Chemistry, Atomic & Mass Spectrometry, Ghent University, Belgium","Dept. of Chemistry, Atomic & Mass Spectrometry, Ghent University, Belgium","Geochemical Research Center, Univ. of Tokyo / Tokyo Inst. of Technology, Japan","ICP-MS Laboratory, NASA Johnson Space Center, Houston TX, USA","Dept. of Earth and Planetary Sciences, Tokyo Institute of Technology, Japan","Isotope Geology Laboratory, University of Campinas (UNICAMP), Brazil","Isotope Geology Laboratory, University of Campinas (UNICAMP), Brazil","State Key Laboratory of Geological Processes and Mineral Resources, China Univ. Geosciences, Wuhan, China","State Key Laboratory of Lithospheric Evolution and Environmental Coevolution, IGGCAS, Beijing, China","State Key Laboratory of Isotope Geochemistry, Guangzhou Institute of Geochemistry, CAS, China","State Key Laboratory of Isotope Geochemistry, Guangzhou Institute of Geochemistry, CAS, China","Department of Geosciences, Virginia Tech [P4]","Department of Geosciences, Virginia Tech [P4]"
"Laboratory ID","N","N","N","N","N","N","N","N","N","N","N","N","N","N","N","N"
"Protocol Start Date","N","N","N","N","N","N","N","N","N","N","N","N","N","N","N","N"
"Analysis Start Date","N","N","N","N","N","N","N","N","N","N","N","N","N","N","N","N"
"Analysis End Date","N","N","N","N","N","N","N","N","N","N","N","N","N","N","N","N"
"Protocol DOI","N","N","N","N","N","N","N","N","N","N","N","N","N","N","N","N"
"Funding Source for Protocol Development","N","[CHANGED from: FWO (Flemish Research Foundation) project G0C4914N; NASA/Smithsonian grants] Planet Topers (BELSPO Interuniversity Attraction Poles); FWO postdoctoral fellowship for SCh; FWO ""Excellence of Science"" (ET-HoME ID 30442502); FWO/BOF-UGent; Alexander von Humboldt Foundation; FWO/BELSPO/VUB for SG and PC","[CHANGED from: FWO project G0C4914N] Planet Topers (BELSPO); FWO; Alexander von Humboldt Foundation; FWO/BOF-UGent","[CHANGED from: FWO project G0C4914N] Planet Topers (BELSPO); FWO; Alexander von Humboldt Foundation; FWO/BOF-UGent","FWO ""Excellence of Science"" project ET-HoME-ID30442502; Montanuniversität Leoben","Japan Society for the Promotion of Science (JSPS)","N","JSPS KAKENHI; Tokyo Institute of Technology","FAPESP (São Paulo Research Foundation); CNPq","FAPESP; CNPq","National Natural Science Foundation of China (NSFC)","NSFC; Chinese Academy of Sciences","[CHANGED from: Strategic Priority Research Program (B) CAS; NSFC 92062222, 42073057] Strategic Priority Research Program (B) CAS; NSFC 92062222, 42073057, 42250710679, 42250202, 42273023","[CHANGED from: Strategic Priority Research Program (B) CAS; NSFC 92062222, 42073057] Strategic Priority Research Program (B) CAS; NSFC 92062222, 42073057, 42250710679, 42250202, 42273023","N","N"
"Funding Source for Analysis","[CHANGED from: N] NASA Grants 80NSSC19K1238 (BZ), 80NSSC19K1613 (NLC), 80NSSC18K0595 (MH), NNX17AE77G (AER); NSF Cooperative Agreement DMR-1644779 and State of Florida [Acknowledgements]","[CHANGED from: N] Planet Topers (BELSPO); FWO; Alexander von Humboldt Foundation; FWO/BOF-UGent","[CHANGED from: N] Planet Topers (BELSPO); FWO; Alexander von Humboldt Foundation; FWO/BOF-UGent","[CHANGED from: N] Planet Topers (BELSPO); FWO; Alexander von Humboldt Foundation; FWO/BOF-UGent","[CHANGED from: N] FWO ""Excellence of Science"" project ET-HoME-ID30442502 (S.M.C. and F.V.); Montanuniversität Leoben (S.M.C.); FWO postdoctoral fellowship FWO.3E0.2022.0048.01 (T.V.A.); Belgian Science Policy BELAM, Amundsen, and BAMM projects","[CHANGED from: N] JSPS KAKENHI grants to TY (21KK0058, 20H04609, 19H00715, 18H01258), to TH (JP19H01081), and to YM (23KJ0900); JST to YM (JPMJFS2112)","[CHANGED from: N] N (no funding section in this appendix document; funding would be in the parent paper which was not assessed)","[CHANGED from: N] JSPS Grant-in-Aid for Scientific Research (grants 26106002, 26220713, 16H04081, 19H00715, 19H01081, 20H04609)","[CHANGED from: N] M.S.N.: Educorp (Unicamp) and International Association of Geoanalysts for Geoanalysis 2022 presentation; J.E.: CNPq grant 316191/2021-3","[CHANGED from: N] M.S.N.: Educorp (Unicamp) and International Association of Geoanalysts; J.E.: CNPq grant 316191/2021-3","[CHANGED from: N] CNSA pre-research project D020205; NSFC 41973013; Natural Science Foundation of Hubei Province 2020CFA045; GPMR State Key Laboratory special fund MSFGPMR04 and MSFGPMR08","[CHANGED from: N] Strategy Priority Research Program (Category B) of Chinese Academy of Sciences (XDB0710000); NSFC 42073022","[CHANGED from: N] Strategic Priority Research Program (B) of CAS (XDB0840200); NSFC 92062222, 42073057, 42250710679, 42250202, 42273023","[CHANGED from: N] Strategic Priority Research Program (B) of CAS (XDB0840200); NSFC 92062222, 42073057, 42250710679, 42250202, 42273023","NASA Cosmochemistry grants NNX11AG58G (to L.A.T.) and NNN13D465T (to Y.L.); NSF EAR-1226270 (to P.D.A.) and EAR-1019770 (to R.J.B.); Y.L. supported by Jet Propulsion Laboratory [P20-Ack]","Same as silicate protocol [P20-Ack]"
"Protocol Reference(s)","Zhang et al. (2022) GCA 323, 202–219; Humayun (2012) for standardization","Chernonozhkin et al. (2021) Chem. Geol. 562; Liu et al. (2008) for IS method","Chernonozhkin et al. (2021) Chem. Geol. 562; Liu et al. (2008) for IS method","Chernonozhkin et al. (2021) Chem. Geol. 562; Liu et al. (2008) for IS method","Chernonozhkin et al. (2024) JAAS 39, 1050; Van Malderen et al. (2020)","Masuda et al. (2024) M&PS 59, 2260; iQuant 2+ software (Suzuki et al. 2018)","Mittlefehldt (2024) GCA; Lee (Rice University) Excel data reduction spreadsheet","Nakanishi et al. (2022) GCA 319, 254; Walker et al. (2008) for IVB standards","Navarro et al. (2024) ACS Earth Space Chem. 8, 281; Longerich et al. (1996)","Navarro et al. (2024) ACS Earth Space Chem. 8, 281; Longerich et al. (1996)","Zhang et al. (2022) At. Spectrosc. 43; ISO-Compass software; Zhang et al. (2018)","Liu et al. (2024) JAAS 39, 2728; Pettke et al. (2012) for LOD","Liu et al. (2025) GCA 393, 170; Xu et al. (2022) for experimental protocol","Liu et al. (2025) GCA 393, 170; Xu et al. (2022)","Udry et al. (2012) and Pernet-Fisher et al. (2014) cited as broad references for the analytical procedure [P4]","Same as silicate protocol [P4]"
"Coupled Technique(s)","[CHANGED from: N] EPMA (Brown University CAMECA SX-100)","N","N","N","N","N","N","[CHANGED from: N] EPMA (electron probe microanalysis)","N","N","N","N","N","N","EPMA (EMP) [P4]","EPMA (EMP) [P4]"
"Coupling Description","[CHANGED from: N] Quantitative analysis, mixed WDS/EDS element mapping, and characterization of mineral phases from NWA 1911 and Zinder [Section 2.5]","N","N","N","N","N","N","[CHANGED from: N] EPMA used to measure Ni concentration at the exact LA-ICP-MS analysis spot location, required for internal standardization of HSE data [Section 2.3]","N","N","N","N","N","N","EPMA provides major element concentrations for comparison with LA-ICP-MS oxide-sum normalization results; agreement within <10% verified [P4]","EPMA provides CaO concentration at exact analysis spot, used as internal standard for LA-ICP-MS data reduction (LA-ICP-MS 40Ca counts normalized to EMP CaO) [P4]"
"Coupled Protocol DOI","N","N","N","N","N","N","N","N","N","N","N","N","N","N","N","N"
"Coupled Dataset or Publication Reference","N","N","N","N","N","N","N","N","N","N","N","N","N","N","N","N"
"","","","","","","","","","","","","","","","",""
"2. Samples","","","","","","","","","","","","","","","N","N"
"Target Material","Iron meteorite metal (kamacite + taenite); pyroxene-bearing pallasite metal","Pallasite olivine ([Mg,Fe]₂SiO₄)","Pallasite olivine ([Mg,Fe]₂SiO₄)","Pallasite Ca-phosphate (merrillite, stanfieldite, farringtonite)","Cosmic spherule micrometeorites (silicate glass, olivine, magnetite)","CAI (calcium–aluminum-rich inclusion) constituent minerals (spinel, diopside, hibonite, nepheline, etc.)","Pallasite olivine ([Mg,Fe]₂SiO₄)","CR chondrite metal grains (interior, margin, and isolated types)","Iron meteorite metal (kamacite + taenite)","Iron meteorite metal (kamacite + plessite)","Lunar meteorite silicates (plagioclase, pyroxene, ilmenite, glass)","Li-borate flux fusion glass (extraterrestrial sample preparation)","Experimental dacitic silicate glass (quench product)","Experimental pyrrhotite (Fe₁₋ₓS) sulfide (quench product)","Martian meteorite (Tissint) silicates, oxides, and glass: olivine, low-Ca pyroxene, augite, maskelynite, Fe-Ti-Cr oxides, shock melt glass, fusion crust [P4]","Martian meteorite (Tissint) phosphate: sodium-merrillite [P4, P12]"
"Sample Form / Analytical Substrate","Polished metal slab (in situ)","In situ — polished epoxy thick section (HELEX II two-volume cell)","In situ — polished epoxy thick section; pre-ablated before trace element run","In situ — polished epoxy thick section","In situ — polished epoxy mount (progressively polished to 4000 grit)","In situ — polished epoxy mount (Allende slab sections embedded in epoxy)","In situ — polished grain mount (olivine grain fragments)","In situ — polished epoxy thick section (petropoxy 154 resin, 0.5 µm diamond finish)","In situ — polished epoxy mount (~1 cm fragments in epoxy, etched with Nital)","In situ — polished epoxy mount (same Augusto Pestana fragment as spot protocol)","In situ — polished thin section (two-volume cell)","Li-borate flux fusion glass disc (10 mg sample + 350 mg Li₂B₄O₇, 35:1 dilution)","In situ — polished epoxy mount (experimental capsule half-section)","In situ — polished epoxy mount (same capsule section as glass protocol)","In situ — polished thin section (Tissint sections: Tata-2-C3, Tata-3-C2, UT1, UT3) [P4, P5-P11]","In situ — polished thin section (same sections as silicate protocol) [P4]"
"Sample Name","N","N","N","N","N","N","N","N","N","N","N","N","N","N","Tissint Martian meteorite [P4]","Tissint Martian meteorite [P4]"
"Sample Persistent Identifier","N","N","N","N","N","N","N","N","N","N","N","N","N","N","N","N"
"Fusion Flux and Dilution Ratio","N/A","N/A","N/A","N/A","N/A","N/A","N/A","N/A","N/A","N/A","N/A","Li₂B₄O₇ flux; sample:flux = 1:35 (10 mg sample + 350 mg flux)","N/A","N/A","N/A (in situ)","N/A (in situ)"
"Sample Preparation Method","Polished metal slabs and thin sections; no acid treatment described","PMG thick sections polished; HELEX II two-volume cell; C-coated for SEM then coating removed before LA","PMG thick sections polished; pre-ablation pass (2 J cm⁻², 20 Hz, 150 µm square, 300 µm s⁻¹) before trace element run","PMG thick sections polished; same as olivine mapping preparation","Epoxy mounts progressively polished with 1200–4000 grit SiC then 4000 grit diamond; C-coated for SEM then gently re-polished","Polished Allende slabs cut to include each FG, embedded in epoxy, polished; EDS mapping performed before LA","Olivine grain fragments repeatedly washed in dilute HCl and triply distilled H₂O, hand-picked, polished grain mounts","Thick sections in petropoxy 154 resin, polished to 0.5 µm diamond paste, C-coated for EPMA then surface polished before LA","Fragments ~1 cm mounted in epoxy resin, polished, cleaned with ultrapure water","Same Augusto Pestana fragment etched with Nital solution (2% v/v HNO₃ in ethanol) to reveal kamacite and plessite","Polished thin section (two-volume cell)","Li-borate fusion: 350 mg Li₂B₄O₇ + 10 mg powdered sample fused in Pt-Au crucible (M4 automatic fluxer); glass surface cleaned with ethanol before LA","Experimental capsule longitudinally sectioned with wire saw; half mounted in epoxy for analysis","Same capsule section as silicate glass; sulfide grains ≥20 µm selected by SEM-BSE","N (not described; sections mentioned; polished implied) [P4]","N (same as silicate protocol) [P4]"
"Pre-Ablation Surface Treatment","N","N (mapping; surface effects average out over large area)","Pre-ablation pass: 150 µm square, 2 J cm⁻², 20 Hz, 300 µm s⁻¹ scan before trace element spot run; removes surface contamination and re-deposited material","N","N","N","N (grains imaged by SEM to locate inclusion-free regions)","N","N","N","N","Surface cleaning with ethanol before analysis","N","N","N (not stated) [P4]","N (not stated) [P4]"
"","","","","","","","","","","","","","","","",""
"3. Instrument & Software","","","","","","","","","","","","","","","N","N"
"Laser Manufacturer & Model","ESI New Wave UP193FX (193 nm Nd:YAG frequency-quintupled solid state)","Teledyne CETAC Technologies Analyte G2 (193 nm ArF excimer)","Teledyne CETAC Technologies Analyte G2 (193 nm ArF excimer)","Teledyne CETAC Technologies Analyte G2 (193 nm ArF excimer)","Teledyne Photon Machines Iridia (193 nm ArF excimer)","S.T. Japan Inc. Jupiter Solid Nebulizer (msfsLA system; Yb:KGW fs laser, 260 nm)","New Wave UP-193 (solid state, 193 nm)","Cyber Laser IFRIT (Ti:sapphire fs UV laser, 260 nm)","Teledyne Excite 193 (193 nm ArF excimer)","Teledyne Excite 193 (193 nm ArF excimer)","New Wave Research NWR FemtoUC (Yb:KGW fs, 257 nm PHAROS amplifier)","Shanghai Chemlab GenesisGEO (high-repetition-rate fs laser, 343 nm)","[CHANGED from: Teledyne CETAC CetacAnalyte HE (193 nm, ns)] Resonetics 193 nm ArF excimer laser (coupled to Cetac Analyte HE system)","[CHANGED from: Teledyne CETAC CetacAnalyte HE (193 nm, ns)] Resonetics 193 nm ArF excimer laser (coupled to Cetac Analyte HE system; same system as glass protocol)","GeoLasPro (193 nm Excimer laser-ablation system; manufacturer not stated by name; GeoLasPro is a Lambda Physik/Coherent product) [P4]","GeoLasPro 193 nm Excimer laser-ablation system (same as silicate protocol) [P4]"
"ICP-MS Manufacturer & Model","Thermo Fisher Scientific Element XR (SF-ICP-MS)","Thermo Fisher Scientific Element XR (SF-ICP-MS)","Thermo Fisher Scientific Element XR (SF-ICP-MS)","Thermo Fisher Scientific Element XR (SF-ICP-MS)","TOFWERK icpTOF 2R (ICP-ToF-MS)","Thermo Fisher Scientific iCAP TQ (Q-ICP-MS with CRC)","Thermo Fisher Scientific Element XR (SF-ICP-MS)","Thermo Scientific X-series 2 (Q-ICP-MS)","Thermo Fisher Scientific Element XR (SF-ICP-MS)","Thermo Fisher Scientific Element XR (SF-ICP-MS)","Thermo Fisher Scientific NEPTUNE Plus (MC-ICP-MS)","Agilent 8900 (Q-ICP-MS; ICP-MS/MS capable)","Agilent 7900 (Q-ICP-MS)","Agilent 7900 (Q-ICP-MS)","Agilent 7500ce ICP-MS [P4]","Agilent 7500ce ICP-MS [P4]"
"ICP-MS Type","[CHANGED from: Single-collector sector-field (SF-ICP-MS)] N","[CHANGED from: Single-collector sector-field (SF-ICP-MS)] Double-focusing sector field ICP-MS (explicitly stated: ""Thermo Scientific Element XR double-focusing sector field ICP-MS unit"")","[CHANGED from: Single-collector sector-field (SF-ICP-MS)] Double-focusing sector field ICP-MS (explicitly stated)","[CHANGED from: Single-collector sector-field (SF-ICP-MS)] Double-focusing sector field ICP-MS (explicitly stated)","Time-of-flight (ICP-ToF-MS)","Single-collector quadrupole (Q-ICP-MS) with collision/reaction cell (CRC)","Single-collector sector-field (SF-ICP-MS)","Single-collector quadrupole (Q-ICP-MS)","[CHANGED from: Single-collector sector-field (SF-ICP-MS)] Sector field (SF-ICP-MS) (explicitly stated: ""sector field inductively coupled plasma mass spectrometer"")","[CHANGED from: Single-collector sector-field (SF-ICP-MS)] Sector field (SF-ICP-MS) (explicitly stated)","Multi-collector sector-field (MC-ICP-MS)","[CHANGED from: Single-collector quadrupole (Q-ICP-MS)] N (ICP-MS type not stated; Agilent 8900 model named but ""quadrupole"" or ""ICP-MS/MS"" not used in paper)","[CHANGED from: Single-collector quadrupole (Q-ICP-MS)] N (ICP-MS type not stated; Agilent 7900 model named but ""quadrupole"" not explicitly stated)","[CHANGED from: Single-collector quadrupole (Q-ICP-MS)] N (ICP-MS type not stated)","N (quadrupole implied by Agilent 7500ce model; not explicitly stated in paper) [P4]","N (same as silicate protocol) [P4]"
"Interface Cone Configuration","N","Al standard sample cone (1.1 mm aperture); Al H-type skimmer (0.8 mm aperture)","Al standard sample cone (1.1 mm aperture); Al H-type skimmer (0.8 mm aperture)","Al standard sample cone (1.1 mm aperture); Al H-type skimmer (0.8 mm aperture)","[CHANGED from: N (ToF instrument; standard configuration)] N","[CHANGED from: N (iCAP TQ standard configuration; dry sampler cone for sensitivity enhancement)] N","N (parameters lost)","Ni micro-skimmer cone Xs; Ni sampler cone","Ni sampler cone; Ni skimmer cone","Ni sampler cone; Ni skimmer cone","X skimmer cone + Jet sample cone (high-sensitivity configuration)","N","N","N","N","N"
"Guard Electrode","N","N","N","N","N","N","N","N","On (active)","On (active)","N","N","N","N","N","N"
"Mass Resolution Setting","Low resolution (M/ΔM ≈ 400)","Low resolution (M/ΔM = 300; cool plasma mapping)","Run 1: Medium resolution (M/ΔM = 4000) for major elements; Run 2: Low resolution (M/ΔM = 300) for trace elements","Low resolution (M/ΔM = 300)","N/A — ToF acquires all masses simultaneously; mass resolution ~2500 at m/z 115","Unit resolution (quadrupole fixed)","Medium resolution (m/Δm ≈ 4000)","Unit resolution (quadrupole fixed)","Low resolution (M/ΔM = 300)","Low resolution (M/ΔM = 300)","Low resolution (M/ΔM ≈ 400)","Unit resolution (quadrupole; ICP-MS/MS mode not specified)","Unit resolution (quadrupole fixed)","Unit resolution (quadrupole fixed)","N (unit resolution implied for quadrupole; not explicitly stated) [P4]","N (same as silicate protocol) [P4]"
"Detector Configuration","Triple mode detection (pulse counting + analog + Faraday) at 65% duty cycle","Triple mode detection (all analytical modes)","Triple mode detection; Faraday used for major elements in run 1","Triple mode detection","MCP detector (simultaneous full-spectrum ToF detection); notch filter for Ar-based ions","Secondary electron multiplier (SEM)","N (parameters lost)","N","Triple mode detector (pulse counting, analog, Faraday)","Triple mode detector (pulse counting, analog, Faraday)","Seven fixed electron multiplier ICs + nine Faraday cups (1011 Ω resistors)","Dual mode detector (30 ms / 10 ms dwell alternation)","N","N","N","N"
"Laser Wavelength and Type","[CHANGED from: 193 nm Nd:YAG solid-state (frequency-quintupled)] N","193 nm ArF excimer; pulse duration ~5 ns","193 nm ArF excimer; pulse duration ~5 ns","193 nm ArF excimer; pulse duration ~5 ns","193 nm ArF excimer (Iridia system)","260 nm (4th harmonic generation of Yb:KGW); 290 fs pulse duration","193 nm solid-state (New Wave UP-193)","260 nm Ti:sapphire femtosecond UV; pulse duration ~220 fs (IFRIT system)","193 nm ArF excimer; pulse duration 4 ns","193 nm ArF excimer; pulse duration 4 ns","257 nm Yb:KGW femtosecond; pulse duration 300 fs (PHAROS system)","343 nm fs (GenesisGEO high-repetition-rate femtosecond laser)","193 nm (CetacAnalyte HE; ns pulse)","193 nm (CetacAnalyte HE; ns pulse)","193 nm Excimer (ArF excimer) [P4]","193 nm Excimer (ArF excimer) [P4]"
"Acquisition Software","N","N","N","N","Tofpilot v2.8 (TOFWERK; preliminary mass calibration, baseline, peak integration)","N","N","N","N","N","N","N","N","N","N","N"
"Data Reduction Software","[CHANGED from: In-house (following Humayun 2012)] N (paper only states ""standardization techniques followed those of Humayun (2012)""; no software named)","In-house MatLab script (Appendix C1)","In-house MatLab script (Appendix C2)","In-house MatLab script (Appendix C3)","HDIP software (Teledyne Photon Machines; data post-processing, calibration, oxide normalization, VOI selection)","iQuant 2+ (Suzuki et al. 2018; image processing and REE pattern extraction)","Excel spreadsheets developed by C.-T. A. Lee (Rice University)","N (in-house reduction implied)","iolite 4.5.7 with 3D Trace Elements DRS","iolite 4.5.7 with 3D Trace Elements DRS","[CHANGED from: ISO-Compass software (Zhang et al. 2018)] ISO-Compass software (Zhang et al. 2020, J. Anal. At. Spectrom. 35, 1087–1096)","Iolite 4 (Paton et al. 2011)","[CHANGED from: N (Agilent software implied)] N","[CHANGED from: N (Agilent software implied)] N","AMS ver. 1.0 (Mutchler et al. 2008; Analysis Management System, stand-alone software) [P4]","AMS ver. 1.0 (Mutchler et al. 2008) [P4]"
"Ablation Cell Type","[CHANGED from: N (New Wave standard cell)] N","HELEX II two-volume ablation cell","HELEX II two-volume ablation cell","HELEX II two-volume ablation cell","Cobalt™ ablation chamber + low-dispersion tube-type cell + ARIS (Aerosol Rapid Introduction System)","N (Jupiter Solid Nebulizer with galvanometric scanner; no separate ablation cell described)","N (standard cell; parameters lost)","N","HelEx II two-volume sample cell","HelEx II two-volume sample cell","Two-volume cell (constant distance between laser and aerosol extraction)","[CHANGED from: N (GenesisGEO standard cell)] N","[CHANGED from: N (CetacAnalyte HE standard cell)] Cetac Analyte HE system (stated as the laser ablation system coupled to Agilent 7900)","[CHANGED from: N (CetacAnalyte HE standard cell)] Cetac Analyte HE system (same as silicate glass protocol)","N","N"
"","","","","","","","","","","","","","","","",""
"4. Measurement Information","","","","","","","","","","","","","","","N","N"
"Laser Spot Geometry","[CHANGED from: Raster: 50 µm circular (also 100 µm for some rasters); Spot (Ge): 150 µm circular] Raster: 50 µm circular beam spot; Spot (Ge): 150 µm circular","20×20 µm square","Run 1 (major): 30 µm circular; Run 2 (trace): 130 µm circular","110 µm circular (spot mode)","2 µm circular, 3 µm circular, or 5×5 µm square (session-dependent)","10 µm circular","75 µm circular","30 µm circular","150 µm circular","150 µm square (mapping mode)","50–60 µm circular","100×100 µm square (stated as 100 µm diameter spot at 1 Hz)","40 µm circular (silicate glass)","20 µm circular (sulfide; grain sizes >20 µm selected)","24 and 32 µm diameter (commonly used for silicates and glass); 90 µm (some olivine analyses to evaluate low REE signal sampling) [P4]","~24 µm diameter [P4]"
"Laser Spot Path / Ablation Mode","Raster area (2D mapping) for most irons; Spot (stationary) for Ge analysis on 5 irons","Raster area (2D elemental mapping)","Transect (line scan, run 1) + Spot (run 2 on same location after pre-ablation)","Spot (stationary)","Raster area (2D elemental mapping)","Raster area (2D elemental mapping; msfsLA galvanometric scanner)","Spot (stationary)","Spot (stationary)","Spot (stationary)","Raster area (2D elemental mapping)","Transect (continuous line scan at 2–6 µm s⁻¹)","Spot (stationary; single spot at 1 Hz)","[CHANGED from: Spot (stationary)] N (ablation mode not explicitly stated; ""beam diameter"" terminology used but ""spot"" or ""spot mode"" not written)","[CHANGED from: Spot (stationary)] N (ablation mode not explicitly stated)","Spot (stationary) [P4]","Spot (stationary) [P4]"
"Laser Energy","N","N","N","N","N","N","N","N","N","N","N","N","N","N","150 mJ output energy [P4]","150 mJ output energy [P4]"
"Laser Fluence (Energy Density)","N (no fluence reported; energy density characterized as ""sufficient to resolve Ge from background argide"")","5–7 J cm⁻²","Run 1 (major): 4.72 J cm⁻²; Run 2 (trace): 4.72 J cm⁻²","3.5 J cm⁻²","2 J cm⁻²","~3 J cm⁻² (femtosecond ablation)","N (parameters lost)","12 J cm⁻²","7 J cm⁻²","7 J cm⁻²","~60% of maximum output (PHAROS system; exact J cm⁻² not converted)","6.79 J cm⁻²","~2.5 J cm⁻² (stated as ""energy of ~2.5 J/cm²"")","~2.5 J cm⁻²","7–10 J/m² (stated in paper; units as written; likely a typographic error for J/cm²) [P4]","7–10 J/m² (same as silicate protocol) [P4]"
"Laser Beam Energy Profile","N","N","N","N","N","N","N","N","N","N","N","N","N","N","N","N"
"Laser Repetition Rate","Raster: 50 Hz; Spot (Ge): 50 Hz","20 Hz","Run 1 (major): 20 Hz; Run 2 (trace): 40 Hz","20 Hz","100–300 Hz (pixel acquisition rate; each laser shot individually triggers ToF)","10 Hz","N (parameters lost)","20 Hz","10 Hz","10 Hz","10–30 Hz (varied based on Sr concentration in samples)","1 Hz","7 Hz","7 Hz","5 Hz [P4]","5 Hz [P4]"
"Laser Pulse Duration","N (UP193FX; ns solid-state; pulse duration not reported)","~5 ns (ArF excimer)","~5 ns (ArF excimer)","~5 ns (ArF excimer)","N (ArF excimer; ns; pulse duration not stated for Iridia)","290 fs (Yb:KGW femtosecond laser)","N (parameters lost)","~220 fs (Ti:sapphire IFRIT system)","4 ns (ArF excimer Excite 193)","4 ns (ArF excimer Excite 193)","300 fs (Yb:KGW PHAROS femtosecond amplifier)","Femtosecond (exact value not stated; GenesisGEO fs laser)","N (ns; CetacAnalyte HE; pulse duration not reported)","N (ns; CetacAnalyte HE)","N (ns excimer system; pulse duration not stated) [P4]","N (same as silicate protocol) [P4]"
"Ablation Duration per Spot","N/A (raster) / 20 s (spot Ge at 50 Hz)","N/A (mapping mode)","N/A (line scan run 1) / N/A (spot run 2 — duration set by 34 runs covering 400 µm + washout, not a fixed spot duration)","20 s spot ablation (plus 10 s washout); 25 cycles acquisition","N/A (mapping mode)","N/A (mapping mode)","N (parameters lost)","N","40 s on-sample ablation (after 20 s background measurement)","N/A (mapping mode)","N/A (transect)","45 s ablation (after 25 s gas blank; 25 s washout between analyses)","~40 s (inferred from typical CetacAnalyte HE protocol for glass)","~40 s (same protocol; grain size >20 µm selected)","N (not stated) [P4]","N (not stated) [P4]"
"Transect Rate, Mapping Rate or Step Size","10 µm s⁻¹ (raster scan); N/A (spot Ge)","9 µm s⁻¹ (continuous raster)","10 µm s⁻¹ (line scan run 1); spot mode (run 2)","N/A (spot mode)","0.3–30 mm² h⁻¹ (mapping rate; scan speed varied to achieve target mapping rate)","2 µm s⁻¹ (continuous raster scan)","N/A (spot mode)","N/A (spot mode)","N/A (spot mode)","10 µm s⁻¹ (continuous raster scan)","2–6 µm s⁻¹ (varied based on Sr concentration in target minerals)","N/A (spot mode)","N/A (spot mode)","N/A (spot mode)","N/A (spot analysis)","N/A (spot analysis)"
"Raster Line Spacing (Mapping Only)","N (line spacing not explicitly stated; 50 µm spot scanned at 10 µm s⁻¹)","20 µm (contiguous; 20×20 µm square spot = line spacing equals spot width)","N/A (line scan + spot; not 2D mapping)","N/A (spot mode)","N/A not specified — pixel size determined by spot size (2/3/5 µm) and repetition rate (100–300 Hz)","15 µm pitch with 5 µm gaps between adjacent lines; gaps smoothed by averaging neighboring scan lines","N/A (spot mode)","N/A (spot mode)","N/A (spot mode)","N (line spacing not stated; 150 µm spot at 10 µm s⁻¹)","N/A (transect — single line)","N/A (spot mode)","N/A (spot mode)","N/A (spot mode)","N/A (spot analysis)","N/A (spot analysis)"
"Carrier Gas and Flow Rate","[CHANGED from: He (carrier gas stated; exact flow rate not reported)] N","He: MFC-1 (cell) 0.200–0.260 l min⁻¹; MFC-2 (cup) 0.220–0.385 l min⁻¹","He: MFC-1 0.19 l min⁻¹; MFC-2 0.22 l min⁻¹","He: MFC-1 0.270 l min⁻¹; MFC-2 0.250 l min⁻¹","[CHANGED from: He (low-dispersion tube-type cell; flow rate and ARIS delay tuned daily)] N (carrier gas and flow rate not stated; ""low-dispersion tube-type ablation cell"" mentioned but no flow rates given)","He, 0.6 l min⁻¹","N (parameters lost)","[CHANGED from: He, 0.6 l min⁻¹] Carrier gas flow: 0.6 L/min; species not named (carrier gas identity not stated in Table 1 or text)","He: 0.6 l min⁻¹ (MFC 1) + 0.7 l min⁻¹ (MFC 2) in HelEx II cell; combined with Ar makeup via T-piece near torch","He: 0.6 l min⁻¹ (MFC 1) + 0.7 l min⁻¹ (MFC 2) in HelEx II cell","He, 0.90 l min⁻¹ (two-volume cell)","He: 0.7 l min⁻¹ (chamber) + 0.1 l min⁻¹ (cup gas)","He (flow rate not stated; carrier gas with N₂ or Ar mixed for sensitivity optimization)","He (flow rate not stated; same system as glass protocol)","N (not stated) [P4]","N (not stated) [P4]"
"Plasma / Make-up Gas Addition","[CHANGED from: Ar make-up gas (flow rate not stated)] N","Ar make-up: 0.81–0.99 l min⁻¹ (mapping); N₂ explicitly not added","Ar make-up: 0.947 l min⁻¹ (run 1 and run 2); N₂ not added","Ar make-up: 0.96 l min⁻¹; N₂ not added","N (ToF system; Ar make-up implied but not stated)","Ar make-up gas, 1.0 l min⁻¹ (added outside ablation cell)","N (parameters lost)","Ar make-up: 0.9–1.2 l min⁻¹; Ar auxiliary: 0.6–1.2 l min⁻¹","Ar make-up gas (combined via T-piece in sample transport line near torch; flow rate not stated separately)","Ar make-up gas (same as spot protocol)","Ar make-up (flow rate not separately stated); N₂ 12 ml min⁻¹ added via Y-connector downstream of signal-smoothing device","N (gas not separately specified beyond total plasma flow)","N₂ or Ar mixed into He carrier for sensitivity optimization (amounts not stated)","N₂ or Ar mixed (same protocol as glass)","N (not stated) [P4]","N (not stated) [P4]"
"Auxiliary and Cool Gas Flow Rates","N","Cool: 15 l min⁻¹ Ar; Auxiliary: 0.81 l min⁻¹ (mapping)","Cool: 15 l min⁻¹ Ar; Auxiliary: 0.90 l min⁻¹ (run 1 and run 2)","Cool: 15 l min⁻¹ Ar; Auxiliary: 0.85 l min⁻¹","N","N (iCAP TQ standard conditions; not separately reported)","N","Cool gas: 12–13 l min⁻¹ Ar; Auxiliary: 0.6–1.2 l min⁻¹","Plasma gas: 16 l min⁻¹; Auxiliary: 0.9 l min⁻¹; Nebulizer gas (from table): 1.1 l min⁻¹","Plasma gas: 16 l min⁻¹; Auxiliary: 0.9 l min⁻¹","Cool gas: 16.0 l min⁻¹ Ar; Auxiliary: 0.80 l min⁻¹ Ar","Plasma gas flow: 15 l min⁻¹; Auxiliary gas: 0.85 l min⁻¹","N","N","N (not stated) [P4]","N (not stated) [P4]"
"RF Power","N (not reported)","800 W (cool plasma for mapping)","1000 W (run 1 major elements + run 2 trace elements)","1000 W","N","1550 W","N (parameters lost)","1400 W","1200 W","1200 W","1250 W","1550 W","N (Agilent 7900; standard conditions implied)","N (same instrument)","N (not stated) [P4]","N (not stated) [P4]"
"Plasma Thermal Mode","[CHANGED from: Normal plasma (implied; no cool plasma mentioned)] N","Cool plasma (800 W RF) to reduce Ar-based argide interferences on ⁶⁰Ni and ⁷¹Ga","Normal plasma (1000 W RF)","Normal plasma (1000 W RF)","[CHANGED from: Normal plasma (ToF system; no cool plasma mentioned)] N","[CHANGED from: Normal plasma (1550 W; KED mode used instead of cool plasma for interference suppression)] N","[CHANGED from: N (parameters lost; medium resolution mode implies normal plasma)] N","[CHANGED from: Normal plasma (1400 W RF power)] N","[CHANGED from: Normal plasma (1200 W RF)] N","[CHANGED from: Normal plasma (1200 W RF)] N","[CHANGED from: Normal plasma (1250 W RF)] N","[CHANGED from: Normal plasma (1550 W RF)] N","[CHANGED from: Normal plasma (implied)] N","[CHANGED from: Normal plasma (implied)] N","N (not stated) [P4]","N (not stated) [P4]"
"Signal Smoothing","N","None (no signal smoothing device; N₂ not added)","None","None","ARIS (Aerosol Rapid Introduction System; Teledyne Photon Machines) for signal pulse compression and fast aerosol transport","[CHANGED from: None (galvanometric scanning system; smoothing incompatible with high-spatial-resolution mapping)] N","N (parameters lost)","N","None","None","Signal-smoothing device used downstream from ablation cell (model not specified); significantly reduced short-term signal variability","[CHANGED from: None (femtosecond laser produces inherently smooth signals)] N","N (CetacAnalyte HE; smoothing status not reported)","N","N (not stated) [P4]","N (not stated) [P4]"
"ICP Tuning","[CHANGED from: Daily optimization using NIST SRM 612 (or equivalent); optimized for sensitivity with low oxide production] N","Daily tuning; cool plasma conditions optimized; N₂ explicitly not added to avoid N-based interferences","Same instrument as mapping; tuning optimized per run (different RF power and resolution settings per run)","Same instrument as olivine runs; tuned for normal plasma conditions","Daily tuning of delay between laser trigger and aerosol arrival; notch filter calibration for Ar-based ions","Gas flow rates optimized to maximize REE sensitivity while maintaining ThO⁺/Th⁺ <1%; KED He gas flow 4 ml min⁻¹ optimized","N (parameters lost)","N","ICP and laser settings optimized daily for optimum signal intensity and low oxide formation (factory specifications; mass calibration and detector cross-calibration checked and redone if required)","Same as spot protocol","NIST 610 used to optimize He/Ar gas flows, torch position, RF power, and source lens settings for max sensitivity and peak flatness; small N₂ added downstream","Gas flows optimized via spot ablation of NIST SRM 612 to obtain maximum signal intensities while maintaining ThO/Th <0.3% and U/Th at 0.95–1.05","N (standard daily optimization implied)","N","N (not stated) [P4]","N (not stated) [P4]"
"Oxide Production Method and Threshold","N (not reported; no oxide proxy threshold stated)","ThO⁺/Th⁺ (mass 248/232); threshold not explicitly stated but minimized by cool plasma","N (normal plasma; no threshold stated for runs 1 and 2)","N (normal plasma; no threshold stated)","N (ToF system; notch filter for Ar ions)","ThO⁺/Th⁺ (mass 248/232) <1% (monitored during tuning; KED He flow adjusted)","N (parameters lost)","N","N (factory optimization criterion; exact threshold not stated)","N (same as spot protocol)","N","ThO⁺/Th⁺ (mass 248/232) <0.3%; U/Th monitored at 0.95–1.05","N","N","N (not stated) [P4]","N (not stated) [P4]"
"Oxide Production","N","N","N","N","N","ThO⁺/Th⁺ <1% (optimized during tuning as condition for gas flow optimization)","N","N","N","N","N","ThO/Th = measured at <0.3%; U/Th = 0.95–1.05 (on NIST SRM 612)","N","N","N (not stated) [P4]","N (not stated) [P4]"
"Instrument Warm-up / Session Duration Limit","N","N","N","N","N","N","N","N","N","N","N","N","N","N","N (not stated) [P4]","N (not stated) [P4]"
"Drift Monitor Frequency","Standards at start and end of session; external bracketing","Each GRM analyzed 3–5× before and 3–5× after sample analyses (all GRMs at start and end of session)","Same as mapping protocol; GRMs at start and end","MPI-DING and USGS GRMs measured at beginning and repeatedly at end of each session","GRMs analyzed 3–5× before and 3–5× after samples in each session; 10 adjacent laser lines per GRM analysis","Reference materials (NIST SRM 612 for REEs; mineral references for MEs) measured under same conditions at start and end of each area","N (parameters lost)","N","NIST SRM 612 and North Chile measured bracketing every 15 unknowns: 3×STD → 3×STD → 10×unknowns → repeat","NIST SRM 612 and North Chile at start and end of mapping session (30 min map; 3 measurements each before and after)","N (no explicit drift correction described; external calibration with reference glasses provides correction)","NIST SRM 612 and 614 measured as external standards within session; BHVO-2 and other GRMs as unknowns","NIST 610 as primary; NIST 612 and BCR-2G as monitoring standards","Same bracketing as silicate glass protocol","NIST 610 glass standard analyzed before and after every session [P4]","NIST 610 analyzed before and after every session (same as silicate protocol) [P4]"
"Analysis Sequence","Standards at start of session → raster unknowns → repeat → standards at end; separate session for Ge spot analyses","(i) Gas blanks → (ii) all glass GRMs for external calibration → (iii) 1–3 cosmic spherule unknowns → (iv) blanks → (v) all glass GRMs again","GRM block (3–5×) → unknowns → GRM block (3–5×); same structure for run 1 and run 2","MPI-DING and USGS GRMs at beginning → unknowns → repeated GRM at end","(i) Gas blanks → (ii) all glass GRMs → (iii) 1–3 CS samples → (iv) blanks → (v) all glass GRMs again","Reference materials analyzed under same conditions before and after mapping of each FG area","BCR-2g, BHVO-2g, BIR-1g measured as calibration standards; Marjalahti as in-session control","IVB meteorite standards (Warburton Range external + Tawallah Valley secondary) measured alongside unknowns; exact bracketing not described","NIST SRM 612(×3) → North Chile(×3) → unknowns(×10) → NIST SRM 612(×2) → North Chile(×2) → unknowns(×10) → … (bracketing every 15)","Background (1 min) → NIST SRM 612(×3) → North Chile(×3) → unknown map (30 min) → North Chile(×3) → NIST SRM 612(×3) → background","14 reference glasses analyzed to evaluate accuracy and provide calibration factors; natural minerals as unknowns for data quality evaluation; 1 block of 120 cycles per analysis","Gas blank (25 s) → ablation (45 s) → washout (25 s); NIST 612 and 614 as external standards; BHVO-2 and 6 GRMs measured as unknowns","NIST 610 as primary standard measured in session; NIST 612 and BCR-2G as monitoring standards; unknowns bracketed by standards","Same bracketing as silicate glass protocol","NIST 610 glass standard analyzed before and after every session; unknowns in between [P4]","Same as silicate protocol [P4]"
"Analyte","³¹P, ⁵¹V, ⁵³Cr, ⁵⁵Mn, ⁵⁷Fe, ⁵⁹Co, ⁶⁰Ni, ⁶³Cu, ⁷¹Ga, ⁷⁴Ge, ⁷⁵As, ⁹⁵Mo, ¹⁰²Ru, ¹⁰³Rh, ¹⁰⁶Pd, ¹²⁰Sn, ¹²¹Sb, ¹⁸²W, ¹⁸⁵Re, ¹⁹⁰Os, ¹⁹³Ir, ¹⁹⁵Pt, ¹⁹⁷Au (23 elements; 31P, 51V, 53Cr, 55Mn, 57Fe, 59Co, 60Ni, 63Cu, 71Ga for spot Ge runs)","²⁵Mg, ²⁷Al, ²⁹Si, ³¹P, ⁴⁵Sc, ⁵¹V, ⁵³Cr, ⁵⁵Mn, ⁵⁷Fe, ⁶⁰Ni, ⁷¹Ga, ¹³⁹La, ¹⁵³Eu, ¹⁹⁵Pt (14 nuclides)","Run 1 (major): ²⁵Mg, ²⁹Si, ³¹P, ⁴⁴Ca, ⁵³Cr, ⁵⁵Mn, ⁵⁷Fe (7 nuclides; medium resolution); Run 2 (trace): ⁷Li, ⁴⁵Sc, ⁵¹V, ⁵³Cr, ⁵⁹Co, ⁶⁰Ni, ⁶³Cu, ⁶⁶Zn, ⁸⁹Y, ⁹⁰Zr, ⁹³Nb, ¹³³Cs, ¹³⁷Ba, ¹³⁹La–¹⁷⁵Lu (all REE), ¹⁸⁰Hf, ¹⁸¹Ta, ¹⁸²W, ¹⁸⁵Re, ¹⁹³Ir, ¹⁹⁵Pt, ¹⁹⁷Au, ²³²Th, ²³⁸U (36 nuclides)","²³Na, ²⁵Mg, ²⁷Al, ²⁹Si, ³¹P, ³⁹K, ⁴⁴Ca, ⁴⁵Sc, ⁴⁷Ti, ⁵¹V, ⁵³Cr, ⁵⁵Mn, ⁵⁷Fe, ⁵⁹Co, ⁶⁰Ni, ⁶³Cu, ⁶⁶Zn, ⁸⁵Rb, ⁸⁸Sr, ⁸⁹Y, ⁹⁰Zr, ⁹³Nb, ¹³³Cs, ¹³⁷Ba, ¹³⁹La–¹⁷⁵Lu (all REE), ¹⁸⁰Hf, ¹⁸¹Ta, ²⁰⁸Pb, ²³²Th, ²³⁸U (43 nuclides)","²³Na to ²³⁸U (full periodic table, m/z 23–238); quasi-simultaneous ToF acquisition","²³Na, ²⁴Mg, ²⁷Al, ²⁹Si, ³⁵Cl, ⁴⁴Ca, ⁴⁷Ti, ⁵⁷Fe (8 MEs) + ¹³⁹La, ¹⁴⁰Ce, ¹⁴⁶Nd, ¹⁴⁷Sm, ¹⁵³Eu, ¹⁵⁷Gd, ¹⁶³Dy, ¹⁶⁵Ho, ¹⁶⁶Er, ¹⁶⁹Tm, ¹⁷²Yb, ¹⁷⁵Lu (12 REEs; Pr and Tb excluded to keep total dwell time <1 s)","²⁵Mg, ²⁷Al, ³¹P, ⁴³Ca, ⁴⁴Ca, ⁴⁵Sc, ⁴⁷Ti, ⁴⁹Ti, ⁵¹V, ⁵²Cr, ⁵³Cr, ⁵⁹Co, ⁶⁰Ni, ⁶¹Ni, ⁶²Ni, ⁶⁴Zn, ⁶⁶Zn, ⁶⁹Ga, ⁷¹Ga (19 nuclides)","⁵⁹Co, ¹⁰¹Ru, ¹⁰³Rh, ¹⁰⁵Pd, ¹⁸⁵Re, ¹⁸⁹Os, ¹⁹³Ir, ¹⁹⁵Pt, ¹⁹⁷Au (9 HSE isotopes); ²⁴Mg, ²⁹Si, ³¹P, ³³S monitored for inclusion detection; ⁶¹Ni as internal standard","⁵²Cr, ⁵⁷Fe, ⁵⁹Co, ⁶¹Ni, ⁶⁵Cu, ⁶⁹Ga, ⁷²Ge, ⁷⁵As, ⁹⁹Ru, ¹⁰³Rh, ¹⁰⁵Pd, ¹⁸²W, ¹⁸⁵Re, ¹⁸⁹Os, ¹⁹³Ir, ¹⁹⁵Pt, ¹⁹⁷Au (17 isotopes); low relative abundance isotopes chosen for Ni and Fe (analog mode)","⁵²Cr, ⁵⁷Fe, ⁵⁹Co, ⁶¹Ni, ⁶⁵Cu, ⁶⁹Ga, ⁷²Ge, ⁷⁵As, ⁹⁹Ru, ¹⁰³Rh, ¹⁰⁵Pd, ¹⁸²W, ¹⁸⁵Re, ¹⁸⁹Os, ¹⁹³Ir, ¹⁹⁵Pt, ¹⁹⁷Au (same 17 isotopes as spot protocol)","L4 (⁸³Kr), L3 (¹⁶⁷Er²⁺), L2 (⁸⁴Sr), L1 (⁸⁵Rb), C (⁸⁶Sr), H1 (¹⁷³Yb²⁺), H2 (⁸⁷Sr), H3 (⁸⁸Sr) (7 cups monitoring Kr, Rb, Er, Yb, Sr)","²¹Sc, ⁵¹V, ⁵²Cr, ⁵⁹Co, ⁶⁰Ni, ⁶³Cu, ⁶⁶Zn, ⁶⁹Ga, ⁸⁵Rb, ⁸⁸Sr, ⁸⁹Y, ⁹⁰Zr, ⁹³Nb, ¹³³Cs, ¹³⁷Ba, ¹³⁹La, ¹⁴⁰Ce, ¹⁴¹Pr, ¹⁴⁶Nd, ¹⁴⁷Sm, ¹⁵³Eu, ¹⁵⁷Gd, ¹⁵⁹Tb, ¹⁶³Dy, ¹⁶⁵Ho, ¹⁶⁶Er, ¹⁶⁹Tm, ¹⁷²Yb, ¹⁷⁵Lu, ¹⁷⁸Hf, ¹⁸¹Ta, ²³²Th, ²³⁸U (32 trace elements)","¹⁹⁷Au, ⁶³Cu (primary targets); all detected via Agilent 7900 (exact isotope list not fully stated)","¹⁹⁷Au, ⁶³Cu (primary targets; Si and Fe from EMP as internal standards)","N (not explicitly listed in methods; results text mentions Sc, V, Ti, Co, Ni, REEs measured in silicates; full isotope list not stated) [P4, P7, P11]","N (not explicitly listed in methods; merrillite REE La-Lu at 14–414 ppm range mentioned in results; full isotope list not stated) [P12]"
"Spectrometer Dwell Time","N (dwell times not reported)","0.01 s (10 ms) per nuclide; samples per peak: 10; duty cycle time: 1.944 s (14 nuclides)","Run 1 (major): 0.01 s per nuclide; samples per peak: 18; duty cycle: 2.069 s; Run 2 (trace): 0.01 s per nuclide; samples per peak: 7; duty cycle: 2.062 s","0.01 s per nuclide; samples per peak: 5; duty cycle: 1.813 s; mass window 150% for ²³Na–⁴⁷Ti, 100% for all other nuclides","N/A — ToF acquires full spectrum simultaneously; base integration time 46 ms; 60+ spectra aggregated per readout (100–300 Hz pixel rate → 68–206 spectra per pixel)","0.05 s (50 ms) per isotope for all monitored masses (20 isotopes total)","N (parameters lost; 10–50 ms varies by isotope per paper text)","N","0.02 s per isotope; 100 samples per peak; 10 runs; 60 passes; total measurement time 120 s per analysis","0.02 s per isotope; 100 samples per peak (same as spot protocol)","0.524 s integration time per cycle (one block of 120 cycles = 62.88 s total)","30 ms (most isotopes) / 10 ms (alternate; dual detector mode)","N","N","N (not stated) [P4]","N (not stated) [P4]"
"Background Count Time","N (gas blank measured before analyses but duration not reported)","Scans for gas blank: 10 per line (before each mapping line); 80 scans during ablation","Run 1: 5 gas blank scans; 24 ablation scans; Run 2: 5 gas blank scans; 24 ablation scans","8 gas blank scans; 11 ablation scans (25 cycles measurement: 15 s blank + 20 s ablation + 10 s washout)","Gas blank map (10 adjacent lines with laser shutter closed) acquired for each GRM at start of session","Background measured at start of each line scan area; washout time ~3 s between areas","N (parameters lost; gas blank measured before each analysis per paper text)","N","20 s background measurement (laser shutter closed) before each 40 s ablation","60 s background measurement before mapping session start; 3 measurements each for NIST and North Chile after background","30 cycles × 0.524 s ≈ 15.7 s (first 30 cycles of the 120-cycle block with no laser ablation)","25 s gas blank before each ablation","N (gas blank measured but duration not explicitly stated)","N","50 s (background counted for 50 s before each LA-ICP-MS analysis) [P4]","50 s (same as silicate protocol) [P4]"
"Multi-Run Sequential Analysis Design","N (single raster acquisition; Ge spot separate session)","N/A (mapping; no sequential multi-run)","Three-stage sequential design on same olivine location:
(1) Pre-ablation pass (2 J cm⁻², 150 µm square, 300 µm s⁻¹) to remove surface contamination;
(2) Run 1 — major elements (30 µm circular, MR M/ΔM=4000, 20 Hz, 7 nuclides);
(3) Run 2 — trace elements (130 µm circular, LR M/ΔM=300, 40 Hz, 36 nuclides; Cr from run 1 as IS)","Single spot analysis run per location (25 cycles: 15 s blank + 20 s ablation + 10 s washout); 3 replicates","N/A (mapping)","N/A (mapping)","Single spot per location (75 µm circular)","Single spot per location (30 µm circular)","Single acquisition run (20 spot analyses per sample under repeatability conditions)","N/A (mapping)","Single line scan per location (1 block of 120 cycles at 0.524 s integration)","Single spot per location (45 s ablation at 1 Hz)","Single spot per location (~40 s ablation at 7 Hz)","Single spot per location (sulfides; same acquisition parameters as glass but 20 µm spot)","Single spot analysis per location [P4]","Single spot analysis per location [P4]"
"Analysis Location/Spot Coordinates","N","N","N","N","N","N","N","N","N","N","N","N","N","N","N","N"
"Number of Replicates","N (number not stated explicitly; multiple irons analyzed)","N (single map per olivine crystal section per sample)","3 replicate analyses per grain (3× run 1 + 3× run 2 on same location)","Multiple phosphate grains per meteorite; number varies by section","N (1 to 3 CSs per session; mapping of 5 micrometeorites total)","2–5 areas mapped per FG (single pass per area)","N (variable number of spots per sample)","N (variable number of spots per grain; Mg, Si, P, S monitored to check for inclusions)","20 spot analyses per meteorite under repeatability conditions; additional measurements on different days","1 map per meteorite (single 30-min mapping acquisition)","N (variable; 12–30 analyses per mineral phase per meteorite)","9 spot analyses in grid pattern for homogeneity testing; multiple analyses per fusion glass disk","N (variable per run)","N (grain size >20 µm selected; number of analyzed grains variable)","N (not stated)","N (not stated)"
"Transect Length","N/A","N/A","Line scan length: 400 µm (runs 1 and 2; 34 runs adjusted to measure 400 µm line + blank + washout)","N/A","N/A","N/A","N/A","N/A","N/A","N/A","Variable; analyses of plagioclase, pyroxene, glass in two lunar meteorites (NWA 10597 and NWA 6950); line length varies by mineral grain size","N/A","N/A","N/A","N/A (spot analysis)","N/A (spot analysis)"
"Mapping Area","Raster over ""a few millimeters"" of polished iron slab surface (area not precisely stated)","Each map: 1450×600 µm = 870,000 µm²; total of 8 PMG olivines mapped","N/A (line scan + spot; not 2D raster)","N/A","N/A","Areas ranging from 200×200 µm² to 300×300 µm²; 2–5 areas per FG inclusion","N/A","N/A","N/A","Augusto Pestana: 30 min mapping session (area not explicitly stated; 150 µm spot at 10 µm s⁻¹)","N/A","N/A","N/A","N/A","N/A (spot analysis)","N/A (spot analysis)"
"","","","","","","","","","","","","","","","",""
"5. Data Processing","","","","","","","","","","","","","","","N","N"
"Internal Standard Approach","[CHANGED from: No conventional internal standard; Fe+Ni+Co sum normalization to 100% (for most irons) — external calibration using iron meteorite standards; elemental fractionation corrected by multi-point external calibration] N (paper only states ""Standardization techniques followed those of Humayun (2012)""; the specific normalization approach is not described in this paper)","Sum-of-major-oxide normalization: MgO+FeO+SiO₂+P₂O₅ = 100 wt% per pixel (Liu et al. 2008 approach; no EPMA required for IS)","Run 1 (major elements): sum-of-oxide normalization (MgO+FeO+SiO₂+P₂O₅=100 wt%; Liu et al. 2008); Run 2 (trace elements): single element IS from Run 1 (⁵³Cr concentration from major element run used as IS for trace element run)","Sum-of-major-oxide normalization to 100 wt% (Liu et al. 2008; Appendix C3)","Sum normalization of all element oxide mass fractions to 100%; multi-point external calibration against natural glass GRMs","100% oxide sum normalization of 7 MEs (NaO, MgO, Al₂O₃, SiO₂, CaO, TiO₂, FeO) + Cl⁻; depth correction for ablation volume differences using LEICA DVM5000 digital microscope measurements","[CHANGED from: Single element from EPMA: ²⁵Mg (SiO₂ from EPMA used as indexing element for quantification; preferred values from GeoReM)] Single element from EPMA: ²⁵Mg; the EMPA data used as the standardizing values","Single element externally measured by EPMA: ⁶¹Ni concentration from EPMA at exact analysis location used as IS","Fe+Ni+Co sum normalization to 100% using iolite 3D Trace Elements DRS (eliminates need for independent EPMA IS)","Fe+Ni+Co sum normalization to 100% (same DRS as spot protocol; mandatory for multi-phase mapping without prior IS knowledge)","No conventional IS; external calibration only (Rb/Sr elemental fractionation corrected by series of reference glasses; 87Sr/86Sr mass bias corrected by exponential law using 88Sr/86Sr = 8.37521)","Two internal standards: Si from XRF SiO₂ (for Co, Ni, Cu, Zn); Al from XRF Al₂O₃ (for all other trace elements); non-matrix-matched external standards (NIST 612 + 614) used; fs laser minimizes matrix effects","Single element from EMP: Si (SiO₂ from EMP for silicate glass); NIST 610 as external standard","Single element from EMP: Fe (FeOT from EMP for sulfide); NIST 610 as external standard","Normalization to 100 wt% oxide total (for silicates and oxides) [P4]","Single element IS: EMP CaO concentration used; LA-ICP-MS 40Ca counts normalized to CaO from EMP analysis at the same spot [P4]"
"Internal Standard Element","[CHANGED from: No single IS; Fe+Ni+Co=100% sum normalization (equivalent to virtual IS)] N (paper only states ""followed Humayun 2012""; no IS element named)","No single IS element; oxide sum normalization (MgO+FeO+SiO₂+P₂O₅) used as virtual IS per pixel","Run 1: No single IS; oxide sum normalization; Run 2: ⁵³Cr (concentration from Run 1 major-element analysis on 30 µm spot used as IS for 130 µm spot trace element run)","No single IS; oxide sum normalization to 100 wt%","No single IS element; full 100% oxide sum normalization across all detected elements; gas blank included in regression (forced through zero)","No single IS; 100% oxide sum normalization (7 MEs + Cl) with volume correction (depth measured by digital microscope for each material type)","[CHANGED from: ²⁵Mg; MgO wt% from EPMA used as standardizing value (indexing element)] ²⁵Mg (indexing element; Mg concentration from EMPA)","⁶¹Ni; concentration from EPMA measured at exact analysis spot location","No single IS; Fe+Ni+Co mass fractions normalized to 100% via iolite 3D DRS (yield correction factors applied for NIST SRM 612 relative to North Chile)","No single IS; Fe+Ni+Co=100% normalization (same as spot protocol)","No conventional IS; ⁸⁵Rb used to calculate ⁸⁷Rb/⁸⁶Sr via 87Rb/85Rb; external calibration for Rb/Sr elemental fractionation using reference glasses","Si (SiO₂ from XRF) for Co, Ni, Cu, Zn; Al (Al₂O₃ from XRF) for all other 28 trace elements","Si from EMP (SiO₂ wt% for silicate glass)","Fe from EMP (FeOT wt% for sulfide)","None (oxide sum normalization, 100 wt% total) [P4]","40Ca; CaO wt% from EMP at the analysis spot [P4]"
"Elemental Fractionation Correction","Multi-point external calibration using series of iron meteorite reference materials (North Chile Filomena as primary standard for Fe/Co/Ni/Cu/Ga/Ge/As/W/Au; Hoba for Ru/Rh/Pd/Re/Os/Ir/Pt; NIST SRM 1263a V-Cr steel for V/Cr/Fe/Co/Ni/Cu/As/Mo/W/Au)","Internal normalization to MgO+FeO+SiO₂+P₂O₅ oxide sum corrects for point-to-point ablation yield variation; additional pixel-by-pixel normalization fixes oxide sum to 100 wt%","Run 1: Oxide sum normalization corrects for ablation yield variation; external calibration using glass GRMs (NIST + USGS + MPI-DING); Run 2: Cr from run 1 as IS corrects for ablation yield; external calibration with expanded glass GRM set","Oxide sum normalization to 100 wt% corrects for ablation yield and matrix effects; external calibration with MPI-DING and USGS glass GRMs","Oxide sum normalization corrects for ablation yield variation; multi-point external calibration (gas blank regression forced through zero); synthetic glasses (GSE-1G, GSD-1G) not used for trace element calibration due to anomalous concentrations","Femtosecond laser substantially reduces elemental fractionation (non-thermal ablation); depth-of-ablation correction for differences in drilling rate between glass standards and silicate minerals (4–12 µm depth measured by digital microscope)","External calibration using BCR-2g, BHVO-2g, BIR-1g; ²⁵Mg IS from EPMA corrects for ablation yield variation; no explicit downhole fractionation correction described","External calibration using calibration curve method with IVB iron meteorite standards; ⁶¹Ni as IS from EPMA corrects for ablation yield differences between sample and standard","External calibration using North Chile iron meteorite + NIST SRM 612 glass (yield correction applied in iolite 3D DRS for NIST relative to North Chile); ordinary least-squares fitting per 15 min calibration block; Fe+Ni+Co normalization eliminates need for independent EPMA IS","Same calibration approach as spot protocol (iolite 3D DRS; same yield correction)","Femtosecond laser substantially reduces elemental fractionation; no explicit downhole correction; Rb/Sr elemental fractionation corrected externally by analyzing series of reference glasses; exponential law for Sr isotope mass bias (88Sr/86Sr = 8.37521)","Femtosecond laser substantially reduces elemental fractionation and matrix effects (stated); non-matrix-matched external standards (NIST 612 + 614) used successfully with fs laser (verified by GRM accuracy assessment)","Femtosecond laser reduces LIEF; NIST 610 external standard; Si IS from EMP corrects for ablation yield","Femtosecond laser reduces LIEF; NIST 610 external standard; Fe IS from EMP corrects for ablation yield; micronuggets identified from Au signal spikes and excluded from integration","External calibration using NIST 610 glass standard analyzed before and after session; oxide-sum normalization corrects for ablation yield variation; no explicit downhole fractionation correction described [P4]","External calibration using NIST 610; EMP CaO as IS corrects for ablation yield; no explicit downhole correction described [P4]"
"Uncertainty Propagation Method","Standard deviation (SD) across individual integration cycles of raster scans; uncertainty propagation not formally described","Longerich et al. (1996) equation (3SD/S × √(1/Nb + 1/Na))","Longerich et al. (1996) for LOD; uncertainty for concentrations not formally described","Longerich et al. (1996) for LOD; uncertainty not formally described","Pettke et al. (2012) equation for LoDs; intermediate precision assessed from repeated GRM mapping over 1 year","Theoretical 1σ analytical precision from counting statistics; dominated by counting statistics for REEs near detection limits","N","2SE of individual spot measurements reported","N (iolite 4 computes uncertainty internally via Longerich et al. 1996)","N (same as spot protocol)","Standard error (SE = SD/√n) for repeatability within individual runs; assessed separately for 87Sr/86Sr and 87Rb/86Sr using signal intensity regression","N (Iolite 4 internal uncertainty propagation implied)","N","N","N (not stated) [P4]","N (not stated) [P4]"
"Matrix Offset Correction (LIEF)","N (no matrix offset correction; iron meteorite standards used to minimize matrix mismatch)","N (oxide sum normalization approach is inherently matrix-independent within olivine composition range)","N","N","N (natural rock glass GRMs used; no separate matrix offset correction)","N (depth correction applied but this corrects for ablation rate differences, not LIEF per se; fs laser minimizes fractionation)","N","N (fs laser minimizes LIEF; IVB iron meteorite standards used as matrix-matched reference)","N (yield correction in iolite DRS addresses relative sensitivity differences between NIST SRM 612 and North Chile)","N (same as spot protocol)","N (fs laser minimizes LIEF)","N (fs laser minimizes matrix effects)","N (fs laser)","N (fs laser)","N (not stated; agreement within <10% between oxide-sum normalization and EMP-based IS noted as validation) [P4]","N (not stated) [P4]"
"Signal Integration Interval Method","N (raster averages; selection method not described)","Manual visual inspection of time-resolved signal per line; anomalous spikes (inclusions, cracks, veinlets) excluded; P-rich veinlet regions identified and excluded from olivine averages","Time-resolved signals inspected manually; unstable intervals at start and end discarded; Cr heterogeneities and inclusion signals (elevated P, Ca, Co, Ni) identified and excluded from integration","Anomalous time steps excluded (inclusions, cracks, heterogeneity); manual inspection","VOI (Volume of Interest) selection using k-means clustering algorithm in HDIP software, or manual selection; each VOI corresponds to a distinct mineral phase or compositional region of the micrometeorite","Manual selection of analytical points restricted to target minerals based on ME distribution maps; points from adjacent minerals excluded; averaging over ≥10 pixels for minerals >40×40 µm²","Time steps with enhanced P, Ca, Co, Ni, Zn count rates (indicating inclusions or cracks) excluded from integration; manual inspection","Time-resolved signals monitored; analyses with elevated Mg, Si, P, S (inclusion indicators) excluded; stable signal intervals used for integration","Time-resolved LA-ICP-MS signals inspected per analysis; background interval (20 s) and ablation interval (40 s) selected; no automated spike exclusion described","Same procedure as spot protocol; signal integration for mapping not separately described","Regions of integration for gas background and sample signal selected first; cycles at beginning and end of ablation discarded; for heterogeneous minerals (unstable 87Rb/86Sr): SUIA (Smallest Unit Isochron Age) data reduction strategy applied per cycle","Time-resolved signals inspected visually; flux blank contributions to pollution elements (V, Co, Zn, Ba, La, Ce, Ta, U) identified and subtracted; 9-spot grid homogeneity tested before analysis","Time-resolved LA-ICP-MS signal inspected; micronuggets identified from spikes in Au signal and excluded from integration to obtain smooth signals (verified by Fig. 1 in paper)","Same approach as glass; micronugget identification from Au signal spikes critical for sulfide analyses","Time-lapse plots of each spot examined; only the plateau region used to quantify trace element abundances [P4]","Time-lapse plots examined; only plateau region used (same as silicate protocol) [P4]"
"Signal Integration Time","N/A (mapping) / ~20 s (Ge spots: 20 s ablation at 50 Hz)","N/A (mapping)","Run 1: ~50 s (34 runs covering 400 µm line + 10 s blank + washout); Run 2: same structure; actual integrated signal window within run not separately stated","20 s (spot ablation time; full ablation interval used for integration after exclusion of anomalous steps)","N/A (mapping)","N/A (mapping)","N (parameters lost)","N","40 s (full ablation interval used; background subtracted separately)","N/A (mapping)","60–70 cycles × 0.524 s ≈ 31–37 s (final integrated signal window after discarding beginning and end cycles from 90 acquired cycles)","45 s on-sample ablation (full ablation interval used for integration)","~40 s (inferred from typical CetacAnalyte HE protocol; stable signal used)","~40 s (same)","N (not stated) [P4]","N (not stated) [P4]"
"Spike / Outlier Filtering Approach","N (raster scans; ""failed to yield useful Ge abundances"" for Klamath Falls noted — implying visual quality control)","Manual identification and exclusion of P-rich veinlet pixels from olivine averages; anomalous spikes from inclusions excluded per line","Manual inspection; analyses with elevated P, Ca, Co, Ni (phosphate or metal inclusions) excluded; Cr heterogeneities also flagged","Anomalous time steps excluded during manual inspection","k-means clustering in HDIP software for automated phase segmentation; mixed-phase edge pixels and epoxy pixels identified by threshold and excluded","Manual selection of integration pixels; cross-contamination between adjacent minerals minimized by selecting points restricted to single mineral based on ME distribution","Time steps with enhanced P, Ca, Co, Ni, Zn excluded (inclusions and heterogeneities); Grubb's test applied to EPMA data for outlier detection","Monitoring of Mg, Si, P, S to check for micro-inclusions (sulfides); analyses with elevated inclusion signals excluded entirely","N (no explicit spike filtering described beyond background subtraction)","N (mapping; iolite 3D DRS handles background; no per-pixel spike filtering described)","Cycles with 87Rb/86Sr >1 deleted (invalid Rb interference correction); cycles with 88Sr signal <0.2 V discarded (poor precision); SUIA method applied to heterogeneous minerals","Homogeneity index (H) applied to test element distribution; Co, Ni, Cu in high-Si glass (GSR-1) identified as near-LOD and flagged; flux blank contributions to pollution elements subtracted","Micronuggets identified from Au signal spikes in time-resolved spectra; excluded from integration (smooth signals = fully dissolved Au; Fig. 1 shows this criterion)","Same approach as glass; Au spike identification critical for determining solubility vs. nugget contribution","N (not explicitly stated; implied by plateau-region selection excluding non-stable intervals) [P4]","N (same as silicate protocol) [P4]"
"Blank / Background Correction Method","Gas blank measured before each raster analysis; mean background subtracted","Gas blank measured before each ablation line (10 scans of gas blank per mapping line); average background subtracted from each corresponding ablation line","Gas blank measured before each analysis (5 scans); average background value preceding each analysis subtracted from corresponding data","Gas blank measured before each spot analysis (8 scans); average background subtracted","Gas blank map (10 adjacent lines, laser shutter closed) acquired for each GRM at session start and after each set of samples; mean background subtracted","Background measured before each line scan area; washout time (~3 s) used to define start of new ablation period","Gas blank measured before each analysis (laser shutter closed); time steps with background-level signals excluded during data reduction","Gas blank measured before each spot; background period during single spot transient (rapid intensity rise and decay) used for background correction","Background signal measured for 20 s (laser shutter closed) before each 40 s ablation; background mean subtracted per isotope in iolite","Background (1 min) measured at session start; additional 3 measurements of NIST and North Chile used for calibration (background included in regression line for gas blank)","First 30 cycles (no laser ablation) used for background collection; background Kr⁺ signals removed by correction; no additional Kr peak stripping applied","Gas blank measured for 25 s before each ablation; background subtracted per isotope","N (background subtraction performed but method not explicitly described; implied from standard Agilent/iolite workflow)","N (same as glass protocol)","50 s background measurement before each analysis; background subtracted (method not explicitly described beyond counting duration) [P4]","50 s background measurement before each analysis (same as silicate protocol) [P4]"
"Pulse/Analog Detector Nonlinearity Correction","Applied: triple mode detection at 65% duty cycle (pulse counting + analog + Faraday); specific cross-calibration not described","Applied: triple mode detection; cross-calibration between pulse-counting and analog modes performed","Applied: Run 1 medium resolution with Faraday for major elements; Run 2 low resolution; cross-calibration performed","Applied: triple mode detection","N/A — ToF detector; MCP with simultaneous detection; notch filter for Ar-based ions prevents detector saturation","N/A (quadrupole with SEM; single detection mode)","N (parameters lost)","N (quadrupole X-series 2; single detector mode)","Applied: triple mode detector (pulse counting, analog, Faraday); low relative abundance isotopes chosen for Ni and Fe to allow analog mode measurement of major matrix elements","Applied (same as spot)","N/A (MC-ICP-MS; Faraday cups and electron multiplier ICs; no pulse/analog transition)","Applied: dual detector mode (30 ms / 10 ms dwell alternation)","N","N","N (not stated) [P4]","N (not stated) [P4]"
"Isobaric Interference Corrections Applied","Yes — ⁹⁹Ru used instead of ¹⁰¹Ru to avoid ⁴⁰Ar⁶¹Ni⁺ interference; isotope selection minimizes other interferences","Yes — cool plasma conditions (800 W) applied to reduce argide-based interferences (³⁶Ar²⁴Mg⁺ on ⁶⁰Ni; ⁴⁰Ar³¹P⁺ on ⁷¹Ga); oxide-based interferences minimized by dry plasma and tuning; mathematical corrections in some cases (Table C1)","Yes — cool plasma not applicable (normal plasma); argide corrections less critical; oxide interferences monitored; spectral interference list in Table C1","Yes — same instrument settings; interference corrections as per Table C1","Yes — notch filter quadrupole attenuates ³⁶Ar⁺, ⁴⁰Ar⁺, ⁴⁰ArH⁺, ⁴⁰Ar⁴⁰Ar⁺ to avoid detector saturation","Yes — KED (kinetic energy discrimination) mode with He collision gas (4 ml min⁻¹) suppresses polyatomic ion interferences","N (parameters lost; medium resolution mode implies interference resolution by mass)","No explicit corrections applied; monitoring of Mg, Si, P, S used to detect and exclude inclusion-contaminated analyses rather than correct for spectral interferences","Yes — isotope selection to minimize interferences (e.g., ⁹⁹Ru instead of ¹⁰¹Ru to avoid ⁴⁰Ar⁶¹Ni⁺; low abundance isotopes for Fe and Ni)","Yes (same as spot protocol)","Yes — correction for doubly charged ions: ¹⁶⁸Er²⁺ on ⁸⁴Sr; ¹⁷⁰Er²⁺ and ¹⁷⁰Yb²⁺ on ⁸⁵Rb; ¹⁷²Yb²⁺ on ⁸⁶Sr; ¹⁷⁴Yb²⁺ on ⁸⁷Sr; ⁸⁷Rb isobaric on ⁸⁷Sr (corrected using 85Rb signal and exponential law)","Yes — fs laser substantially reduces oxide and matrix interferences; flux blank contributions to V, Co, Zn, Ba, La, Ce, Ta, U identified and subtracted","Yes (fs laser reduces interferences)","Yes (fs laser reduces interferences)","N (not stated) [P4]","N (not stated) [P4]"
"Interfering Species","⁴⁰Ar⁶¹Ni⁺ on ¹⁰¹Ru (most abundant Ru isotope → use ⁹⁹Ru instead)","Per Table C1: ¹²C¹³C⁺ on ²⁵Mg; ¹⁵N¹⁶O⁺ on ³¹P; ²⁹Si¹⁶O⁺ on ⁴⁵Sc; ³⁵Cl¹⁶O⁺ on ⁵¹V; ⁴⁰Ar¹³C⁺ on ⁵³Cr; ⁴⁰Ar¹⁵N⁺ on ⁵⁵Mn; ⁴⁰Ar¹⁶OH⁺ on ⁵⁷Fe; ⁴⁴Ca¹⁶O⁺ and ²⁴Mg³⁶Ar⁺ on ⁶⁰Ni; ³¹P⁴⁰Ar⁺ and ⁵⁵Mn¹⁶O⁺ on ⁷¹Ga; ¹³⁷Ba¹⁶O⁺ on ¹⁵³Eu (most significant interferences in bold)","Same interference list as mapping (Table C1); argide-based interferences less critical without cool plasma","Same interference list (Table C1)","³⁶Ar⁺, ⁴⁰Ar⁺, ⁴⁰ArH⁺, ⁴⁰Ar⁴⁰Ar⁺ (attenuated by notch-filter quadrupole)","Polyatomic ions (oxide ions ThO⁺/Th⁺ as proxy); argide ions suppressed by KED; no specific element-by-element list given","N (parameters lost; medium resolution resolves most polyatomic interferences)","Sulfide inclusions detectable via ³³S signal; phosphide inclusions via ³¹P; silicate inclusions via ²⁴Mg, ²⁹Si (used to exclude contaminated analyses)","⁴⁰Ar⁶¹Ni⁺ on ¹⁰¹Ru (primary concern) → ⁹⁹Ru used instead; Fe and Ni matrix species on other isotopes minimized by isotope selection","Same as spot protocol","¹⁶⁸Er²⁺ on ⁸⁴Sr; ¹⁷⁰Er²⁺ + ¹⁷⁰Yb²⁺ on ⁸⁵Rb; ¹⁷²Yb²⁺ on ⁸⁶Sr; ¹⁷⁴Yb²⁺ on ⁸⁷Sr; ⁸⁷Rb on ⁸⁷Sr (isobaric)","Li₂B₄O₇ flux blank contains V, Co, Zn, Ba, La, Ce, Ta, U at detectable levels; subtracted as blank contribution","N","N","N (not stated) [P4]","N (not stated) [P4]"
"Interference Correction Method","Isotope selection: ⁹⁹Ru chosen over ¹⁰¹Ru; other isotopes chosen to minimize interference","Physical mitigation: cool plasma (800 W RF) reduces ³⁶Ar²⁴Mg⁺ on ⁶⁰Ni, ⁴⁰Ar³¹P⁺ on ⁷¹Ga by >90%; oxide interferences minimized by dry plasma conditions; background subtraction corrects for time-invariant Ar-based interferences; mathematical corrections applied where feasible per Appendix C4","Argide corrections less critical (normal plasma); oxide-based interferences minimized by tuning; same interference list but without cool plasma mitigation","Same approach as mapping; oxide sum normalization partially corrects for matrix-dependent interferences","Physical attenuation: notch-filter quadrupole removes Ar-based ions (³⁶Ar⁺, ⁴⁰Ar⁺, ⁴⁰ArH⁺, ⁴⁰Ar⁴⁰Ar⁺) before detector to prevent saturation","KED mode with He collision gas (4 ml min⁻¹): interfering polyatomic ions lose kinetic energy through collisions with He and are rejected by retarding potential; He flow optimized to suppress interferences while maintaining REE ion transmission; oxide production monitored by ThO⁺/Th⁺ <1%","Medium mass resolution (M/ΔM ≈ 4000) separates many polyatomic interferences from analyte peaks (e.g., resolves ⁵⁴Fe⁺ from ⁵⁴Cr⁺)","Exclusion-based approach: analyses with elevated Mg, Si, P, S (from silicate, phosphate, or sulfide inclusions) excluded entirely rather than applying mathematical corrections","Isotope selection minimizes interferences; low-abundance isotopes of Fe and Ni chosen for analog mode to prevent detector saturation","Same isotope selection as spot protocol","Sequential interference correction: (a) doubly charged Er and Yb corrections on Sr masses using measured 167Er²⁺ and 173Yb²⁺ signals and natural isotope ratios; (b) 87Rb isobaric correction on 87Sr using measured 85Rb signal and user-specified 87Rb/85Rb calculated from exponential law for mass bias","Flux blank subtraction: blank contribution to each pollution element (V, Co, Zn, Ba, La, Ce, Ta, U) measured in procedure blanks and subtracted; LOQ for pollution elements = blank value + 10SD","N","N","N (not stated) [P4]","N (not stated) [P4]"
"Memory Effect Mitigation","N (washout time between analyses not stated; sequential raster scans)","Gas blank measured before each ablation line; adequate washout ensured by duty cycle timing","Washout time: 11 s between runs (runs include 400 µm line + blank + washout)","10 s washout time after 20 s spot ablation (specified in acquisition protocol)","Low-dispersion tube-type cell + ARIS provides very short aerosol pulse response (<1 ms at 1% baseline); delay between laser trigger and aerosol arrival tuned daily; effectively eliminates inter-pixel memory in mapping","Washout time approximately 3 s (defined as time for REE signal to decrease by two orders of magnitude after ablation of NIST SRM 612); scan speed (2 µm s⁻¹) ensures laser moves only 6 µm during washout — less than 10 µm spot diameter","N (parameters lost)","N (single spot analyses; no sequential memory effect described)","N (washout between analyses not explicitly described; sequential spot analyses)","N (mapping; ARIS-equivalent not described; single mapping session)","N (no memory effect mitigation described; line scan mode with no return to same location)","25 s washout between analyses (25 s gas blank → 45 s ablation → 25 s washout)","N","N","N (not stated) [P4]","N (not stated) [P4]"
"Normalization / Standards-Based Correction","External calibration with iron meteorite and NIST SRM 1263a V-Cr steel standards; no post-acquisition normalization described","100% oxide sum normalization (MgO+FeO+SiO₂+P₂O₅) applied per pixel after IS-normalized external calibration (equations 3–4 in Appendix C1) to fix final mass balance","Run 1: 100% oxide sum normalization; Run 2: Cr IS from Run 1 applied; no further post-acquisition normalization","100% oxide sum normalization to 100 wt% for phosphate minerals (Appendix C3)","100% oxide sum normalization of all detected element oxides to 100% after multi-point external calibration","100% oxide sum normalization (7 MEs + Cl) after external calibration; per-pixel normalization accounts for varying mineral stoichiometry across the FG","No post-acquisition normalization; BCR-2g, BHVO-2g, BIR-1g used for calibration; Marjalahti as in-session control","No post-acquisition normalization; calibration curve method using IVB standards provides direct quantification","Fe+Ni+Co=100% sum normalization applied in iolite 3D Trace Elements DRS as final step; yield correction factors applied for NIST SRM 612 relative to North Chile","Fe+Ni+Co=100% normalization (mandatory for multi-phase mapping); same iolite DRS as spot","⁸⁸Sr/⁸⁶Sr = 8.37520933 used for Sr isotope mass fractionation correction (exponential law); ⁸⁷Rb/⁸⁵Rb = 0.385706 and ⁸⁶Sr/⁸⁸Sr = 0.119351 for ⁸⁷Rb/⁸⁶Sr calculation; external calibration factor from reference glasses applied to correct Rb/Sr elemental fractionation","No post-acquisition normalization beyond IS approach (two IS elements applied element-specifically)","No post-acquisition normalization beyond IS (Si from EMP)","No post-acquisition normalization beyond IS (Fe from EMP)","100% oxide total normalization applied per analysis for silicates and oxides; NIST 610 used for external calibration before and after session [P4]","No post-acquisition normalization; EMP CaO applied directly as IS; NIST 610 for external calibration [P4]"
"","","","","","","","","","","","","","","","",""
"6. Quality Control & Uncertainty","","","","","","","","","","","","","","","N","N"
"Primary Calibration Standard Name","North Chile Filomena (IIAB iron meteorite; Wasson et al. 1989) for Fe/Co/Ni/Cu/Ga/Ge/As/W/Au; Hoba (IVB; Walker et al. 2008) for Ru/Rh/Pd/Re/Os/Ir/Pt; NIST SRM 1263a V-Cr steel (Campbell & Humayun 2005) for V/Cr/Fe/Co/Ni/Cu/As/Mo/W/Au","Multiple glass GRMs used together for linear regression external calibration: NIST SRM 612, NIST SRM 614, USGS GSD-1G (synthetic), USGS GSE-1G (synthetic), USGS BHVO-2G, USGS BIR-1G (natural basalt glasses)","Same glass GRM set as mapping for Run 1; expanded set additionally includes MPI-DING KL2-G, ML3B-G, StHs6/80-G, T1-G, ATHO-G, BM90/21-G, GOR128-G, GOR132-G for Run 2 trace elements","MPI-DING and USGS glass GRMs (measured at beginning and repeatedly at end of each session; multipoint calibration)","Multiple natural rock glass GRMs: USGS GSE-1G, GSD-1G (synthetic basaltic), BIR-1G, BHVO-2G, BCR-2G (basaltic), NKT-1G (nephelinitic); MPI-DING GOR128-G, GOR132-G (komatiitic), ML3B-G, KL2-G (basaltic), ATHO-G (rhyolitic), StHs6/80-G (andesitic), T1-G (dioritic). Note: GSE-1G and GSD-1G not used for trace element calibration due to anomalous concentrations","NIST SRM 612 (glass, REE reference; Jochum et al. 2011); natural minerals as ME references: augite (Morogoro, Tanzania, Nichika Inc.) for Mg, Al, Fe; olivine (Horoman, Hokkaido) for Mg, Si, Fe; Cl-apatite (Chichibu, Saitama) for Cl; titanite (Mt Dromedary Complex) for Ca, Ti","USGS standard glasses BCR-2g, BHVO-2g, and BIR-1g; preferred values from GeoReM website","Warburton Range (IVB iron meteorite; Walker et al. 2008) — used as primary external standard and for calibration curve method","NIST SRM 612 glass (Jochum et al. 2011) + North Chile Filomena iron meteorite (Wasson et al. 1989) — used together with yield correction in iolite 3D DRS","NIST SRM 612 (Jochum et al. 2011) + North Chile Filomena — same as spot protocol","NIST 610 for instrument parameter optimization; series of reference glasses (NIST 612, BHVO-2G, BCR-2G, NKT-1G, TB-1G, ATHO-G, KL2-G, ML3B-G, StHs6/80-G, T1-G) for external calibration of ⁸⁷Rb/⁸⁶Sr ratio; natural clinopyroxenes (NHB-9, YY12-01) and anorthite (YG4301) as unknown samples for ⁸⁷Sr/⁸⁶Sr data quality evaluation","NIST SRM 612 + NIST SRM 614 (non-matrix-matched external standards); self-made BHVO-2 lithium borate glass (matrix-matched) tested as alternative but NIST 612+614 found sufficient with fs laser","NIST 610 (primary external standard; Jochum et al. 2011); Si from EMP as IS","NIST 610 (primary external standard); Fe from EMP as IS","NIST 610 glass standard [P4]","NIST 610 glass standard [P4]"
"Secondary Reference Materials","[CHANGED from: Two natural clinopyroxenes (NHB-9, YY12-01) and one natural anorthite (YG4301) — see Chernonozhkin 2021 Chem. Geol. 562 (not present in this paper; standards used for Fe/Ru/etc. calibration)] N","MPI-DING glasses: GOR132-G, StHs6/80-G, T1-G; USGS: BCR-2G, BHVO-2G — measured as unknowns alongside samples and compared to GeoReM preferred values (Table 1 and Section 3.3)","Same GRM set measured as unknowns for accuracy assessment","Same MPI-DING and USGS glasses measured as unknowns for accuracy assessment","BHVO-2G and StHs6/80-G — selected as QC materials processed as secondary unknowns in every analytical session (measured in 8 and 6 sessions respectively over 1 year)","BHVO-2G processed as unknown for accuracy assessment (Table 2)","BCR-2G, BHVO-2G, BIR-1G processed as unknowns alongside samples (same standards as calibration — in-session validation)","Tawallah Valley (IVB iron meteorite; Walker et al. 2008) — measured as secondary/check standard alongside unknowns","North Chile Filomena measured as unknown on different days over 4 months to assess intermediate precision (Table 3 and Fig. 2)","North Chile and NIST SRM 612 measured before and after mapping session as QC materials","Natural clinopyroxenes NHB-9 and YY12-01 (reference values given in Table 2); anorthite YG4301 — measured as unknowns for 87Sr/86Sr data quality evaluation","AC-E (granite, CRPG), GSR-1 (granite, NRCG), JB-1b (basalt, GSJ), GSR-3 (basalt, NRCG), AGV-2 (andesite, USGS), W-2A (diabase, USGS) — 6 GRMs covering mafic to felsic rock types analyzed as unknowns; also NWA14526 (lunar basalt) and NWA13190 (shergottite) compared with SN-ICP-MS","NIST SRM 612 and BCR-2G (monitoring standards measured in same sessions)","NIST SRM 612 and BCR-2G (same monitoring standard set as glass protocol)","N (not stated) [P4]","N (not stated) [P4]"
"Detection Limit","LODs not formally reported; all concentrations above detection limits except noted (Cr in some irons below LOD)","LODs reported in Table E1 (Appendix E) for 2D mapping: average of all individual pixel LODs (Na=1, Nb=10 per Longerich et al. 1996)","LODs reported in Table 1 for line scan + spot trace elements: Na=24, Nb=5 per Longerich et al. 1996; LOQ = 10SD criterion","N (LODs not separately reported for phosphate analyses)","LODs range 0.1–10 µg g⁻¹ for most elements using 5×5 µm spot; down to 10 ng g⁻¹ for some trace elements (REEs). Reported for areas 0.004–0.05 mm²; LODs calculated per Pettke et al. (2012)","20–50% uncertainty for individual REE data points; Lu measured down to ~10 ng g⁻¹ (0.4× CI-normalized); LODs not explicitly tabulated but implied by REE abundance levels achieved","N (LODs not stated; concentrations reported for all nuclides above background)","N (LODs not formally stated)","LODs in µg g⁻¹ (median from Table 3): As 2, Au 0.1, Co 2, Cr 19, Cu 0.8, Fe 5300, Ga 0.1, Ge 0.2, Ir 0.04, Ni 60, Os 0.09, Pd 0.06, Pt 0.4, Re 0.02, Rh 0.05, Ru 0.3, W 0.09; calculated per Longerich et al. (1996) in iolite 4","N (LODs not separately reported for mapping)","N (LODs not applicable to isotope ratio measurements; precision and accuracy of 87Sr/86Sr and 87Rb/86Sr assessed instead)","LODs for 32 elements in Li-borate glass BHVO-2: 0.005–23.5 µg g⁻¹ (dilution-limited; much higher than undiluted glass LODs); LODs for NIST 610: 0.007–0.45 µg g⁻¹; LOQ = 3.3 × LOD (Pettke 2012) for most elements; LOQ for pollution elements = blank + 10SD (Gold Book IUPAC)","Detection limits for Au ~0.01 ppm; Cu ~0.1 ppm in silicate melt (stated in paper)","[CHANGED from: Same LODs as silicate glass protocol for Au and Cu] N (detection limits for sulfide not stated; only silicate melt detection limits given as Au ~0.01 ppm, Cu ~0.1 ppm)","Referenced in Table 3 and Table S1; specific values not directly stated in main text; REE in olivines below detection limits at 24–32 µm conditions [P4, P7, P11]","Referenced in Table 3 and Table S1; specific values not directly stated in main text; merrillite REE at 14–414 ppm range above detection [P4, P12]"
"Detection Limit Method","N (not formally stated)","Longerich et al. (1996): LOD = (3SD/S) × √(1/Nb + 1/Na)","Longerich et al. (1996); LOQ = 10SD criterion (same equation)","N (not formally stated)","Pettke et al. (2012): LOD = (3.29 × √(Rbkg × DT × (Nan + Nan²/Nbkg)) + 2.71) / (Nan × DT × S)","N (counting statistics implied; exact LOD formula not stated)","N","N","Longerich et al. (1996) — implemented in iolite 4; sample-individual LOD calculated per analysis","N (LODs not separately reported for mapping)","N (not applicable; isotope ratio measurements)","Pettke (2012) for most elements: LOD = (3.29 × √(Rbkg × DT × ...) + 2.71) / (Nan × DT × S); LOQ for pollution elements = blank value + 10SD (IUPAC Gold Book)","N (stated as ""detection limits"" without specific formula)","N","N (method not stated) [P4]","N (method not stated) [P4]"
"Limit of Quantification (LOQ) Method","N","N","LOQ = 10SD of background counts (10σ criterion; Chernonozhkin et al. 2021)","N","N","N","N","N","N","N","N","LOQ = 3.3 × LOD per Pettke (2012) for most elements; LOQ = blank value + 10SD per IUPAC Gold Book for pollution elements (V, Co, Zn, Ba, La, Ce, Ta, U) where blank contribution is significant","N","N","N (not stated) [P4]","N (not stated) [P4]"
"Within-Session Analytical Precision and Assessment Method","N (within-session precision not formally assessed; standard deviation across raster scans reported per element)","Intermediate precision for mapping: most elements at ≥10 µg g⁻¹: 5–15% RSD; elements <10 µg g⁻¹: 5–30% RSD; assessed from repeated GRM mapping in 8 sessions over 1 year (n=8 for each element)","LOD calculated per analysis (Na=24, Nb=5); precision not formally reported as separate metric","N (precision not formally reported for phosphate analyses)","Intermediate precision: 5–15% RSD for elements ≥10 µg g⁻¹; 5–30% RSD for elements <10 µg g⁻¹ (assessed from repeated GRM mapping over 1 year, n=8)","20–50% uncertainty for individual REE data points (dominated by counting statistics near LOD; grain areas 40×40 µm² represent averaging of ≥10 pixels)","N (within-session precision not formally assessed)","Analytical uncertainties: 2SE of individual spot measurements reported alongside data","RSD <15% for most elements in Arraias meteorite under repeatability conditions (n=20 spot analyses); Cr: 20%, Ir: 16%, Os: 20% RSD; assessed by repeated analysis of same meteorite in one session","N (within-session precision for mapping not separately assessed)","Standard error (USE = SE at 95% confidence) for 87Sr/86Sr and 87Rb/86Sr per individual run; dependent on signal intensity (regression shown in Fig. 3); relative errors for 87Rb/86Sr: ±3% for most reference glasses; 87Sr/86Sr relative errors: <0.2‰ for materials with 87Rb/86Sr <1","Analytical precision (RSD) within 10% for most of 32 trace elements in 6 silicate GRMs (verified by homogeneity index assessment across 9 spots per disk)","N (within-session precision not separately reported)","N","N (not stated) [P4]","N (not stated) [P4]"
"Between-Session (Long-Term) Analytical Precision and Assessment Method","N","N","N","N","Intermediate precision (between-session): 5–15% RSD for most elements ≥10 µg g⁻¹ over 8 sessions in 1 year; down to 3% RSD for some elements; assessed from repeated BHVO-2G GRM mapping (n=8 sessions)","N","N","N","Intermediate precision: RSD ≤20% for most elements assessed over multiple days on North Chile iron meteorite measured as unknown (n multiple days over 4 months)","N","N","N","N","N","N (not stated) [P4]","N (not stated) [P4]"
"Analytical Accuracy and Assessment Method","LA-ICP-MS concentrations agreed with NAA within ±40% for most elements (LA relative to NAA); within ±10% for Ni, Co, Ga; differences in W (4.39 vs 1.06 ng g⁻¹ for Cerro del Inca by LA vs INAA) and Au/As up to 30% — attributed to heterogeneous sampling scale difference between techniques","No systematic bias demonstrated; MgO+FeO+SiO₂+P₂O₅ oxide sums after mapping varied 95–99 wt% (average near 100%); LA-ICP-MS Fa# values compared to EMPA values for 8 PMG (Fig. 5A shows good agreement)","Trace element accuracy verified against literature INAA and EPMA data; major elements verified by comparison with EMPA results from same section","N (accuracy assessment not separately stated for phosphate analyses)","No systematic bias observed for elements with well-characterized GRMs; W in StHs6/80-G: 0.35 ± 0.25 µg g⁻¹ (consensus: 0.47 ± 0.18 µg g⁻¹); W in BHVO-2G: 0.26 ± 0.18 µg g⁻¹ (consensus: 0.223 ± 0.058 µg g⁻¹) — both consistent with reference values","REE abundances in FG minerals consistent with previous SIMS data; group II REE patterns reproduced; BHVO-2G accuracy assessment: results within systematic uncertainties of calibration","Sc: good agreement with Davis (1977) INAA values within measurement scatter; overall accuracy verified by comparison with literature INAA and SIMS data; Marjalahti used as in-session control (Mn deviation from reference value noted as 4.2% above Ryder 1984)","N (accuracy formally assessed by comparison with internal standard; absolute accuracy not separately reported)","Results for 9 known iron meteorites: >75% of published values within LA-ICP-MS result ± 2s (two standard deviations); relative differences mostly within ±20% (Fig. 2); specific discrepancies: Ir in Arraias +40%, Ir in Nossa Senhora +64%, Co and Ga in Campo del Cielo (heterogeneity issues); trend lines slope 0.87–1.17 with R² = 0.97–1.0","N (mapping accuracy not separately assessed from spot protocol)","87Sr/86Sr relative errors <0.2‰ for reference materials with 87Rb/86Sr <1 (12 of 14 reference materials); 87Rb/86Sr relative accuracy within ±3% for 11 glasses; exceptions: NIST 610 (−2.97%), NIST 612 (+2.02%), ATHO-G (+2.89%) — all within stated ±3% criterion","Analytical results within 10% of reference values for most of 32 trace elements in 6 GRMs (mafic to felsic); precision (RSD) within 10% for most elements; lunar basalt (NWA14526) and shergottite (NWA13190) results compared with SN-ICP-MS and found reliable","Au and Cu fully dissolved in most glasses (smooth signals); Au results consistent with Au solubility trends from literature; comparison with SN-ICP-MS (solution) for two extraterrestrial samples confirms reliability","Sulfide Au and Cu concentrations consistent with strong positive correlation with log fS₂ (Fig. 5A) confirming thermodynamic equilibrium; partitioning coefficients Dsulfide/melt consistent with literature (Li et al. 2019, 2021)","For silicates: oxide-sum normalization agrees within <10% with EMP-based IS method (internal cross-check, not a separate QC standard) [P4]","N (no accuracy assessment stated for phosphate protocol) [P4]"
"","","","","","","","","","","","","","","","",""
"Additional Notes","Raster scans used for main element dataset (23 elements); separate spot analyses on 5 irons for more precise Ge abundances (150 µm spot, 50 Hz, 20 s); two different analysis modes represent distinct protocols but are reported in same paper","Pallasite olivine 2D mapping in cool plasma mode (800 W) is a core methodological innovation; total of 8 PMG meteorites mapped; P-rich veinlets excluded from olivine averages; Fa# values verified against EMPA (Fig. 5A)","Multi-run sequential design is the key methodological innovation: Run 1 (major elements, 30 µm, MR) provides Cr IS for Run 2 (trace elements, 130 µm, LR); pre-ablation pass removes surface contamination before Run 1","Phosphate phase identification used LA-ICP-MS data combined with EMPA and µXRF (Fig. D9); merrillite, stanfieldite, farringtonite distinguished by REE patterns; oxide sum normalization applied to phosphate (not olivine IS approach)","LA-ICP-ToF-MS used here (not scanning LA-ICP-MS); key capability: full mass range (Na–U) recorded simultaneously; pixel sizes 2–5 µm; demonstrates quantitative accuracy despite being often called ""semi-quantitative""","msfsLA (multiple-spot femtosecond laser ablation) uses galvanometric scanner for rapid wide-area imaging; SUIA data reduction strategy not applicable here (no isotope ratio measurement); depth correction for ablation volume differences is methodological innovation","Many instrument parameters lost during extended lab shutdown; 75 µm spot size in medium resolution mode on sector-field ICP-MS is unusual combination for olivine trace elements; 25 Mg IS from EPMA is standard approach","fs laser (260 nm Ti:sapphire) essential for HSE measurement in metal (reduces elemental fractionation and matrix effects); IVB iron meteorite standards (Warburton Range + Tawallah Valley) as matrix-matched standards for iron meteorite metal","Key innovations: (1) use of two measurement standards (NIST SRM 612 + North Chile) with yield correction in iolite 3D DRS; (2) Fe+Ni+Co=100% normalization eliminates need for EPMA IS; Cr results not quantitative due to argide interferences","Elemental mapping used as classification tool even without prior knowledge of structural variations (kamacite vs. plessite); demonstrates LA-ICP-MS mapping applicability for iron meteorite classification","LA-MC-ICP-MS transect mode with Rb-Sr isotope ratio measurement; SUIA (Smallest Unit Isochron Age) data reduction strategy developed for heterogeneous minerals; signal-smoothing device used to reduce short-term variability","Target: bulk trace element analysis of extraterrestrial samples using only 10 mg; Li-borate flux fusion (35:1 dilution) with fs laser — first reported use of fs laser for flux fusion glass analysis; non-matrix-matched external standards demonstrated accurate with fs laser","Analysis of quenched experimental glasses from high-pressure (1 GPa) piston-cylinder experiments; Au and Cu solubility measurements; smooth time-resolved signals indicate fully dissolved Au (no micronuggets)","Analysis of quenched experimental pyrrhotite (Fe₁₋ₓS) from same piston-cylinder experiments; 20 µm spot required due to small grain size (5–50 µm); same instrument and analytical session as glass protocol","Paper broadly follows Udry et al. (2012) and Pernet-Fisher et al. (2014) for procedure; two IS approaches used for different mineral phases (oxide-sum for silicates; EMP CaO for phosphate); 90 µm spot used on some olivines to evaluate whether low REE signals result from insufficient sampling volume [P4]","N/A — see silicate column for general notes [P4]"
