Metadata Item,Description,Procedure-Level Tier,Analysis-Level Tier,Data Type,Example / Allowed Content,Comments,Last Update,Keyed By,Purpose,Spot,Transect,Mapping,Literature Assessment,"Zhang et al. 2022
(At. Spectrosc. 43)
Lunar meteorite silicates
(Rb-Sr geochronology)
Line scan (transect)
fs-LA-MC-ICP-MS
China Univ. of Geosciences"
1. Procedure Identification,,,,,,,,,,N,N,N,N,N
Procedure Name,"A short descriptive name for this analytical procedure, including a version number. Should identify the instrument, the technique, and the scope of what is measured — analyte, material, or feature.",Basic,Read-Only,Text (free),"e.g., 'LA-ICP-MS Trace Elements Silicate Glass v1.2' | 'fs-LA-ICP-MS Major and Trace Elements Sulfide v1'",Source: Core module,2026-08-08,(none),,Y,Y,Y,,Zhang et al. (2022) Lunar Meteorite Rb-Sr Transect fs-LA-MC-ICP-MS v1
Technique,Top-level analytical technique identifier.,Basic,Read-Only,Controlled list,LA-MC-ICP-MS | Other: specify | N/A | None,Source: Core module,2026-08-08,(none),,Y,Y,Y,,fs-LA-MC-ICP-MS
Procedure Author,Person(s) or laboratory responsible for developing and registering this procedure. ORCID recommended for individuals.,Basic,Read-Only,Text (free),"e.g., 'J. Smith (ORCID: 0000-0001-2345-6789)' | 'Isotope Geochemistry Lab, University of X'",Source: Core module,2026-08-08,(none),,Y,Y,Y,,Zhang et al. (China Univ. of Geosciences Wuhan)
Laboratory,Name of the laboratory or institution hosting the instrument.,Basic,Editable,Text (free),"e.g., 'Geo-/Cosmochemistry Lab, University of Cologne'",Source: Core module,2026-05-06,(none),,Y,Y,Y,,"State Key Laboratory of Geological Processes and Mineral Resources, China Univ. Geosciences, Wuhan, China"
Laboratory ID,"Persistent identifier for the laboratory (e.g., ROR ID).",Advanced,Editable,URI / DOI,ROR ID or equivalent URI (https://ror.org/),Source: Core module,2026-08-08,(none),,Y,Y,Y,,N
Procedure Start Date,First date this procedure configuration was used in production.,Basic,Read-Only,Date,"YYYY-MM-DD, e.g., 2022-04-22",Source: Core module,2026-07-24,(none),,Y,Y,Y,,N
Funding Source for Procedure Development,"Grants and other funding sources that supported instrument acquisition, major upgrades, procedure development, and associated personnel time. Include grant numbers and funding agencies where applicable.",Advanced,Read-Only,Text (free),"e.g., 'NSF EAR-2142500; DFG INST 216/1019-1 FUGG no. 665508' | 'None'",Source: Core module,2026-07-24,(none),,Y,Y,Y,,National Natural Science Foundation of China (NSFC)
Procedure Reference(s),"DOI or URL for peer-reviewed publications or technical reports describing, validating, or benchmarking this procedure.",Advanced,Read-Only,URI / DOI,"e.g., doi:10.1016/j.oregeorev.2011.11.001",Source: Core module,2026-07-24,(none),,Y,Y,Y,,Zhang et al. (2022) At. Spectrosc. 43; ISO-Compass software; Zhang et al. (2018)
Procedure DOI,"DOI or unique persistent identifier for the registered procedure used in this analysis, generated upon procedure submission to a data repository. If a DOI has been applied for but not yet minted, enter ""pending"".",N/A,Basic,URI / DOI,"e.g., http://doi.org/10.60520/IEDA/114187 | pending",Source: Core module,2026-08-25,(none),Encourages formal procedure registration and ensures traceability.,Y,Y,Y,,N
Session Identifier,"Identifier for the analytical session this record describes — the laboratory's own run, sequence or batch identifier as generated by the instrument or acquisition software. Distinct from any persistent identifier a repository mints on submission.",N/A,Basic,Text (free),,Source: Core module,2026-08-25,(none),"The analysis record corresponds to one session, which may cover several samples, and this is the link back to the raw instrument files.",Y,Y,Y,,
Analyst,Name(s) of the analyst(s) who performed the analysis session. ORCID is recommended for persistent identification.,N/A,Basic,Text (free),"e.g., 'J. Smith (ORCID: 0000-0001-2345-6789)'",Source: Core module,2026-08-25,(none),,Y,Y,Y,,N
Analysis Start Date,"Date on which the analytical session began. For sessions spanning multiple days, use the date of the first session. Format: YYYY-MM-DD.",N/A,Basic,Date,"YYYY-MM-DD, e.g., 2022-04-22",Source: Core module,2026-08-25,(none),,Y,Y,Y,,N
Analysis End Date,Date on which the analytical session ended. May equal Analysis Start Date for single-day sessions. Format: YYYY-MM-DD.,N/A,Basic,Date,"YYYY-MM-DD, e.g., 2022-04-22",Source: Core module,2026-08-25,(none),,Y,Y,Y,,N
Funding Source for Analysis,"Grants and other funding sources that supported the specific sample analyses and data collection reported here. Include grant numbers and funding agencies. Distinct from procedure development funding, which may have been awarded years earlier.",N/A,Basic,Text (free),"e.g., 'NASA 80NSSC21K0153; DFG WE 2850/5-1' | 'None'",Source: Core module,2026-08-25,(none),,Y,Y,Y,,CNSA pre-research project D020205; NSFC 41973013; Natural Science Foundation of Hubei Province 2020CFA045; GPMR State Key Laboratory special fund MSFGPMR04 and MSFGPMR08
Coupled Technique(s),"Other analytical techniques applied to the same sample(s) whose results are intended to be interpreted together with data from this procedure. Document coupling with any technique whose results are functionally linked to this dataset — providing calibration inputs, complementary spatial context, or required companion measurements. Use the same controlled vocabulary as the Technique field. Enter ""None"" if no coupling is intended.",Advanced,Editable,Controlled list / Text,EPMA | SIMS | ICP-MS (solution) | Noble Gas MS | Other: specify | None | N/A,Source: Core module,2026-08-25,(none),,Y,Y,Y,,N
Coupling Description,"Description of how this procedure is coupled with the technique(s) listed above. Include: (1) the functional relationship — what data or context flows between techniques, or how results are combined (e.g. which output from the coupled technique serves as input to data reduction for this technique); and (2) the analytical sequence — which technique is performed first and why (e.g. non-destructive before destructive). Required when Coupled Technique(s) is not ""None"".",Advanced,Editable,Text (free),"e.g., 'EPMA provides major element concentrations (SiO₂ as internal standard) used in LA-ICP-MS data reduction; EPMA performed first because LA-ICP-MS ablation is destructive' | 'SIMS isotope ratios cross-validated against LA-ICP-MS; SIMS performed first due to shallower beam penetration'",Source: Core module,2026-08-25,(none),,Y,Y,Y,,N
Coupled Procedure DOI,"Registered procedure DOI for the coupled technique named above. If the coupled procedure has not yet been registered, enter the DOI of a publication describing the coupled method, or ""pending"". Enter ""None"" if no coupling is planned.",N/A,Advanced,URI / DOI,"e.g., 'http://doi.org/10.60520/IEDA/114187' | pending | None",Source: Core module,2026-08-25,(none),"Provides a stable, citable link to the companion method independent of whether a dataset has been deposited.",Y,Y,Y,,N
Coupled Dataset or Publication Reference,"DOI or other persistent identifier for the co-registered dataset or publication where both datasets are reported together. Accepts: a dedicated dataset DOI (if separately deposited), a shared dataset DOI (if co-submitted in the same package), or a publication DOI. Use ""same submission"" if the coupled dataset is included in this data package, or ""pending"" if not yet assigned. If coupling is documented through a shared sample identifier only, that information is already captured in Sample Persistent Identifier (Group 2).",N/A,Advanced,URI / DOI / Text,"e.g., 'doi:10.26022/IEDA/112969' | same submission | pending | None",Source: Core module,2026-08-25,(none),,Y,Y,Y,,N
,,,,,,,,,,,,,,
2. Samples,,,,,,,,,,N,N,N,N,N
Target Material,General description of the material type(s) this procedure is designed to analyse.,Basic,Read-Only,Controlled list / Text,Silicate glass | Feldspar | Pyroxene | Olivine | Oxide | Sulfide | Carbonate | Phosphate | Native metal | Iron meteorite | Fluid inclusion | Melt inclusion | Whole rock | Other: specify | N/A | None,Source: Core module,2026-08-25,(none),"Used for discoverability and procedure matching, and because the material type constrains sample preparation, calibration and matrix-matching requirements.",Y,Y,Y,,"Lunar meteorite silicates (plagioclase, pyroxene, ilmenite, glass)"
Sample Form / Analytical Substrate,"Physical form of the material as it enters the ablation cell. Editable to accommodate legitimate variations (e.g., thin section vs. mount) that do not alter the analytical procedure.",Basic,Editable,Controlled list,In situ — polished thin section | In situ — polished epoxy mount | In situ — polished thick section | Pressed powder pellet | Li-borate fused glass disc | Nano-particulate pressed pellet | Liquid | N/A | None | Other: specify,,2026-08-11,(none),,Y,Y,Y,,In situ — polished thin section (two-volume cell)
Sample Name,"Name or identifier of each sample analysed in this session, as used in the laboratory — a sample mount, section or aliquot counts as one entry where that is what the laboratory tracks. Should match the identifier used in associated publications or data tables.",N/A,Basic,Text (free),"e.g., 'NWA 10597 ol-1' | 'Imilac PMG section 3 grain 2'",Source: Core module,2026-08-25,defines: sample,The analysis record corresponds to one session and may cover several samples.,Y,Y,Y,,N
Sampling Unit,"The physical subdivision of the sample to which one row of reported values corresponds — the unit that is analysed and reported, as distinct from the sample as a whole. Where units nest (e.g. confined tracks within grains), state both levels.",Basic,Basic,Controlled list / Text,Whole sample | Aliquot | Grain | Spot | Analysis point | Phase | Sub-volume | Region of interest | N/A | None | Other: specify,Source: Core module,2026-08-25,defines: sampling unit,,Y,Y,Y,,
Sample Persistent Identifier,"Globally unique, persistent identifier for each sample listed in Sample Name. IGSN (International Geo Sample Number) is the recommended standard for geological and cosmochemical samples, as used by Astromat, EarthChem and SESAR. Where a sample and its sub-samples are separately registered, record the identifier at the level actually analysed.",Advanced,Advanced,URI / IGSN,"e.g., IGSN: IEDA-100001 (https://www.igsn.org/) | Smithsonian NMNH catalog number",Source: Core module,2026-08-25,sample,,Y,Y,Y,,N
Fusion Flux and Dilution Ratio,"For procedures using fused glass, the flux type and sample:flux dilution ratio used to prepare the analytical glass.",Advanced,Editable,Text (free),"e.g., 'Li-tetraborate, 1:2 (sample:flux)' | 'Li-metaborate/tetraborate 50:50, 1:5' | 'Not applicable (in situ)'",,2026-07-24,(none),,Y,Y,Y,,N/A
Sample Preparation Method,"Description of how samples were prepared for analysis (mounting, polishing, coating, fusion procedure, etc.).",Basic,Editable,Text (free),"e.g., 'Polished thin section, uncoated' | '25 mm epoxy mount, polished to 0.25 µm diamond' | 'Double-fused Li-tetraborate bead, polished to 1 µm'",,2026-05-22,(none),,Y,Y,Y,,Polished thin section (two-volume cell)
Pre-Ablation Surface Treatment,"Procedure applied immediately before each analysis to remove surface contamination or condition the sample surface. Distinct from general sample preparation. For spot analysis, pre-ablation pulses are discarded before signal acquisition begins. For mapping, this step is typically omitted.",Advanced,Editable,Text (free),"e.g., '10 pre-ablation pulses discarded before acquisition (50 µm, 10 Hz, 2 J cm⁻²)' | '150 µm square spot, 2 J cm⁻², 20 Hz, 300 µm s⁻¹ pre-ablation pass (Chernonozhkin et al. 2021)' | 'None'",Source: Laser Ablation module,2026-08-25,(none),In mapping the large area ablated averages out surface effects.,Y,Y,Y,,N
Target Selection Criteria,"The rules governing which part of the sample is analysed, and why. Covers the criteria applied when choosing grains, aliquots, spots, or a region of interest — size, morphology, clarity, freedom from inclusions or alteration, phase identity, or spatial position. Distinct from Target Material, which states the material type the procedure is designed for: this field states how, within such a sample, the analysed portion is picked out.",Basic,Editable,Text (free),,Source: Target Selection module,2026-08-25,(none),,Y,Y,Y,,
Pre-Analysis Imaging and Screening,"Imaging or other characterisation performed before the measurement in order to select or locate the analysed target, including the technique, instrument and settings used, and how individual analyses are linked back to the images. Distinct from any imaging the procedure performs as its own measurement. Where the imaging is performed on a separate instrument, it should also be recorded in the Group 1 coupling fields.",Advanced,Editable,Text (free),,Source: Target Selection module,2026-08-25,sample,,Y,Y,Y,,
,,,,,,,,,,,,,,
3. Instrument & Software,,,,,,,,,,N,N,N,N,N
Laser Manufacturer & Model,Manufacturer and model of the laser ablation system.,Basic,Read-Only,Text (free),"e.g., 'ESI/NWR imageGEO193' | 'Coherent GeoLas HD' | 'Teledyne Analyte Excite 193' | 'Teledyne Analyte G2'",Source: Laser Ablation module,2026-08-25,(none),,Y,Y,Y,,"New Wave Research NWR FemtoUC (Yb:KGW fs, 257 nm PHAROS amplifier)"
Instrument Manufacturer,"Manufacturer of the instrument that performs the measurement, recorded as a controlled value. Where a procedure couples a sample-introduction system to an analysing instrument, this records the analysing instrument. Instrument Model gives the specific designation.",Basic,Read-Only,Controlled list,Thermo Fisher Scientific | Agilent | PerkinElmer | Nu Instruments | Analytik Jena | Shimadzu | Other: specify | Unknown | N/A | None,Source: Core module,2026-08-25,(none),Recording it as a controlled value lets procedures be found by vendor.,Y,Y,Y,,
Instrument Model,"Model designation of the instrument that performs the measurement, including any generation or configuration suffix. Conventionally written with the manufacturer name included; Instrument Manufacturer records the vendor separately, as a controlled value, so that procedures remain findable by vendor.",Basic,Read-Only,Text (free),"e.g., 'Thermo Scientific iCAP TQ' | 'Agilent 7900' | 'Thermo Scientific Element XR' | 'TOFWERK icpTOF'",Source: Core module,2026-08-25,(none),,Y,Y,Y,,Thermo Fisher Scientific NEPTUNE Plus (MC-ICP-MS)
ICP-MS Type,Type of ICP-MS mass analyser and collector configuration.,Basic,Read-Only,Controlled list,"Multi-collector (MC-ICP-MS) | Multi-collector with collision/reaction cell (e.g. Nu Sapphire, Thermo Neoma MS/MS) | Other: specify | N/A | None",,2026-08-08,(none),,Y,Y,Y,,Multi-collector sector-field (MC-ICP-MS)
Instrument Serial Number or Lab Identifier,Serial number or laboratory-internal identifier for the specific instrument unit.,Advanced,Editable,Text (free),"e.g., 'Element XR S/N 1234' | 'Lab unit: Ghent-SF2'",Source: ICP-MS module,2026-08-25,(none),Supports traceability to instrument service records.,Y,Y,Y,,
Interface Cone Configuration,Combination of sample cone and skimmer cone installed during analysis.,Basic,Read-Only,Text (free),"e.g., 'Ni standard sample cone + Ni H-type skimmer' | 'Al standard sample cone + Al H-type skimmer (1.1 mm aperture)' | 'Pt sample cone + Pt skimmer'",,2026-05-14,(none),,Y,Y,Y,,X skimmer cone + Jet sample cone (high-sensitivity configuration)
Sampler and Skimmer Cone Material,"Material composition of the sampler and skimmer cones. Common materials are nickel (standard), platinum (for high-TDS or organic-matrix samples), and aluminium (for high-purity work). State both sampler and skimmer materials; if identical, a single statement is acceptable.",Advanced,Read-Only,Text (free),"Nickel (Ni) sampler and skimmer cones (standard configuration); Platinum (Pt) sampler, nickel (Ni) skimmer",,2026-08-25,(none),"Cone material affects sensitivity, matrix tolerance, and long-term stability.",Y,Y,Y,,
Torch Depth,"Distance between the load coil and the sampling cone tip (mm), also called injector depth or torch position depending on the instrument manufacturer.",Advanced,Editable,Text (free),5 mm; Standard position (manufacturer default; not explicitly reported),Source: ICP-MS module,2026-08-25,(none),"Affects ion transmission efficiency, oxide formation, and doubly-charged species production.",Y,Y,Y,,
Torch Type,Type of plasma torch installed.,Advanced,Read-Only,Text (free),Standard quartz | High-matrix (low-flow) | Low-volume | N/A | None | Other: specify,,2026-08-25,(none),Injector inner diameter (typically 1.5–2.5 mm) affects aerosol transport efficiency and plasma conditions in LA-ICP-MS.,Y,Y,Y,,
Guard Electrode,Whether the guard electrode (also called extraction lens or Fassel torch shield) was active during analysis.,Basic,Read-Only,Controlled list,On | Off | Not applicable (instrument does not have guard electrode) | N/A | None | Other: specify,,2026-08-11,(none),,Y,Y,Y,,N
Mass Resolution Setting,Operating mass resolution of the mass analyser.,Basic,Editable,Text (free),"e.g., Unit resolution — quadrupole (fixed) | Low resolution — SF (~300 m/Δm) | Medium resolution — SF (~3000 m/Δm) | High resolution — SF (~10000 m/Δm) | Other: specify",,2026-08-25,(none),"For quadrupole instruments this is fixed at unit resolution by instrument design. For sector-field instruments the analyst selects low, medium, or high resolution to balance sensitivity against spectral interference suppression.",Y,Y,Y,,Low resolution (M/ΔM ≈ 400)
Detector Configuration,"Type(s) of detector(s) installed in the mass spectrometer. For single-collector instruments, note whether dual pulse-counting/analog mode is used. For multi-collector instruments, describe the Faraday/multiplier cup layout.",Basic,Read-Only,Text (free),"e.g., 'Single SEM, dual mode (pulse counting and analog)' | 'Single SEM in triple mode (pulse, analog, Faraday)' | 'Nine Faraday cups + one ion counter (MC)'",,2026-05-06,(none),,Y,Y,Y,,Seven fixed electron multiplier ICs + nine Faraday cups (1011 Ω resistors)
Collision/Reaction Cell (CRC) Configuration,"Whether a collision or reaction cell is installed and its operating mode. In standard mode (STD), no cell gas is introduced and the cell acts only as an ion guide. In kinetic energy discrimination (KED) mode, helium thermalizes ions so that polyatomic interferences (larger collision cross-section) are selectively retarded by a cell exit barrier voltage. In dynamic reaction cell (DRC) mode, a reactive gas selectively neutralizes specific interferences through ion-molecule reactions. On ICP-MS/MS instruments (e.g., Agilent 8900), a second mass filter preceding the cell enables precursor-ion selection. Specific gas types, flow rates, and cell voltages are documented in Group 4. Record 'Not applicable' for SF-ICP-MS instruments, which lack collision/reaction cells. Record 'N/A' where the instrument is not fitted with a collision/reaction cell.",Basic,Read-Only,Controlled list,"Not installed | STD (standard mode, no gas) | KED (kinetic energy discrimination, He gas) | DRC (dynamic reaction cell, reactive gas) | N/A | None | Other: specify",,2026-08-17,channel,,Y,Y,Y,,
Laser Wavelength and Type,Wavelength and type of the laser used for ablation in nanometres.,Basic,Read-Only,Text (free),"e.g., '193 nm ArF excimer' | '213 nm Nd:YAG frequency-quintupled' | '257 nm Yb:KGW femtosecond' | '1030 nm Yb:KGW IR femtosecond'",Source: Laser Ablation module,2026-08-25,(none),,Y,Y,Y,,257 nm Yb:KGW femtosecond; pulse duration 300 fs (PHAROS system)
Acquisition Software,"Instrument control, automation and data acquisition software used to collect the raw data, including version number. Distinct from Data Processing Software(s), which covers everything applied to the data after acquisition.",Basic,Editable,Text (free),"e.g., 'Thermo Qtegra 2.10.3324' | 'Agilent MassHunter Workstation 4.6' | 'Thermo PlasmaLab 2.5.4'",Source: Core module,2026-08-25,(none),,Y,Y,Y,,N
Data Processing Software(s),"All software applied to the data after acquisition in order to produce the reported quantities, including version numbers. List every package used. Distinct from Acquisition Software, which controls the instrument and collects the raw data.",Basic,Editable,Text (free),"e.g., 'Iolite 4.7 (Paton et al. 2011)' | 'GLITTER 4.4' | 'SILLS 1.1.5 (Guillong et al. 2008)' | 'LAtools' | 'In-house MatLab script'",Source: Core module,2026-08-25,(none),,Y,Y,Y,,"ISO-Compass software (Zhang et al. 2020, J. Anal. At. Spectrom. 35, 1087–1096)"
Ablation Cell Type,"Type, design origin, and internal volume of the ablation cell.",Basic,Read-Only,Text (free),"e.g., 'Two-volume HelEx II (Müller et al. 2009)' | 'HDIP low-dispersion tube-type cell' | 'Single-volume standard cell' | 'ARIS (Aerosol Rapid Introduction System)'",Source: Laser Ablation module,2026-08-25,(none),Cell volume is a primary determinant of aerosol washout time and therefore the achievable time resolution of the data.,Y,Y,Y,,Two-volume cell (constant distance between laser and aerosol extraction)
Sample Introduction,"Configuration by which the ablated aerosol is delivered to the plasma, including tubing, any signal-homogenising device, and any co-aspirated solution introduced alongside the aerosol — for example a Tl solution used for instrumental mass bias correction, or an isotopic spike used for isotope dilution. Distinct from the carrier and make-up gas fields, which record gas identity and flow rather than what else enters the plasma.",Basic,Read-Only,Text (free),"e.g., 'Squid signal homogeniser, 2 m PTFE tubing, no co-aspiration' | 'Dry plasma; Tl solution co-aspirated via desolvating nebuliser for mass bias correction'",,2026-08-08,(none),,Y,Y,Y,,
Faraday Cup Array Configuration,"Description of the multi-collector Faraday cup array. Specify the total number of Faraday cup detectors (fixed and moveable), their labeled positions (e.g., L4, L3, L2, L1, Ax, H1, H2, H3, H4 for a 9-cup Neptune), and the presence and position of any ion counter (SEM) or Daly detector in the collector block.",Basic,Read-Only,Text (free),,Source: MC-ICP-MS module,2026-08-25,(none),The number and span of cups constrains which isotope combinations can be simultaneously collected.,Y,Y,Y,,
Faraday Cup Amplifier Resistor Values,"Resistance values (Ω) of the feedback resistors in the Faraday cup amplifiers. Standard amplifiers use 10¹¹ Ω resistors, yielding 1 V per ~6.24 × 10⁶ ion counts per second. Report the resistor value per cup position, or note 'all 10¹¹ Ω' if uniform.",Basic,Read-Only,Text (free),,Source: MC-ICP-MS module,2026-08-25,channel,"High-gain amplifiers (10¹² or 10¹³ Ω) are fitted to selected cups to improve signal-to-noise for very low-intensity beams (e.g., 234U, low-abundance spike isotopes).",Y,Y,Y,,
Faraday Cup Gain Calibration Method,"Method used to calibrate the relative gain (amplification factor) of each Faraday cup amplifier at the start of or during each analytical session. Common approaches: instrument internal gain calibration routine (measures signal in each cup sequentially using a common beam), amplifier rotation procedure, or measurement of a known isotope ratio solution in each cup. For instruments with SEM detectors, also describes the SEM-to-Faraday cross-calibration sequence. Specify frequency (per session, per block, weekly).",Basic,Read-Only,Text (free),,Source: MC-ICP-MS module,2026-08-25,channel,Relative gain differences between amplifiers cause systematic errors in isotope ratios if uncorrected.,Y,Y,Y,,
,,,,,,,,,,,,,,
4. Measurement Information,,,,,,,,,,N,N,N,N,N
Analytical Mode,Primary analytical mode(s) executed under this procedure. Records one value for a single-mode procedure and all applicable modes for a multi-mode one. Applies even where a procedure defines no mode flag columns.,Basic,Read-Only,Controlled list,'Spot' | 'Transect' | 'Mapping' | 'Spot; Transect' | 'Spot; Mapping',Source: Core module,2026-08-25,(none),"Serves as the procedure-level declaration of measurement type, distinct from the mode flag columns, which state per-field applicability. Ensures every procedure record is self-describing and comparable across the library.",Y,Y,Y,,
Laser Spot Geometry,"Shape and dimensions of the laser ablation spot in micrometres registered by the procedure. For circular spots, report diameter; for square or rectangular spots, report width × length.",Basic,Editable,Text (free),"e.g., '25 µm circular' | '20×20 µm square' | '15 or 25 µm circular (phase-dependent)'",Source: Laser Ablation module,2026-08-25,(none),,Y,Y,Y,,50–60 µm circular
Spot Diameter (Measured),"Diameter of the laser spot as independently measured on the sample or on a test material, distinct from the nominal value the procedure registers.",N/A,Basic,Numeric (µm),"e.g., '32.4' | 'nominal 35, measured 33.1 +/- 0.8 (n = 12 pits, white-light profilometry)'",Source: Laser Ablation module,2026-08-25,(none),Measured companion to Laser Spot Geometry: nominal and delivered spot size can differ appreciably with optics condition and focus.,Y,Y,Y,,
Laser Spot Path / Ablation Mode,Sampling mode or ablation pattern used during analysis.,Basic,Read-Only,Controlled list,Spot (stationary) | Transect (continuous line scan) | Raster area (2D elemental mapping) | Stepped line profile | N/A | None | Other: specify,Source: Laser Ablation module,2026-08-25,(none),,Y,Y,Y,,Transect (continuous line scan at 2–6 µm s⁻¹)
Laser Energy,Laser pulse energy in millijoules as set at the laser output or measured at the sample surface. Report only when the system displays energy directly. Laser fluence (J cm⁻²) is the preferred quantity and is captured in Laser Fluence (Energy Density).,Advanced,Editable,Numeric (mJ),"e.g., 0.001 mJ | 3.5 mJ",Source: Laser Ablation module,2026-08-25,(none),Less commonly reported than fluence because it does not account for spot area.,Y,Y,Y,,N
Laser Fluence (Energy Density),"Laser pulse energy per unit area at the sample surface in J cm⁻², as registered by the procedure. If the system reports only as % of maximum output, include that value and note the system maximum where known.",Basic,Editable,Numeric (J cm⁻²),"e.g., '3.5 J cm⁻²' | '7 J cm⁻²' | '60% output (PHAROS system, max ~15 J cm⁻²)'",Source: Laser Ablation module,2026-08-25,(none),"Fluence is the physically meaningful quantity controlling ablation rate, crater morphology, elemental fractionation, and particle size distribution.",Y,Y,Y,,~60% of maximum output (PHAROS system; exact J cm⁻² not converted)
Laser Beam Energy Profile,"Spatial energy distribution of the laser beam at the sample surface, and whether a beam homogenizer is installed.",Advanced,Read-Only,Controlled list / Text,Flat-top (top-hat) — beam homogenizer installed | Gaussian — no beam homogenizer | Not stated | N/A | None,Source: Laser Ablation module,2026-08-25,(none),A flat-top (top-hat) profile produces more uniform ablation craters and more reproducible crater morphology than a Gaussian beam.,Y,Y,Y,,N
Laser Repetition Rate,Laser pulse repetition rate in hertz registered by the procedure.,Basic,Editable,Numeric (Hz),"e.g., 5 | 10 | 20 | 100",Source: Laser Ablation module,2026-08-25,(none),"For mapping methods, repetition rate together with scan speed and spot size determines pixel size and spatial resolution.",Y,Y,Y,,10–30 Hz (varied based on Sr concentration in samples)
Laser Pulse Duration,"Duration of each individual laser pulse, including units.",Basic,Read-Only,Text (free),"e.g., '4 ns (ArF excimer)' | '20 ns' | '290 fs (Yb:KGW)' | '220 fs (Ti:sapphire)'",Source: Laser Ablation module,2026-08-25,(none),Pulse duration determines the ablation regime: nanosecond (ns) pulses involve significant thermal effects and elemental fractionation; femtosecond (fs) pulses are non-thermal and substantially reduce elemental fractionation and matrix effects.,Y,Y,Y,,300 fs (Yb:KGW PHAROS femtosecond amplifier)
Ablation Duration per Spot,"Total on-sample ablation (signal acquisition) time per individual spot in seconds, as set in the acquisition method. For transect analysis, the equivalent procedure-level parameter is scan speed (captured in Transect Rate, Mapping Rate or Step Size). For mapping analysis, total acquisition time is sample-area-dependent and is not captured here.",Basic,Editable,Numeric (s),"e.g., 40 s | 60 s | 90 s",Source: Laser Ablation module,2026-08-25,(none),"For spot analysis, reflects the deliberate trade-off between signal accumulation (longer = lower LOD), sample consumption, and session throughput.",Y,N,N,,N/A (transect)
Ablation Pit Depth and Ablation Rate,"Depth of the ablation pit produced under the registered laser conditions, the method used to measure it, and the resulting per-pulse ablation rate. For transect and mapping the equivalent quantity is trench depth under the same conditions.",Basic,Editable,Text (free),"e.g., 'Pit depth 18 um after 300 pulses (white-light profilometry); 60 nm/pulse' | 'Trench depth 4 um at 5 um/s scan speed'",Source: Laser Ablation module,2026-08-25,(none),Sets the achievable depth resolution and governs downhole elemental fractionation.,Y,Y,Y,,
"Transect Rate, Mapping Rate or Step Size","For continuous line scan (transect) and raster mapping: the stage translation speed in µm s⁻¹. For mapping, the mapping rate (mm² h⁻¹) may be reported as an alternative when scan speed is session-variable. For stepped line profiles: the distance between successive spot positions in µm.",Advanced,Editable,Text (free),"e.g., '5 µm s⁻¹ (transect)' | '9 µm s⁻¹ (raster mapping, 20×20 µm spot, 20 Hz)' | '20 µm step size' | '0.3–30 mm² h⁻¹ (mapping rate range)'",Source: Laser Ablation module,2026-08-25,(none),"Together with spot size and repetition rate, determines spatial resolution along the scan direction.",N,Y,Y,,2–6 µm s⁻¹ (varied based on Sr concentration in target minerals)
Raster Line Spacing (Mapping Only),"Distance between adjacent raster lines in a 2D elemental map, measured perpendicular to the scan direction, in micrometres. Applies to raster mapping only.",Basic,Editable,Text (free),"20 µm (contiguous, equal to spot size) | 15 µm pitch with 5 µm gap between lines | N/A (spot or line-scan mode)",Source: Laser Ablation module,2026-08-25,(none),"Together with spot size, this determines whether adjacent lines are contiguous (line spacing = spot size), overlapping (line spacing < spot size), or have gaps (line spacing > spot size).",N,N,Y,,N/A (transect — single line)
Carrier Gas and Flow Rate,"Gas used to transport ablated aerosol from the ablation cell to the ICP-MS torch, with the procedure-registered target flow rate(s). Helium is standard for most UV laser systems due to superior aerosol transport. Flow rates are procedure targets; actual session values may be adjusted within ±10% during tuning.",Basic,Editable,Text (free),"e.g., 'He, 0.75 l min⁻¹' | 'He: MFC-1 (cell) 0.60 l min⁻¹ + MFC-2 (cup) 0.35 l min⁻¹'",,2026-07-24,(none),,Y,Y,Y,,"He, 0.90 l min⁻¹ (two-volume cell)"
Make-up Gas and Flow Rate,"Supplementary gas added to the sample-carrying stream between the sample introduction system and the plasma, with its identity and the procedure-registered target flow rate. Record any small nitrogen or hydrogen addition with its own flow, whose unit commonly differs from the make-up flow. Record 'None' explicitly where no supplementary gas is added, to distinguish it from not reported.",Advanced,Editable,Numeric (L/min) / Text,"e.g., 'Ar make-up gas, 0.95 l min⁻¹' | 'Ar make-up 0.80 l min⁻¹ + N₂ 2 ml min⁻¹ (sensitivity enhancement)' | 'None (no N₂ added)'",Source: ICP-MS module,2026-08-25,(none),"Argon make-up is standard and maintains total gas delivery where the carrier flow alone is insufficient — downstream of an ablation cell, or of a desolvation system that has removed solvent load. Small nitrogen or hydrogen additions enhance sensitivity for some elements.",Y,Y,Y,,Ar make-up (flow rate not separately stated); N₂ 12 ml min⁻¹ added via Y-connector downstream of signal-smoothing device
Coolant (Plasma) Gas Flow Rate,"Flow rate of the outer (coolant/plasma) argon gas stream that sustains the ICP plasma, in L/min. Set during initial plasma optimisation and confirmed at each session start.",Basic,Editable,Numeric (L/min),14 L/min | 15 L/min | Other: specify,,2026-08-25,(none),Determines plasma volume and stability.,Y,Y,Y,,Cool gas: 16.0 l min⁻¹ Ar
Auxiliary Gas Flow Rate,"Flow rate of the intermediate (auxiliary) argon gas stream that positions the plasma relative to the load coil, in L/min. Distinct from the carrier gas (which transports ablation aerosol) and the coolant (plasma) gas.",Basic,Editable,Numeric (L/min),0.8 L/min | 1.0 L/min | 1.2 L/min | Other: specify,,2026-08-25,(none),Affects ion extraction efficiency and oxide production rates.,Y,Y,Y,,Auxiliary: 0.80 l min⁻¹ Ar
RF Power,ICP radiofrequency forward power in watts. The procedure registers a target value optimised during initial setup; the analyst confirms or fine-adjusts during session tuning.,Basic,Editable,Numeric (W),"e.g., 800 W | 1200 W | 1350 W | 1550 W",,2026-08-25,(none),"Affects plasma temperature, ionisation efficiency, oxide formation, and whether cool or normal plasma conditions are in effect.",Y,Y,Y,,1250 W
Plasma Thermal Mode,Whether the ICP plasma is operated under cool plasma (≤900 W RF) or normal (hot) plasma (>1000 W RF) conditions. This is a fundamental method design choice that determines which interference corrections are necessary and should be documented independently of the RF Power field.,Basic,Read-Only,Controlled list,Normal plasma (>1000 W RF) | Cool plasma (≤900 W RF) | Mixed: specify mode per analytical sub-run | N/A | None | Other: specify,,2026-08-25,(none),"Cool plasma substantially reduces argide-based polyatomic interferences (e.g., ⁴⁰Ar on ⁴⁰Ca, ⁴⁰Ar⁴⁰Ar on ⁸⁰Se).",Y,Y,Y,,N
Signal Smoothing,"Description of any signal smoothing device or approach installed between the ablation cell and the ICP-MS to reduce pulse-to-pulse signal variability. Note: active signal smoothing devices (e.g., squid, SCFAST) are generally incompatible with high-resolution raster mapping because they degrade spatial resolution by mixing aerosol from successive laser shots. For mapping analyses, report ""None"" explicitly.",Advanced,Editable,Text (free),"e.g., 'Squid 2.0 (laurin technik)' | 'ARIS (Aerosol Rapid Introduction System)' | 'None'",,2026-05-14,(none),,Y,Y,Y,,Signal-smoothing device used downstream from ablation cell (model not specified); significantly reduced short-term signal variability
ICP Tuning,"Description of the approach used to optimise ICP plasma conditions prior to analysis, including the reference material used for tuning and the acceptance criteria (e.g., oxide production threshold, sensitivity targets, mass calibration).",Advanced,Editable,Text (free),"e.g., 'Daily auto-tune on NIST SRM 612; optimised for max sensitivity on ¹³⁹La and ²³²Th with ThO⁺/Th⁺ <0.5% and U/Th = 1.0 ± 0.05'",Source: ICP-MS module,2026-08-25,(none),,Y,Y,Y,,"NIST 610 used to optimize He/Ar gas flows, torch position, RF power, and source lens settings for max sensitivity and peak flatness; small N₂ added downstream"
Instrument Sensitivity,"Instrument sensitivity achieved in the session, with the isotope or channel it was measured on and the conditions it applies to. May be expressed either as detected signal per unit concentration or per unit mass of analyte delivered — counts per second per ppb, volts per ppm, counts per picogram — or as useful yield, the percentage of sampled atoms ultimately detected as ions, with the method used to derive it cited. A sensitivity the procedure requires before analyses may begin belongs with the tuning acceptance criteria.",N/A,Advanced,Numeric + unit / Text,"e.g., '0.42% useful yield (U, method of Horstwood et al. 2016)' | '0.1% useful yield (analytes, msfs-LA-ICP-MS)' | '1.2 x 10^6 cps/ppb on 115In' | 'N/A'",Source: ICP-MS module,2026-08-25,channel,"Useful yield is the more comparable of the two wherever the amount of material consumed varies between procedures, as it does with spot size, fluence and repetition rate.",Y,Y,Y,,
Oxide Production Method and Threshold,"Method used to quantify plasma oxide production and the acceptance threshold applied before commencing analysis. Record both the monitored mass ratio(s) and the maximum allowed threshold(s). Measured values are recorded in Oxide Production. The ThO⁺/Th⁺ ratio (mass 248/232) is most widely used, but UO⁺/U⁺ (mass 254/238) or CeO⁺/Ce⁺ (mass 156/140) may also be used.",Basic,Read-Only,Text (free),"e.g., 'ThO⁺/Th⁺ (248/232) <0.5%' | 'ThO⁺/Th⁺ <0.3%; UO⁺/U⁺ monitored at 0.95–1.05' | 'CeO⁺/Ce⁺ <1.0%'",,2026-08-12,(none),,Y,Y,Y,,N
Oxide Production,"Measured oxide production ratio obtained during session-start tuning, for the proxy specified in Oxide Production Method and Threshold. Record the measured value and confirm whether the procedure threshold was met.",N/A,Basic,Text (free),"e.g., 'ThO⁺/Th⁺ = 0.3% (threshold <0.5% met)' | 'ThO⁺/Th⁺ = 0.08%' | 'CeO⁺/Ce⁺ = 0.7% (threshold <1.0% met)'",Source: ICP-MS module,2026-08-25,(none),,Y,Y,Y,,N
Doubly-Charged Species Monitor,The mass ratio monitored to estimate doubly-charged ion (M²⁺) formation during instrument tuning. Doubly-charged ions appear at half the mass of the parent ion and can cause isobaric interferences on analytes in that mass region. The monitor species and the mass positions monitored should be stated explicitly. Analogous to Oxide Production Method and Threshold for oxide monitoring.,Advanced,Editable,Text (free),¹³⁸Ba²⁺/¹³⁸Ba⁺ (m/z 69/138); Ce²⁺/Ce⁺ (m/z 70/140); ²³⁸U²⁺/²³⁸U⁺ (m/z 119/238),,2026-05-14,(none),,Y,Y,Y,,
Doubly-Charged Species Production,"Measured percentage of doubly-charged ion production for the monitored species at the time of instrument tuning. The procedure should specify the acceptable threshold (e.g., <1%, <3%); the measured value for each session is recorded here. Report both the threshold and the measured value where possible.",Advanced,Editable,Text (free),"<1% (threshold); 0.4% (measured, ¹³⁸Ba²⁺/¹³⁸Ba⁺); N (not reported)",,2026-07-24,(none),,Y,Y,Y,,
Instrument Warm-up / Session Duration Limit,"Minimum warm-up time required after plasma ignition before analyses begin, and any maximum session duration enforced to maintain stable operating conditions.",Advanced,Read-Only,Text (free),"e.g., '≥30 min warm-up after sample change; sessions ≤8 h after tuning' | '3–4 h warm-up; no session duration limit'",Source: ICP-MS module,2026-08-25,(none),,Y,Y,Y,,N
Analysis Sequence,"Repeating order of primary calibration standard(s), quality control standard(s), and unknown analyses within a measurement session. Editable to allow minor adjustments while maintaining the bracketing strategy defined in the procedure.",Basic,Editable,Text (free),"e.g., '1 primary std / 1 QC / 10 unknowns' | '2/4/15' | 'Calibration at start and end; unknowns in between'",,2026-07-24,(none),,Y,Y,Y,,14 reference glasses analyzed to evaluate accuracy and provide calibration factors; natural minerals as unknowns for data quality evaluation; 1 block of 120 cycles per analysis
Analyte,"The chemical species this procedure is designed to determine, recorded at whatever resolution the chemistry is resolved — element(s) for this technique; valence species where a procedure resolves oxidation state; compounds where it resolves molecules. Isotopes are not analytes: isotopes of an element are the same chemical species. The subset actually measured may be narrower than the registered suite where species were excluded due to interferences or scope reduction.",Basic,Editable,Text (free),"e.g., 'Major elements: Mg, Si, Ca, Fe; Trace elements: Sc, V, Cr ... U' | 'All REE: La-Lu'",Source: Analyte module,2026-08-25,defines: analyte,,Y,Y,Y,,"L4 (⁸³Kr), L3 (¹⁶⁷Er²⁺), L2 (⁸⁴Sr), L1 (⁸⁵Rb), C (⁸⁶Sr), H1 (¹⁷³Yb²⁺), H2 (⁸⁷Sr), H3 (⁸⁸Sr) (7 cups monitoring Kr, Rb, Er, Yb, Sr)"
Monitored Masses,"Specific masses monitored in this procedure, grouped by the analyte element they serve where they serve one. Covers atomic isotopes and, where a reaction cell shifts an analyte onto a different mass, the product mass actually measured. Includes interference-monitor and internal-standard masses, which serve no analyte and so have no parent element. The analyte list is given by the Analyte field and is never inferred from the element symbols appearing here.",Basic,Read-Only,Text (free),⁷Li | ²⁵Mg | ⁵⁶Fe | ²⁰⁸Pb | N/A | None | Other: specify,,2026-08-17,analyte,,Y,Y,Y,,
Reported Variables and Units,"The final variable(s) this procedure reports and their units — distinct from the fields recording what was *acquired* rather than what is reported. Record every reported variable, including intermediate quantities reported alongside final ones (e.g. both the 206Pb/238U ratio and the 206Pb/238U date). Where a reported variable is a nominal property with no magnitude (e.g. a mineral identification), record the variable and give the unit as 'N/A — nominal property'.",Basic,Read-Only,Text (free),"e.g., 'Element concentrations in ug/g; 2SE per analyte' | '207Pb/206Pb, 206Pb/238U, 207Pb/235U (radiogenic, common-Pb corrected), absolute ratios with 2-sigma'",Source: Core module,2026-08-25,defines: reported property,A procedure may acquire many channels and report a small number of derived quantities; without this field a data consumer cannot tell which.,Y,Y,Y,,
Mass Resolution Assignment,"Mass resolution mode assigned to each acquired mass. The selected resolution determines which polyatomic interferences are physically resolved by the magnetic sector. One analyte may be acquired at more than one resolution, so the assignment is per acquired mass rather than per element. The overall mode(s) used in the procedure are recorded in Mass Resolution Setting (Group 3).",Basic,Read-Only,Text (free),"LR: Ag, Cd, Sb, Tl, Bi; MR: Ga, Ge, Mo, In, Sn, W | All LR (m/Δm ≈ 300) | N/A | None | Other: specify",,2026-08-12,channel,,Y,Y,Y,,
Ion Counter Dead Time,"Dead time of each ion-counting detector channel, used in the dead-time correction applied to high count rates. Distinct from pulse/analog cross-calibration, which relates the two detector modes rather than correcting counting losses within the pulse-counting mode.",Basic,Editable,Numeric (ns),"e.g., '23' | '23 ns (determined from NIST 612 at varying spot size, checked quarterly)'",Source: ICP-MS module,2026-08-25,channel,,Y,Y,Y,,
Collision Gas Type,Type of collision gas introduced into the collision/reaction cell in KED mode. Helium (He) is the standard collision gas for kinetic energy discrimination due to its low mass and chemical inertness. Record 'None' if the CRC is in STD mode or not installed. Record 'N/A' where Collision/Reaction Cell (CRC) Configuration does not include KED.,Basic,Read-Only,Controlled list / Text,He | H2 | He+H2 | N/A | None,,2026-08-17,channel,,Y,Y,Y,,
Collision Gas Flow Rate,"Flow rate of the collision gas (typically He) introduced into the collision/reaction cell, in mL/min. Controls the degree of ion thermalization and KED efficiency. Record 'None' if the CRC is in STD mode. Record 'N/A' where Collision/Reaction Cell (CRC) Configuration does not include KED.",Basic,Editable,Numeric (mL/min),3.5 mL/min | 4.0 mL/min | None (STD mode) | N/A,,2026-08-11,(none),,Y,Y,Y,,
Cell Exit Discrimination Voltage,"Bias voltage applied at the collision/reaction cell exit to discriminate between analyte ions and low-energy polyatomic interferences in KED mode, in volts (V). A negative bias preferentially retards slow polyatomic ions while transmitting faster analyte ions. Record 'None' if the CRC is in STD mode. Record 'N/A' where Collision/Reaction Cell (CRC) Configuration does not include KED.",Basic,Editable,Numeric (V),−5 V | −8 V | None (STD mode) | N/A,,2026-08-11,(none),,Y,Y,Y,,
Reaction Gas Type,"Type of reactive gas introduced into the dynamic reaction cell (DRC) for interference removal through ion-molecule reactions. Common reaction gases include NH₃ (e.g., for Fe, Ca, K isotopes) and O₂ (e.g., for As, Ge). Record 'None' if DRC mode is not used. Record 'N/A' where Collision/Reaction Cell (CRC) Configuration does not include DRC.",Advanced,Read-Only,Controlled list / Text,NH3 | O2 | CH4 | N/A | None,,2026-08-17,channel,,Y,Y,Y,,
Reaction Gas Flow Rate,"Flow rate of the reactive gas introduced into the dynamic reaction cell (DRC), in mL/min. Record 'N/A' where Collision/Reaction Cell (CRC) Configuration does not include DRC.",Advanced,Editable,Numeric (mL/min),0.4 mL/min | 0.8 mL/min | None | N/A,,2026-08-11,(none),,Y,Y,Y,,
Background Count Time,"Total time spent measuring gas blank (background signal with laser off or shutter closed) before each ablation event, in seconds. For spot and transect analysis, a discrete background interval is measured before each ablation. For mapping, background is typically measured once per raster line or at the start of a map session rather than before each individual pixel. Editable to allow session-specific adjustment.",Basic,Editable,Numeric (s),"e.g., '30 s (spot/transect)' | '10 s per raster line (mapping)' | '25 s (one gas blank map per GRM at session start)'",,2026-05-06,(none),,Y,Y,Y,,30 cycles × 0.524 s ≈ 15.7 s (first 30 cycles of the 120-cycle block with no laser ablation)
Multi-Run Sequential Analysis Design,"Whether the procedure uses a single acquisition pass or multiple sequential runs on the same sample location, each optimized for different analytical objectives. For multi-run designs, describe the number of runs, their purpose, key laser and instrument settings per run, and how outputs of one run feed into data reduction of another. Not applicable to raster mapping, where each spatial location is visited exactly once.",Advanced,Read-Only,Text (free),"e.g., Single run | Two sequential runs: run 1 (major elements, 30 µm circular, medium resolution) → run 2 (trace elements, 130 µm circular, low resolution; Cr from run 1 as IS) | Pre-ablation pass + single acquisition run",,2026-08-11,(none),,Y,Y,N,,Single line scan per location (1 block of 120 cycles at 0.524 s integration)
Analysis Location/Spot Coordinates,"Location of the analysis on the sample surface. For spot and transect analysis: stage coordinates (X, Y in µm) or a description relative to a named reference feature (e.g., mineral rim, inclusion boundary). For mapping: coordinates of the map corner(s) or centre, plus map dimensions.",N/A,Basic,Text (free),"e.g., 'X = 12350 µm, Y = 8760 µm (stage coordinates)' | '500 µm from metal-olivine rim toward core' | 'Map centre: X=15000, Y=9000 µm; area: 1450×600 µm'",Source: Laser Ablation module,2026-08-25,sample > sampling unit,Enables spatial reconstruction and co-registration with other analytical images.,Y,Y,Y,,N
Number of Replicates,"Number of replicate measurements performed on the same sample, or on the same nominal location where the technique is spatially resolved. For spot analysis this is the number of individual spots per grain or location; for transects, the number of replicate lines; for mapping, the number of map acquisitions of the same area; for solution work, the number of discrete replicate measurements acquired per sample solution. The procedure registers an intended count where it has one; the analysis records the count actually acquired.",Advanced,Basic,Integer,"e.g., 3 (three replicate spots per grain) | 1 (single transect) | 1 (single map)",,2026-08-17,(none),,Y,Y,Y,,N (variable; 12–30 analyses per mineral phase per meteorite)
Transect Length,"Total length of the transect line analysed in micrometres. Scan speed is captured separately in Transect Rate, Mapping Rate or Step Size.",N/A,Basic,Numeric (µm),"e.g., 500 µm | 1200 µm | 3000 µm",Source: Laser Ablation module,2026-08-25,(none),Depends on the size of the feature of interest rather than being fixed in the procedure.,N,Y,N,,"Variable; analyses of plagioclase, pyroxene, glass in two lunar meteorites (NWA 10597 and NWA 6950); line length varies by mineral grain size"
Mapping Area,"Total area covered by the 2D raster map, expressed as width × height in µm or as total area in µm² or mm². This is an analysis-level parameter because it depends on the size of the grain or phase to be mapped. The procedure fixes scan speed, line spacing, and spot size; the map area is chosen at analysis time to cover the target feature.",N/A,Basic,Text (free),"e.g., '1450×600 µm (870,000 µm²)' | '200×200 µm' | '0.5 mm²'",,2026-07-24,(none),,N,N,Y,,N/A
Collector Configuration,"Assignment of isotope masses to Faraday cup or ion counter detector positions for this procedure, and the analyte each position serves. Lists the mass number monitored in each collector position with its analyte element where it has one — e.g. 'L3=116Sn (Sn); L2=117Sn (Sn); Ax=120Sn (Sn); H1=121Sb (interference monitor, no analyte)'. Interference-monitor and internal-standard positions serve no analyte and carry no parent element; the analyte list itself is given by the Analyte field and is never inferred from the mass labels here. For static multi-collection procedures, one configuration applies throughout the measurement. For multi-dynamic procedures, list all configurations and the cycling sequence.",Basic,Read-Only,Text (free),,Source: MC-ICP-MS module,2026-08-25,defines: channel per analyte,Different element systems require different mass assignments within the collector array span.,Y,Y,Y,,
Number of Blocks per Measurement,"Number of measurement blocks acquired per sample or standard solution introduction. In MC-ICP-MS, data are structured as blocks of cycles; each block typically begins with a baseline (on-peak zero) measurement before the analytical cycles. Adjust for samples with low signal or where higher precision is required.",Basic,Editable,Integer,,Source: MC-ICP-MS module,2026-08-25,(none),Multiple blocks per sample allow inspection of signal stability and within-measurement drift.,Y,Y,Y,,
Number of Cycles per Block,Number of measurement cycles acquired per block. One cycle corresponds to a single set of simultaneous Faraday cup readings integrated for the duration specified in Integration Time per Cycle. Total integration time per sample = (Number of Cycles per Block) × (Integration Time per Cycle) × (Number of Blocks per Measurement).,Basic,Editable,Integer,,Source: MC-ICP-MS module,2026-08-25,(none),,Y,Y,Y,,
Integration Time per Cycle,"Duration of signal integration per measurement cycle (seconds). Where different isotope channels use different integration schemes, record the time for each channel.",Basic,Editable,Numeric (s),,Source: MC-ICP-MS module,2026-08-25,channel,"Determines counting statistics per cycle. Longer integration times improve shot-noise precision but increase the impact of signal drift within the integration window. For high-gain (10¹² or 10¹³ Ω) amplifier channels, longer integration times are often required to accumulate sufficient charge.",Y,Y,Y,,0.524 s integration time per cycle (one block of 120 cycles = 62.88 s total)
Baseline Measurement Approach,"Method and timing for measuring the ion beam baseline (on-peak zero) during acquisition, and the portion of the acquisition it is taken from. Three approaches are in use: deflecting the ion beam (beam-off or electrostatic deflector); aspirating an acid blank; or collecting a defined number of laser-off cycles at the start of the same block. State which, and how many cycles or how long.",Basic,Read-Only,Text (free),,Source: MC-ICP-MS module,2026-08-25,(none),"The choice depends on how sample reaches the plasma — an acid blank applies only to solution introduction, and for laser ablation no blank can be aspirated mid-ablation.",Y,Y,Y,,
Peak Flatness Method and Threshold,"Method used to verify that every collector sits on a flat region of its peak top simultaneously, and the acceptance threshold applied before analysis begins. Typically assessed by scanning across the peak plateau, or by comparing ratios measured at slightly offset mass positions.",Basic,Read-Only,Text (free),,Source: MC-ICP-MS module,2026-08-25,(none),"Specific to simultaneous collection: a sequential instrument centres one mass at a time, whereas a multi-collector array must have all cups on flat peak tops at once or the measured ratio carries a peak-shape bias that no downstream correction removes.",Y,Y,Y,,
Peak Flatness,"Peak flatness actually achieved in the session, assessed against the criterion registered by the procedure.",N/A,Basic,Text (free),,Source: MC-ICP-MS module,2026-08-25,(none),"Companion measured value to Peak Flatness Method and Threshold, following the criterion-versus-measurement split used for Oxide Production.",Y,Y,Y,,
,,,,,,,,,,,,,,
5. Data Processing,,,,,,,,,,N,N,N,N,N
Internal Standard Approach,"Method used to determine the internal standard (IS) concentration for each unknown sample, used to correct for variable ablation yield between analyses. The approach is a fundamental procedure design choice that cannot be changed by analysts.",Basic,Read-Only,Text (free),"e.g., 'Single element from EPMA (SiO₂ wt% used as IS)' | 'Sum-of-major-oxide normalization to 100% (Liu et al. 2008)' | 'Stoichiometry-derived (Ca fixed at 10.1 wt% for calcite)' | 'No IS — external calibration only'",,2026-08-26,(none),,Y,Y,Y,,No conventional IS; external calibration only (Rb/Sr elemental fractionation corrected by series of reference glasses; 87Sr/86Sr mass bias corrected by exponential law using 88Sr/86Sr = 8.37521)
Internal Standard Element,"Element(s) used as the internal standard, and how the IS concentration value was determined for unknown samples. For mapping procedures using oxide-sum normalization, report ""None (oxide-sum normalization)"" and cite the method reference.",Basic,Read-Only,Text (free),"e.g., '²⁹Si; SiO₂ wt% from EPMA' | '⁵³Cr; measured in preceding major-element run (run 1)' | 'None — sum of MgO+FeO+SiO₂+P₂O₅ = 100 wt% (Liu et al. 2008)'",,2026-07-24,(none),,Y,Y,Y,,No conventional IS; ⁸⁵Rb used to calculate ⁸⁷Rb/⁸⁶Sr via 87Rb/85Rb; external calibration for Rb/Sr elemental fractionation using reference glasses
Per-Analyte Calibration Strategy,"Documents cases where different analytes or analyte groups within the same session are calibrated using different strategies — for example, one element used as the internal standard while trace elements are calibrated by an external reference material, or different primary standards applied to different mass ranges or mineral phases. If a single calibration strategy applies uniformly to all analytes, state that here and refer to Internal Standard Approach and Normalization / Standards-Based Correction for details. Free text; list the strategy for each analyte or analyte group as needed.",Basic,Read-Only,Text (free),Single strategy: ⁴³Ca IS for all analytes (see Internal Standard fields); Multi-strategy: ⁴³Ca IS for major elements; NIST 610 external calibration for REEs; Fe+Ni+Co sum normalization for PGEs,,2026-08-12,analyte,,Y,Y,Y,,
Elemental Fractionation Correction,"Method used to correct for laser-induced elemental fractionation (LIEF), including downhole fractionation during prolonged ablation, matrix-dependent fractionation between sample and calibration standard, and any specific correction algorithm applied. Reference the software function or publication.",Basic,Read-Only,Text (free),"e.g., 'Normalised to NIST SRM 612; no additional downhole correction' | 'Exponential downhole fractionation correction in Iolite using NIST SRM 612' | 'Linear time-drift correction applied per analysis'",,2026-05-06,(none),,Y,Y,Y,,Femtosecond laser substantially reduces elemental fractionation; no explicit downhole correction; Rb/Sr elemental fractionation corrected externally by analyzing series of reference glasses; exponential law for Sr isotope mass bias (88Sr/86Sr = 8.37521)
Mass Bias Correction Strategy,"Strategy used to correct instrumental isotopic mass fractionation, also called mass bias or mass discrimination. Distinct from Elemental Fractionation Correction, which addresses inter-element fractionation during ablation and transport: this field addresses discrimination between isotopes of the same element, and applies wherever the procedure reports isotope ratios.",Basic,Read-Only,Text (free),"e.g., 'Standard-sample bracketing against NIST 612' | 'Co-aspirated Tl, exponential law' | 'None (elemental concentrations only)'",,2026-08-08,(none),,Y,Y,Y,,
Uncertainty Level,"The convention at which reported uncertainties are quoted — 1-sigma, 2-sigma, or a 95% confidence interval — and whether a measured spread is reported as a standard error or a standard deviation. State the convention applying to all values reported under this procedure, and state each separately where different reported quantities use different conventions. Distinct from Uncertainty Propagation Method, which addresses how component uncertainties are combined rather than how the result is quoted.",Basic,Read-Only,Controlled list / Text,2σ (95% confidence) | 1σ (68% confidence) | 95% confidence interval | 2 standard errors (2SE) | 1 standard deviation (1SD) | N/A | None,Source: ICP-MS module,2026-08-25,(none),A reported uncertainty is not interpretable without it: the same numeric value means different things at 1-sigma and at 95% confidence.,Y,Y,Y,,
Uncertainty Propagation Method,"The approach used to propagate analytical uncertainty through the data reduction chain to the final reported value. State which sources are included in the propagation: counting statistics, calibration standard uncertainty, internal standard uncertainty, drift correction, and any systematic contributions. Distinct from Uncertainty Level, which states the convention at which the resulting uncertainty is quoted.",Advanced,Editable,Text (free),"e.g., Counting statistics only (1σ on integrated signal, Longerich et al. 1996) | SD of n replicate analyses used as combined uncertainty estimate | Full propagation: counting + calibration standard + IS uncertainty (specify formula)",Source: ICP-MS module,2026-08-25,reported property,,Y,Y,Y,,Standard error (SE = SD/√n) for repeatability within individual runs; assessed separately for 87Sr/86Sr and 87Rb/86Sr using signal intensity regression
Matrix Offset Correction (LIEF),Whether an empirical correction was applied to account for systematic differences in laser-induced elemental fractionation (LIEF) patterns between the external calibration standard and the sample matrix.,Advanced,Read-Only,Text (free),"e.g., 'Applied: 6.4% offset in Ca/Si determined by comparison with EPMA (Jenner & O'Neill 2012)' | 'Not applied; Ca used as IS to cancel LIEF offset' | 'Not applicable'",,2026-05-06,(none),,Y,Y,Y,,N (fs laser minimizes LIEF)
Signal Integration Interval Method,"Approach used to select the stable signal interval for integration during data reduction, and to exclude anomalous signals from inclusions or cracks. For spot/transect analysis: involves identifying and excluding transient start/end instabilities within the time-resolved signal. For mapping analysis: corresponds to defining Volumes of Interest (VOIs) or applying phase masks across the 2D map (e.g., manual selection, automated clustering, threshold-based masking).",Basic,Read-Only,Text (free),"Manual visual inspection per analysis | Automated threshold (specify software and threshold) | Fixed time window applied uniformly | k-means clustering on multi-element map data | Phase mask applied using elemental threshold (e.g., P₂O₅ to exclude veinlets)",,2026-05-06,(none),,Y,Y,Y,,Regions of integration for gas background and sample signal selected first; cycles at beginning and end of ablation discarded; for heterogeneous minerals (unstable 87Rb/86Sr): SUIA (Smallest Unit Isochron Age) data reduction strategy applied per cycle
Signal Integration Time,"Actual integration time used for the ablation signal in this analysis, in seconds. This is an analysis-level outcome determined during data reduction by applying the Signal Integration Interval Method to the time-resolved signal. Not applicable to mapping analysis: for mapping, the equivalent concept is the per-pixel cycle time, which is determined by the spectrometer dwell time settings (a procedure-level field) rather than being an analysis-level outcome.",N/A,Basic,Numeric (s),"e.g., 40 s | 60 s",,2026-08-25,(none),It is equal to or shorter than the Ablation Duration per Spot because the signal start and end transients are typically discarded.,Y,Y,N,,60–70 cycles × 0.524 s ≈ 31–37 s (final integrated signal window after discarding beginning and end cycles from 90 acquired cycles)
Spike / Outlier Filtering Approach,"Method used to identify and remove anomalous signal spikes arising from micronuggets, inclusions, cracks, or instrument artifacts during time-resolved signal processing. Editable because the specific implementation may vary between sessions while remaining within the procedure framework.",Advanced,Editable,Text (free),"e.g., 'Significant single spikes visually identified and removed in Iolite' | 'Statistical filter: data points >3σ from running mean removed' | 'No filtering applied' | 'Automated spike detection in SILLS'",,2026-07-24,(none),,Y,Y,Y,,Cycles with 87Rb/86Sr >1 deleted (invalid Rb interference correction); cycles with 88Sr signal <0.2 V discarded (poor precision); SUIA method applied to heterogeneous minerals
Blank / Background Correction Method,"Method used to subtract the gas blank (background signal with laser off) from the ablation signal. For spot and transect analysis: typically the mean of a pre-ablation gas blank interval is subtracted per isotope per analysis. For mapping: background may be subtracted per raster line, per map session, or using a separate gas blank map acquired under identical conditions.",Basic,Read-Only,Text (free),"e.g., 'Mean of 30 s pre-ablation gas blank subtracted per isotope per analysis' | 'Separate gas blank map (10 adjacent lines, laser off) acquired for each GRM; mean used for subtraction'",,2026-05-06,(none),,Y,Y,Y,,First 30 cycles (no laser ablation) used for background collection; background Kr⁺ signals removed by correction; no additional Kr peak stripping applied
Isobaric Interference Corrections Applied,"Whether isobaric interference corrections were applied for any measured isotope in this procedure. A procedure-level Boolean: if the procedure includes interference corrections, this is always Yes. Detail for each affected mass is captured in Interfering Species and Interference Correction Method.",Basic,Read-Only,Boolean,Yes | No,,2026-08-12,(none),,Y,Y,Y,,Yes — correction for doubly charged ions: ¹⁶⁸Er²⁺ on ⁸⁴Sr; ¹⁷⁰Er²⁺ and ¹⁷⁰Yb²⁺ on ⁸⁵Rb; ¹⁷²Yb²⁺ on ⁸⁶Sr; ¹⁷⁴Yb²⁺ on ⁸⁷Sr; ⁸⁷Rb isobaric on ⁸⁷Sr (corrected using 85Rb signal and exponential law)
Interfering Species,"Elemental or molecular species (oxides, argides, doubly charged ions) overlapping with the measured isotope.",Basic,Read-Only,Text (free),"e.g., '⁸⁷Rb on ⁸⁷Sr; ¹⁷⁰Yb²⁺ on ⁸⁵Rb' | '⁴⁰Ar³¹P⁺ on ⁷¹Ga; ⁴⁴Ca¹⁶O⁺ on ⁶⁰Ni' | '¹³⁷Ba¹⁶O⁺ on ¹⁵³Eu' | 'None'",,2026-08-11,channel,,Y,Y,Y,,¹⁶⁸Er²⁺ on ⁸⁴Sr; ¹⁷⁰Er²⁺ + ¹⁷⁰Yb²⁺ on ⁸⁵Rb; ¹⁷²Yb²⁺ on ⁸⁶Sr; ¹⁷⁴Yb²⁺ on ⁸⁷Sr; ⁸⁷Rb on ⁸⁷Sr (isobaric)
Interference Correction Method,"Equation or procedure used to correct for isobaric interferences, including the production rate factor and the reference material used to measure it.",Basic,Read-Only,Text (free),"e.g., 'Mathematical correction: ⁸⁷Sr_corrected = ⁸⁷Sr_measured − f(⁸⁷Rb/⁸⁵Rb) × ⁸⁵Rb' | 'Cool plasma (800 W) reduces ⁴⁰Ar-based argides by >90% for ⁶⁰Ni and ⁷¹Ga' | 'KED mode (He collision gas 4 ml min⁻¹) suppresses polyatomic interferences'",,2026-08-11,channel,,Y,Y,Y,,Sequential interference correction: (a) doubly charged Er and Yb corrections on Sr masses using measured 167Er²⁺ and 173Yb²⁺ signals and natural isotope ratios; (b) 87Rb isobaric correction on 87Sr using measured 85Rb signal and user-specified 87Rb/85Rb calculated from exponential law for mass bias
Isotope Dilution Data Reduction Method,Mass balance approach used to calculate sample mass fractions from spike-sample isotope ratio measurements in isotope dilution (ID) analysis. Record 'None' if isotope dilution is not used.,Basic,Read-Only,Text (free),IUPAC isotope dilution equations | Double-spike inversion | None | N/A | Other: specify,,2026-06-17,(none),,Y,Y,Y,,
Memory Effect Mitigation,"Procedure applied to identify and minimise memory effects from high-concentration elements in the previous sample or standard that may contaminate subsequent analyses, or from incomplete aerosol washout between adjacent pixels in raster mapping mode. For mapping, the mitigation strategy involves controlling scan speed relative to washout time to ensure each pixel signal is sufficiently free of the preceding pixel's contribution.",Advanced,Editable,Text (free),"e.g., 'Extended washout (≥60 s He flush) between high-concentration standards and unknowns' | 'Scan speed set so that washout time (<1 s) is shorter than pixel acquisition interval' | 'None required for this element suite'",,2026-07-24,(none),,Y,Y,Y,,N (no memory effect mitigation described; line scan mode with no return to same location)
Normalization / Standards-Based Correction,"Any post-acquisition normalization applied to correct for systematic biases identified from secondary reference materials, or stoichiometric normalization applied per pixel in mapping. Distinct from the primary internal standard approach captured in Internal Standard Approach.",Advanced,Editable,Text (free),"e.g., 'None' | '100% oxide sum normalization applied per pixel to enforce mass balance (Liu et al. 2008)' | 'Normalized to ⁸⁸Sr/⁸⁶Sr = 8.37521 for mass bias correction in Sr isotope analysis'",,2026-05-06,reported property,,Y,Y,Y,,⁸⁸Sr/⁸⁶Sr = 8.37520933 used for Sr isotope mass fractionation correction (exponential law); ⁸⁷Rb/⁸⁵Rb = 0.385706 and ⁸⁶Sr/⁸⁸Sr = 0.119351 for ⁸⁷Rb/⁸⁶Sr calculation; external calibration factor from reference glasses applied to correct Rb/Sr elemental fractionation
Calibration Factor and Determination Method,"An externally-calibrated factor that converts the measured quantity into the reported quantity, how it was determined, and its uncertainty. Applies where the conversion depends on a factor calibrated against a reference of independently known value, rather than on the instrument response alone. Distinct from the fields that name the calibration material and that state which approach applies to which analyte, where the technique has them: this field records the resulting factor itself.",Basic,Editable,Text (free),,Source: Calibration Factor module,2026-08-25,reported property,,Y,Y,Y,,
Procedural Blank Level,"The measured level of the analytical blank in the session, and — where the reported quantity is a ratio — its composition, since a blank subtracted from a ratio biases the result unless its own composition is known. Companion to the blank correction method.",N/A,Basic,Text (free),,Source: Blank module,2026-08-25,(none),Follows the criterion-versus-measurement split the library applies wherever a procedure sets a threshold and an analysis reports a value against it.,Y,Y,Y,,
Analysis Inclusion and Rejection Criteria,"The rules determining which individual analyses contribute to a reported aggregate result, together with the outcome of applying them: how many analyses were acquired, how many were included, and on what grounds any were excluded. Distinct from within-analysis outlier filtering, which removes anomalous points inside a single analysis: this field decides which whole analyses enter the reported value.",Basic,Basic,Text (free),,Source: Aggregation module,2026-08-25,(none),"Criteria and outcome are combined in one field because neither is interpretable without the other, following the precision/accuracy precedent.",Y,Y,Y,,
Mass Fractionation Law,"Mathematical law used to parameterize instrumental isotope mass fractionation as a function of mass difference. The linear law assumes fractionation proportional to mass difference. The power law is an alternative formulation. For double-spike procedures, the law is embedded in the inversion algorithm and must be consistent between spike calibration and sample data reduction.",Basic,Read-Only,Controlled list,Exponential | Linear | Power | N/A | None | Other: specify,Source: MC-ICP-MS module,2026-08-25,(none),The exponential law (Maréchal et al. 1999) is most widely used and theoretically best justified for MC-ICP-MS.,Y,Y,Y,,
Internal Normalization Element and Isotope Ratio,"Element and isotope ratio used as the internal normalization standard for mass bias correction. Specify the element, the monitored isotope ratio (e.g., 113Cd/111Cd for Sb measurements), and the certified or consensus value used for correction. Record 'N/A' where the procedure does not use internal normalization.",Basic,Read-Only,Text (free),,Source: MC-ICP-MS module,2026-08-25,(none),"The measured ratio of the normalizing element is used to calculate the mass bias factor β using the chosen mass fractionation law, which is then applied to correct the analyte isotope ratios assuming β_norm ≈ β_analyte.",Y,Y,Y,,
Double-Spike Isotope Pair,The pair of enriched isotopes used to construct the double spike. Both isotopes must be naturally rare and free from isobaric interferences. The double spike composition must be accurately calibrated before use. Specify both isotope masses and the spike certificate or calibration reference. Record 'N/A' where the procedure does not use a double spike.,Basic,Read-Only,Text (free),,Source: MC-ICP-MS module,2026-08-25,(none),The pair is chosen to minimise error magnification in the inversion.,Y,Y,Y,,
Double-Spike Mixing Ratio,"Target proportion of double-spike signal relative to total analyte signal in the spiked mixture, expressed as spike fraction (0–1) or spike:sample ratio. The optimum is analyte-system specific and is typically determined using the Double Spike Toolbox or equivalent. The achieved mixing ratio may deviate from the target within acceptable bounds (typically ±20% of optimal); the double-spike inversion corrects for actual mixing ratios. Record 'N/A' where the procedure does not use a double spike.",Advanced,Editable,Text (free),,Source: MC-ICP-MS module,2026-08-25,(none),An optimal mixing ratio minimises error propagation through the double-spike inversion.,Y,Y,Y,,
Double-Spike Inversion Algorithm,"Mathematical algorithm used to simultaneously solve for the true sample isotope ratio and the mass fractionation factor from the measured spike-sample mixture. Common implementations: iterative Newton-Raphson solution, matrix algebraic approach, or published software (e.g., Rudge et al. 2009 Double Spike Toolbox). Specify the algorithm or software reference and version. Record 'N/A' where the procedure does not use a double spike.",Basic,Read-Only,Text (free),,Source: MC-ICP-MS module,2026-08-25,(none),,Y,Y,Y,,
Constants and Reference Values Used,"Physical constants and reference values used in data reduction to calculate the final reported quantity (e.g., decay constants for age calculation, standard isotope ratios, or other citable reference values used in a correction or calculation), together with their source. Distinct from the Group 6 reference-material fields, which document accepted values for specific calibration/validation materials rather than universal physical constants. Record ""None"" if no citable, revisable physical constants feed into this procedure's data reduction.",Basic,Editable,Text (free),"e.g., ""λ238U = 1.55125×10⁻¹⁰ yr⁻¹, λ235U = 9.8485×10⁻¹⁰ yr⁻¹ (Jaffey et al. 1971); 238U/235U = 137.818 (Hiess et al. 2012)"" | ""None""",Source: Core module,2026-08-25,(none),,Y,Y,Y,,
,,,,,,,,,,,,,,
6. Quality Control & Uncertainty,,,,,,,,,,N,N,N,N,N
Primary Calibration Standard Name,"Primary reference material(s) used to calibrate the instrument and convert raw signal intensities to concentrations or isotope ratios. Include material name, source institution, and citation for the accepted values used. Editable because the specific lot or certification vintage may differ between sessions while the material type remains the same.",Basic,Editable,Text (free),"e.g., 'NIST SRM 612 (Jochum et al. 2011, doi:10.1111/j.1751-908X.2011.00120.x)' | 'USGS BCR-2G (GeoReM preferred values, georem.mpch-mainz.gwdg.de)'",,2026-05-06,(none),,Y,Y,Y,,"NIST 610 for instrument parameter optimization; series of reference glasses (NIST 612, BHVO-2G, BCR-2G, NKT-1G, TB-1G, ATHO-G, KL2-G, ML3B-G, StHs6/80-G, T1-G) for external calibration of ⁸⁷Rb/⁸⁶Sr ratio; natural clinopyroxenes (NHB-9, YY12-01) and anorthite (YG4301) as unknown samples for ⁸⁷Sr/⁸⁶Sr data quality evaluation"
Calibration Standard Measurement Frequency,How often the primary calibration standard is measured relative to unknown samples within a session.,Basic,Read-Only,Text (free),Before and after every 5 unknowns | Bracketing every 10 samples | Start and end of session only | N/A | None | Other: specify,,2026-08-25,(none),"For LA-ICP-MS, this defines the bracketing interval between calibration standard ablations used to monitor and correct for instrumental drift.",Y,Y,Y,,N (no explicit drift correction described; external calibration with reference glasses provides correction)
Secondary Reference Materials,"Quality-control reference materials analysed as unknowns alongside samples in the same session to assess accuracy and monitor drift. Include material name, source, and citation for accepted values used for comparison. Editable because selection of secondary RMs may vary across sessions.",Basic,Editable,Text (free),"e.g., 'NIST SRM 610 (Jochum et al. 2011); GOR132-G (Jochum et al. 2006)' | 'BHVO-2G (GeoReM), BCR-2G (GeoReM)'",,2026-08-12,defines: standard,,Y,Y,Y,,Natural clinopyroxenes NHB-9 and YY12-01 (reference values given in Table 2); anorthite YG4301 — measured as unknowns for 87Sr/86Sr data quality evaluation
Detection Limit,"Session detection limit, one per reported concentration variable (one per analyte, these being the same set), expressed in µg g⁻¹, ng g⁻¹, or wt% as appropriate. Mandatory at analysis level to demonstrate the reliability of reported near-detection-limit concentrations. The calculation method is captured separately in Detection Limit Method.",Advanced,Basic,Numeric + unit / Text,"e.g., '0.003 ng g⁻¹ (La), 0.005 ng g⁻¹ (Ce) (3σ background; Longerich et al. 1996)' | 'Range: 0.005–23.5 µg g⁻¹ across all measured isotopes (Pettke et al. 2012)'",,2026-08-24,reported property,,Y,Y,Y,,N (LODs not applicable to isotope ratio measurements; precision and accuracy of 87Sr/86Sr and 87Rb/86Sr assessed instead)
Detection Limit Method,Reference or description of the method used to calculate session detection limits. Mandatory at analysis level. Must be consistent with the method applied to generate the Detection Limit values reported above.,Basic,Read-Only,Controlled list / Text,3σ blank | 3σ background | 3σ counting statistics | 3× blank mean | Poisson statistics | N/A | None,,2026-08-24,reported property,,Y,Y,Y,,N (not applicable; isotope ratio measurements)
Limit of Quantification (LOQ) Method,Reference or description of the method used to calculate the limit of quantification (LOQ): the lowest concentration reliably measurable with acceptable precision and accuracy. Mandatory at analysis level when concentrations near the LOD are reported.,Advanced,Basic,Text / URI,"e.g., 'LOQ = 10 × SD of background counts (10σ criterion)' | 'LOQ = 3.3 × LOD per IUPAC Gold Book' | 'LOQ = blank value + 10 SD for pollution elements (V, Ba, U)'",,2026-08-25,reported property,Concentrations between LOD and LOQ are detectable but not reliably quantifiable.,Y,Y,Y,,N
Counting Statistics Error,"Uncertainty predicted from counting statistics — the theoretical limit set by the Poisson distribution of the counts accumulated — for each reported quantity per analysis, with the sigma level stated. Derived from the counts on the analyte together with those on any background or blank subtracted from it. Distinct from the scatter actually observed within a measurement or between repeated measurements, which is recorded separately: where a procedure reports both, agreement indicates the measurement is shot-noise limited, and a larger observed scatter indicates a further source of variance.",Advanced,Basic,Text (free),"e.g., '2SE predicted from counting statistics over 45 cycles' | '~0.6% (1 sigma), counting statistics plus propagated uncertainties' | 'N/A'",,2026-08-17,sample > sampling unit x reported property,,Y,Y,Y,,N
Internal (Within-Measurement) Analytical Precision and Assessment Method,"Precision of a single measurement, derived from the scatter of the cycles, sweeps or integrations that make it up, together with the method used to assess it. State the statistic (2SE, 2SD, 1s RSD), the number of cycles it is computed over, and the reported quantity it applies to. Distinct from Counting Statistics Error, which records the uncertainty predicted from the counts rather than the scatter observed; where a procedure reports both, record the observed value here and the predicted value there.",Advanced,Basic,Text (free),"e.g., '2SE = 2SD/sqrt(n), n = 45 cycles' | '+/-0.001-0.002 (2SE) on 206Pb/204Pb' | '~2.6% (2SE) on single-spot ages' | 'N/A'",Source: ICP-MS module,2026-08-25,sample > sampling unit x reported property,"This is the finest of the three precision levels the library records, below within-session and between-session precision: it describes the repeatability of one analysis rather than agreement between analyses, and is normally the smallest of the three.",Y,Y,Y,,N
Within-Session Analytical Precision and Assessment Method,"Precision of repeated measurements within a single analytical session and the method used to assess it. Report both the assessment method and the precision values. The assessment method must specify the reference material or standard measured, the number of replicates n, and the statistic reported (1s RSD, 2s RSD, 2SD, 2SE, 95% CI). Distinct from the internal precision of a single measurement, which derives from counting statistics over the cycles of that measurement rather than from repeated analyses.",Basic,Basic,Text (free),"e.g., '1σ RSD = 1.5% for Ba, 2.3% for La (n=5 on NIST SRM 612 per session)' | 'Mapping: 4% 1σ RSD across 3 GRM map areas at session start and end (n=3)'",Source: ICP-MS module,2026-08-25,standard x reported property,,Y,Y,Y,,Standard error (USE = SE at 95% confidence) for 87Sr/86Sr and 87Rb/86Sr per individual run; dependent on signal intensity (regression shown in Fig. 3); relative errors for 87Rb/86Sr: ±3% for most reference glasses; 87Sr/86Sr relative errors: <0.2‰ for materials with 87Rb/86Sr <1
Between-Session (Long-Term) Analytical Precision and Assessment Method,"Precision of measurements across multiple analytical sessions over weeks to months — long-term or intermediate precision — and the method used to assess it. Report both the assessment method and the precision values, specifying the reference material, the number of measurements and sessions, the time span covered, and the statistic reported.",Advanced,Basic,Text (free),"e.g., '2σ RSD = 3% for Eu/Eu* on GOR132-G across 12 sessions over 8 months' | '1σ RSD = 2% for most REEs on BHVO-2G across 17 sessions over 3 years (n=85 analyses)'",Source: ICP-MS module,2026-08-25,standard x reported property,Long-term precision is normally poorer than within-session precision and is the figure a data user should carry when comparing results from different sessions.,Y,Y,Y,,N
Analytical Accuracy and Assessment Method,"Offset between measured and accepted reference values for secondary reference materials, expressed as % relative bias. Report both the assessment method and the accuracy values. Specify: (1) secondary RM used and source of reference values, (2) number of analyses, and (3) elements or element groups assessed. Report any systematic biases and likely causes.",Basic,Basic,Text (free),"e.g., 'Within ±5% of GeoReM preferred values for most REEs on GOR132-G (n=15); +8% for Nb (known matrix sensitivity)' | '±3% for all elements on BHVO-2G vs. GeoReM (n=20)'",,2026-08-11,standard x reported property,,Y,Y,Y,,"87Sr/86Sr relative errors <0.2‰ for reference materials with 87Rb/86Sr <1 (12 of 14 reference materials); 87Rb/86Sr relative accuracy within ±3% for 11 glasses; exceptions: NIST 610 (−2.97%), NIST 612 (+2.02%), ATHO-G (+2.89%) — all within stated ±3% criterion"
,,,,,,,,,,,,,,
Goodness-of-Fit or Dispersion Statistic,"The statistic reported to show whether scatter among the contributing analyses exceeds what analytical uncertainty alone predicts, together with its value. The procedure may still state an acceptance threshold, which belongs with the inclusion criteria.",N/A,Basic,Text (free),,Source: Aggregation module,2026-08-25,reported property,Answers whether a reported aggregate is defensible as a single population. The value cannot be known before the analysis.,Y,Y,Y,,
Additional Notes,"Any procedure- or analysis-specific information not captured by a structured field anywhere in this TAPP — including anomalies, deviations from the registered procedure, instrument modifications, and supplementary context. Scope is the whole document, not Group 6: this is the last field of the TAPP and covers all six groups. Use sparingly; a structured field is preferred for anything that can be formally categorised.",Advanced,Advanced,Text (free),,Source: Core module,2026-08-25,(none),,Y,Y,Y,,LA-MC-ICP-MS transect mode with Rb-Sr isotope ratio measurement; SUIA (Smallest Unit Isochron Age) data reduction strategy developed for heterogeneous minerals; signal-smoothing device used to reduce short-term variability
