Metadata Item,Description,Procedure-Level Tier,Analysis-Level Tier,Data Type,Example / Allowed Content,Comments,Last Update,Keyed By,Purpose,Literature Assessment,Hu+Gao2008 | PerkinElmer ELAN 6100 DRC | NWU Xi'an,Yu+etal2005 | PerkinElmer ELAN DRC II | Univ Cambridge,Makishima+etal2011 | Agilent 7500cs | PML Okayama,Long+etal2025 | Agilent 7900 | IPGP France,Lu+etal2007 | Agilent 7500cs | PML Okayama,GilDiaz+etal2020 | Agilent 8800 QQQ | FHNW Basel,GilDiaz+etal2020 | Thermo iCAP-TQ | lab not stated,GilDiaz+etal2020 | Thermo XSeries 2 | KIT Karlsruhe,LopezGarcia+etal2026 | Thermo iCAP TQ | Institute of Science Tokyo
1. Procedure Identification,,,,,,,,,,N,N,N,N,N,N,N,N,N,N
Procedure Name,"A short descriptive name for this analytical procedure, including a version number. Should identify the instrument, the technique, and the scope of what is measured — analyte, material, or feature.",Basic,Read-Only,Text (free),,Source: Core module,2026-07-24,(none),,,N,N,N,N,N,N,N,N,N
Technique,Top-level analytical technique identifier.,Basic,Read-Only,Controlled list,Solution Q-ICP-MS,Source: Core module,2026-06-16,(none),,,Solution Q-ICP-MS,Solution Q-ICP-MS,Solution Q-ICP-MS,Solution Q-ICP-MS,Solution Q-ICP-MS,Solution Q-ICP-MS (triple-quadrupole platform),Solution Q-ICP-MS (triple-quadrupole platform),Solution Q-ICP-MS,Solution Q-ICP-MS (triple-quadrupole platform)
Procedure Author,Person(s) or laboratory responsible for developing and registering this procedure. ORCID recommended for individuals.,Basic,Read-Only,Text (free),,Source: Core module,2026-07-24,(none),,,N,N,N,N,N,N,N,N,N
Laboratory,Name of the laboratory or institution hosting the instrument.,Basic,Editable,Text (free),,Source: Core module,2026-06-16,(none),,,"State Key Laboratory of Continental Dynamics, Northwest University, Xi'an (affiliation)",University of Cambridge (affiliation),"Pheasant Memorial Laboratory (PML) for Geochemistry and Cosmochemistry, Okayama University (affiliation)","Institut de Physique du Globe de Paris (IPGP), France (affiliation)","Pheasant Memorial Laboratory (PML), Okayama University (section 2.1)","N — 'Agilent 8800, Basel, Switzerland'; the Basel-area author affiliation is FHNW","N — instrument given as 'iCAP-TQ, Thermo' with no laboratory stated","Karlsruhe Institute of Technology (KIT), Germany",Institute of Science Tokyo
Laboratory ID,"Persistent identifier for the laboratory (e.g., ROR ID).",Advanced,Editable,URI / DOI,,Source: Core module,2026-06-16,(none),,,N,N,N,N,N,N,N,N,N
Procedure Start Date,First date this procedure configuration was used in production.,Basic,Read-Only,Date,,Source: Core module,2026-07-24,(none),,,N,N,N,N,N,N,N,N,N
Funding Source for Procedure Development,"Grants and other funding sources that supported instrument acquisition, major upgrades, procedure development, and associated personnel time. Include grant numbers and funding agencies where applicable.",Advanced,Read-Only,Text (free),,Source: Core module,2026-07-24,(none),,,N,N,N,N,N,N,N,N,N
Procedure Reference(s),"DOI or URL for peer-reviewed publications or technical reports describing, validating, or benchmarking this procedure.",Advanced,Read-Only,URI / DOI,,Source: Core module,2026-07-24,(none),,,N,N,N,N,N,N,N,N,N
Procedure DOI,"DOI or unique persistent identifier for the registered procedure used in this analysis, generated upon procedure submission to a data repository. If a DOI has been applied for but not yet minted, enter ""pending"".",N/A,Basic,URI / DOI,,Source: Core module,2026-08-25,(none),Encourages formal procedure registration and ensures traceability.,,N/A,N/A,N/A,N/A,N/A,N,N,N,N
Session Identifier,"Identifier for the analytical session this record describes — the laboratory's own run, sequence or batch identifier as generated by the instrument or acquisition software. Distinct from any persistent identifier a repository mints on submission.",N/A,Basic,Text (free),,Source: Core module,2026-08-25,(none),"The analysis record corresponds to one session, which may cover several samples, and this is the link back to the raw instrument files.",,N,"N -- ""a typical run (~5 hr)"" referenced; no run identifier stated","N -- ""an average of eight sessions"" referenced; no session identifier stated",N,N,N,N,N,N
Analyst,Name(s) of the analyst(s) who performed the analysis session. ORCID is recommended for persistent identification.,N/A,Basic,Text (free),,Source: Core module,2026-08-25,(none),,,N/A,N/A,N/A,N/A,N/A,N,N,N,N
Analysis Start Date,"Date on which the analytical session began. For sessions spanning multiple days, use the date of the first session. Format: YYYY-MM-DD.",N/A,Basic,Date,,Source: Core module,2026-08-25,(none),,,N/A,N/A,N/A,N/A,N/A,N,N,N,N
Analysis End Date,Date on which the analytical session ended. May equal Analysis Start Date for single-day sessions. Format: YYYY-MM-DD.,N/A,Basic,Date,,Source: Core module,2026-08-25,(none),,,N/A,N/A,N/A,N/A,N/A,N,N,N,N
Funding Source for Analysis,"Grants and other funding sources that supported the specific sample analyses and data collection reported here. Include grant numbers and funding agencies. Distinct from procedure development funding, which may have been awarded years earlier.",N/A,Basic,Text (free),,Source: Core module,2026-08-25,(none),,,N/A,N/A,N/A,N/A,N/A,N,N,N,N
Coupled Technique(s),"Other analytical techniques applied to the same sample(s) whose results are intended to be interpreted together with data from this procedure. Document coupling with any technique whose results are functionally linked to this dataset — providing calibration inputs, complementary spatial context, or required companion measurements. Use the same controlled vocabulary as the Technique field. Enter ""None"" if no coupling is intended.",Advanced,Editable,Controlled list / Text,Solution MC-ICP-MS | TIMS | LA-ICP-MS | EPMA | Noble Gas MS | INAA | None | N/A,Source: Core module,2026-08-25,(none),,,N,ICP-AES (for initial [Ca] determination; stated section 2),N,MC-ICP-MS (Neptune Plus at IPGP; for Zn isotope measurements; stated Methods),SF-ICP-MS (Finnigan ELEMENT at PML; for Ti measurements; stated section 2.1.2),N,N,N,N
Coupling Description,"Description of how this procedure is coupled with the technique(s) listed above. Include: (1) the functional relationship — what data or context flows between techniques, or how results are combined (e.g. which output from the coupled technique serves as input to data reduction for this technique); and (2) the analytical sequence — which technique is performed first and why (e.g. non-destructive before destructive). Required when Coupled Technique(s) is not ""None"".",Advanced,Editable,Text (free),,Source: Core module,2026-08-25,(none),,,N,ICP-AES measured initial Ca concentration; sample then diluted to 100 ppm Ca for Q-ICP-MS analysis; ICP-AES performed first (stated section 2),N,"Same dissolved aliquots analyzed by Q-ICP-MS (major/trace elements, masses 23-75) and MC-ICP-MS (Zn isotopes); stated Methods","Q-ICP-MS (7500cs) measured B, Zr, Nb, Mo, Sn, Sb, Hf, Ta; SF-ICP-MS (ELEMENT) measured Ti and Nb; both techniques on same digested solutions; stated section 2.1",N,N,N,N
Coupled Procedure DOI,"Registered procedure DOI for the coupled technique named above. If the coupled procedure has not yet been registered, enter the DOI of a publication describing the coupled method, or ""pending"". Enter ""None"" if no coupling is planned.",N/A,Advanced,URI / DOI,,Source: Core module,2026-08-25,(none),"Provides a stable, citable link to the companion method independent of whether a dataset has been deposited.",,N/A,N/A,N/A,N/A,N/A,N,N,N,N
Coupled Dataset or Publication Reference,"DOI or other persistent identifier for the co-registered dataset or publication where both datasets are reported together. Accepts: a dedicated dataset DOI (if separately deposited), a shared dataset DOI (if co-submitted in the same package), or a publication DOI. Use ""same submission"" if the coupled dataset is included in this data package, or ""pending"" if not yet assigned. If coupling is documented through a shared sample identifier only, that information is already captured in Sample Persistent Identifier (Group 2).",N/A,Advanced,URI / DOI / Text,,Source: Core module,2026-08-25,(none),,,N/A,N/A,N/A,N/A,N/A,N,N,N,N
2. Samples,,,,,,,,,,N,N,N,N,N,N,N,N,N,N
Target Material,General description of the material type(s) this procedure is designed to analyse.,Basic,Read-Only,Controlled list / Text,Basalt | Chondrite | Peridotite | Synthetic solution | N/A | None | Other: specify,Source: Core module,2026-08-25,(none),"Used for discoverability and procedure matching, and because the material type constrains sample preparation, calibration and matrix-matching requirements.",,"Geological reference materials (basalt, andesite, granite, shale); upper continental crust samples (stated abstract)",Foraminifera calcite (benthic and planktonic species; stated abstract),"Silicate reference materials (basalt, andesite, peridotite), NIST SRM glasses, carbonaceous chondrites (stated section 2)","Carbonaceous chondrites (CI, CM, CV, CO, CR, CK, CH, CY, CB types; stated abstract)","Geological reference materials (basalt, andesite, peridotite) and carbonaceous chondrites (stated section 2.5)",Estuarine suspended particulate matter and sediment (Gironde Estuary sorption experiments),Estuarine sediment — total digestions and selective extraction fractions,Estuarine water — dissolved Se from sorption kinetics and isotherms,"Carbonaceous asteroid particles (Ryugu, Hayabusa2 TD1) and the Allende chondrite"
Sample Name,"Name or identifier of each sample analysed in this session, as used in the laboratory — a sample mount, section or aliquot counts as one entry where that is what the laboratory tracks. Should match the identifier used in associated publications or data tables.",N/A,Basic,Text (free),"e.g., 'Allende MS-1 digest A' | 'NWA 8657 aliquot 2' | 'BHVO-2 replicate 3'",Source: Core module,2026-08-25,defines: sample,The analysis record corresponds to one session and may cover several samples.,,"AGV-1 (andesite), BHVO-1 (basalt), G-2 (granite), SCO-1 (shale), GSR-5 (shale); GSR-6 and ""another eighteen international"" RMs; worldwide loess and Chinese upper-crustal composites","Partially -- sample type named (""core top Cibicidoides wuellerstorfi from the north Atlantic Ocean""); no individual sample identifiers stated in the methods","JB-2, JB-3, JA-1, JA-2, JA-3, JP-1, BHVO-1, AGV-1, PCC-1, DTS-1; NIST SRM 610, 612, 614, 616 glasses","PCA 02010, B-7904, LON 94101 and further CM/CY chondrites","JB-1, JB-2, JB-3, JA-1, JA-2, JA-3, JP-1 (GSJ); BHVO-1, AGV-1, PCC-1, DTS-1 (USGS); Ivuna (CI1), Orgueil (CI1), Cold Bokkeveld (CM2), Allende (USNM 3529, Split 1, Pos. 23)",N — SPM isotherm experiment at 1000 mg/L,Selective extraction fractions F1-F4 and F4N; CRM NCS 73307,N — sorption kinetics and isotherm solutions; CRMs CRM-TMDW and NIST 1643f,"Ryugu particles A0066, A0238, A0247, A0256, A0259, A0268, A0301, A0313; Smithsonian Allende powder"
Sampling Unit,"The physical subdivision of the sample to which one row of reported values corresponds — the unit that is analysed and reported, as distinct from the sample as a whole. Where units nest (e.g. confined tracks within grains), state both levels.",Basic,Basic,Controlled list / Text,Whole sample | Aliquot | Grain | Spot | Analysis point | Phase | Sub-volume | Region of interest | N/A | None | Other: specify,Source: Core module,2026-08-25,defines: sampling unit,,,"Aliquot of rock powder -- ""Fifty milligrams of sample powder were placed in a home-made PTFE-lined stainless steel bomb""; final solution made up to 50 ml","Aliquot of dissolved foraminiferal calcite -- ""Ten to twenty individual foraminifera tests were handpicked""; cleaned samples ""dissolved in 200 ul 0.075M HNO3"", then split (20 ul for [Ca] by ICP-AES, remainder for ICP-MS)","Test portion / solution aliquot -- ""The amount of test portion used was 15-42 mg for basalt and andesite samples, and 30-63 mg for peridotite samples""; NIST glasses ""a few grains totalling 8-22 mg were used in one analysis""; ""the same sample solution aliquot""","N -- no digestion mass or aliquot stated for the elemental (Q-ICP-MS) determination; the ""approximately 35 mg of homogenized bulk powder"" in Methods belongs to the Zn-isotope MC-ICP-MS procedure","Weighed test portion -- ""Approximately 20 mg of basalt and andesite samples were weighed""; ""Approximately 50 mg for peridotites and approximately 10 mg for meteorites were weighed""; 9-18 mg for carbonaceous chondrites",N,Weighed sediment aliquot — 30 mg for tri-acid digestion; 200-500 mg per selective extraction fraction,N — sub-sampled water aliquots,"Individual particle, weighed: A0066 4.325 mg, A0238 1.868 mg, A0247 2.311 mg, A0256 2.378 mg, A0259 1.478 mg, A0268 1.902 mg, A0301 1.923 mg, A0313 2.012 mg; 20 mg Allende"
Sample Persistent Identifier,"Globally unique, persistent identifier for each sample listed in Sample Name. IGSN (International Geo Sample Number) is the recommended standard for geological and cosmochemical samples, as used by Astromat, EarthChem and SESAR. Where a sample and its sub-samples are separately registered, record the identifier at the level actually analysed.",Advanced,Advanced,URI / IGSN,,Source: Core module,2026-08-25,sample,,,N/A,N/A,N/A,N/A,N/A,N,N,N,N
Sample Description,"Brief description of sample provenance, form, or preparation state relevant to this analysis.",N/A,Basic,Text (free),,,2026-06-16,(none),,,N/A,N/A,N/A,N/A,N/A,N,N,N,N
Sample Preparation Method,"General approach to mechanical sample preparation prior to dissolution (e.g., whole-rock crushing and powdering, mineral separation). Documents how the solid material was conditioned before acid digestion.",Basic,Read-Only,Text (free),Whole-rock powder | Mineral separate | Dissolved residue | Pre-digested liquid | N/A | None | Other: specify,,2026-06-16,(none),,,Whole-rock powder (50 mg; stated section 3.3),Foraminifera shells cleaned mechanically and chemically then dissolved; no grinding (stated section 2),Whole-rock powder or glass chips (stated section 2),N,Whole-rock powder (decomposed in TFM bomb with HF; stated section 2.1.1),N,Dried at 50 C and homogenised in an agate mortar before microwave digestion,N,Particles individually weighed on a Mettler Toledo XPR2U microbalance (0.1 ug readability) and transferred to PFA vials without powdering
Digestion Acid(s),"Acid mixture used for sample dissolution. Record acid type(s) and concentration(s) where known (e.g., concentrated HF–HNO3 in Parr bombs is standard for silicate dissolution).",Basic,Read-Only,Text (free),HF–HNO3 | HF–HNO3–HClO4 | HNO3–HCl | HNO3 only | Aqua regia | N/A | None | Other: specify,Source: Solution Introduction module,2026-08-25,preparation step,"For isotope-ratio work, complete matrix dissolution is required to avoid isotopic fractionation during partial dissolution.",,Step 1: conc. HNO3 (1 ml) + conc. HF (1 ml); Steps 2-3: conc. HNO3 fuming to dryness (twice); Step 4: HNO3 (1.5 ml) + ultra-pure water (2.5 ml); stated section 3.3,N/A (simple dissolution in 0.075 M HNO3; stated section 2),"HF + HClO4 (basalt/glass, ultrasonic); HF alone in TFE bomb (peridotite/chondrite; stated section 2)",N,0.5 mol/l HF (stated section 2.1.1),N,"Tri-acid HNO3+HCl+HF: 750 uL HNO3 (14M), 1.5 mL HCl (10M), 2.5 mL HF (29M); re-dissolved in 250 uL HNO3. Microwave route for Se: 3 mL HNO3, 0.5 mL H2O2, 0.25 mL HF, 0.5 mL Milli-Q",N,0.2 mL HF + 0.1 mL HNO3 + 0.4 mL water; then 0.2 mL HNO3 + 0.2 mL HCl + 0.2 mL H2O2; final 0.2 mL HNO3 + 0.2 mL H2O2
Digestion Vessel Type,Type of vessel used for acid digestion.,Basic,Read-Only,Text (free),Savillex beaker | Parr bomb | TFE/TFM bomb | Carius tube | HPA-S | Open beaker | N/A | None | Other: specify,Source: Solution Introduction module,2026-08-25,(none),"Vessel type constrains maximum temperature and pressure and determines suitability for refractory mineral dissolution (e.g., Parr bombs required for complete silicate digestion at high temperatures).",,PTFE-lined stainless steel bomb (home-made; stated section 3.3),N/A (simple dissolution in vial; stated section 2),Ultrasonic bath (basalt/glass); TFE bomb at 245 deg C (peridotite/chondrite; stated section 2),N,TFM bomb (TFM-981; stated section 2.1.1),N,"Closed PP tubes (DigiTUBEs, SCP Science) on a heating block; PTFE vessels for evaporation; microwave START1500 (MLS GmbH)",N,"PFA hexagonal cap vials (6 mL, Savillex), tightly capped with polypropylene wrenches to maintain high-pressure conditions"
Number of Digestion Steps,"Total number of distinct acid digestion steps required to dissolve the sample. Some procedures require multiple sequential steps — for example, an initial open-beaker HF–HNO3 dissolution followed by a second closed-vessel step for residues retaining refractory minerals, or by an aqua regia reflux to destroy fluoride complexes.",Basic,Read-Only,Integer,1 | 2 | 3,Source: Solution Introduction module,2026-08-25,defines: preparation step,,,2 (step 1: bomb at 190 deg C / 48 h in HNO3+HF; step 4: bomb at 150 deg C overnight in HNO3+water; five steps explicitly numbered; stated section 3.3),1 (simple dissolution; stated section 2),N,N,N,N,N,N,Four heating stages are described
Digestion Temperature,Temperature at which acid digestion was carried out (°C).,Basic,Editable,Numeric (°C),"e.g., '90–120 °C (hotplate, Savillex beaker)' | '150–190 °C (Parr bomb, refractory phases)' | '220 °C (HPA-S)'",Source: Solution Introduction module,2026-08-25,preparation step,,,190 deg C (stated section 3.3),N/A (ambient dissolution; stated section 2),Ambient for ultrasonic; 245 deg C for TFE bomb (stated section 2),N,N,N,110 C on the heating block; evaporation at 120 C; microwave ramp to 210 C held 10 min; evaporation at 70 C,N,"120 C, then 220 C, then 100 C; second stage 150 C; final 80 C"
Digestion Duration,Duration of the primary acid digestion step (hours or days).,Basic,Editable,Text (free),"e.g., '12 h' | '24 h' | '48 h (refractory accessory phases)' | '3 days (multi-step with intermediate dry-down)'",Source: Solution Introduction module,2026-08-25,preparation step,,,48 h (stated section 3.3),N/A,N,N,N,N,2 h at 110 C; microwave 10 min at 210 C then cooling overnight,N,"3 h ultrasonic agitation, 12 h at 120 C, 5 days at 220 C, 1 day at 150 C, 1 day at 80 C"
Final Solution Matrix,"Acid type and concentration of the final dissolved sample solution introduced to the instrument. For isotope-ratio procedures, match acid molarity precisely between samples and bracketing standards. Procedures targeting HFSE may add trace HF to the final solution to keep those elements in solution.",Basic,Read-Only,Text (free),2% HNO3 | 3% HNO3 | 4% HCl | 2% HNO3 + trace HF | N/A | None | Other: specify,Source: Solution Introduction module,2026-08-25,(none),Directly affects instrument response and ion transmission. Mismatched molarity introduces matrix-induced mass bias offsets.,,Dilute HNO3 (~3%; 1.5 ml conc. HNO3 in ~50 ml; stated section 3.3),0.075 M HNO3 at 100 ppm Ca (stated section 2),0.5 mol/l HNO3 (stated section 2),N,0.5 mol/l HF (stated section 2.1.1),N,Made up to 10 mL with Milli-Q water (18.2 MOhm); Se route made up to 6 mL,N,"5 mL 0.5 M HNO3, dilution factors 1200 (A0066) to 3400 (A0259); Group-1 aliquots diluted to DF 20,000; Group-3 in 0.5 M HNO3 + ~0.05 M HF"
Sample Aliquot Mass or Volume,Mass (mg) of solid material digested or volume (mL) of liquid taken for dissolution.,Advanced,Editable,Numeric (mg or mL),"e.g., '50 mg (whole-rock silicate)' | '25 mg (mass-limited meteorite)' | '100 mg (low-abundance trace elements)' | '1–5 mL (aqueous sample)'",Source: Solution Introduction module,2026-08-25,sample,Used for yield calculations and concentration back-calculation.,,50 mg (stated section 3.3),N,15-63 mg (silicates); 8-22 mg (NIST glass); 9-28 mg (chondrites; stated section 2),N,N,N,30 mg (tri-acid) and 40-50 mg (microwave),N,1.478-4.325 mg per particle; 4-10% aliquot taken for Group-1
Chromatographic Separation Applied,"Whether chromatographic separation of element groups (e.g., using ion exchange resin) was performed prior to analysis. Record resin type and elution matrix conditions if applied. Record 'None' if the direct digestion solution is analyzed.",Basic,Read-Only,Controlled list,Anion exchange resin (HCl) | Cation exchange resin | AG1-X8 (HBr) | None | N/A | Other: specify,Source: Solution Introduction module,2026-08-25,(none),"Separation may be required to remove matrix elements that cause variable mass bias, to eliminate isobaric interferences, or to isolate an element group before measurement (e.g., Fe and Cu–Zn for isotope dilution, Hf separation from REE, removal of Cr and Ni from Fe fractions). It is usually mandatory for isotope-ratio procedures and optional for concentration measurement.",,None (direct analysis of digested solution),None (direct analysis of dissolved foraminifera),None (direct analysis),None (direct analysis; stated Methods),None (direct analysis of 0.5 mol/l HF solution; stated section 2.1.1),N,"No — sequential selective extractions (acetate, ascorbate, H2O2, HCl/HNO3) rather than chromatography",N,N
Isotope Dilution Spike,"Isotopic spike material added to the sample before or during digestion for isotope dilution (ID) analysis or double-spike mass bias correction. For double-spike procedures, add and equilibrate the spike before digestion. For concentration ID, the spike must be added before digestion for complete equilibration. Record spike name or certificate reference, spike isotopes, and whether added pre- or post-digestion. Record 'None' if ID or double-spike technique is not used.",Basic,Read-Only,Text (free),IRMM-016 (Fe) | 67Zn spike | None | N/A | Other: specify,Source: Solution Introduction module,2026-08-25,(none),Spiking before digestion corrects for isotopic fractionation during dissolution and column chemistry.,,None,None,"149Sm-enriched spike (used as ID internal standard for Cd, In, Tl, Bi; stated section 2)",None,"Multi-element enriched isotope spikes (Mo, Sn, Sb, Zr, Hf, Ta, B spikes; stated section 2.1)",N,N,N,"97Mo (94.19%, Mo = 28 ng/g) and 182W (94.07%, W = 12 ng/g), dissolved in ~1 M HF"
3. Instrument & Software,,,,,,,,,,N,N,N,N,N,N,N,N,N,N
Instrument Manufacturer,"Manufacturer of the instrument that performs the measurement, recorded as a controlled value. Where a procedure couples a sample-introduction system to an analysing instrument, this records the analysing instrument. Instrument Model gives the specific designation.",Basic,Read-Only,Controlled list,Thermo Fisher Scientific | Agilent | PerkinElmer | Nu Instruments | Analytik Jena | Shimadzu | Other: specify | Unknown | N/A | None,Source: Core module,2026-08-25,(none),Recording it as a controlled value lets procedures be found by vendor.,,"PerkinElmer -- ""a PerkinElmer SCIEX ELAN 6100 DRC ICP-MS""","PerkinElmer -- ""a Perkin-Elmer Elan DRC II instrument""","Agilent -- ""Agilent 7500cs; Yokogawa Analytical Systems, Mitaka, Japan""","Agilent -- ""an Agilent 7900 Quadrupole Inductively Coupled Plasma Mass Spectrometry instrument""","Agilent -- ""A Q-pole type ICP mass spectrometer, Agilent 7500 cs (Yokogawa Analytical Systems, Japan)""",Agilent,Thermo Fisher Scientific,Thermo Fisher Scientific,Thermo Fisher Scientific
Instrument Model,"Model designation of the instrument that performs the measurement, including any generation or configuration suffix. Conventionally written with the manufacturer name included; Instrument Manufacturer records the vendor separately, as a controlled value, so that procedures remain findable by vendor.",Basic,Read-Only,Text (free),Thermo iCAP RQ | Agilent 7900 | Agilent 7700x | PerkinElmer NexION 350D | Thermo X Series II | Agilent 8900 (ICP-MS/MS) | N/A | None | Other: specify,Source: Core module,2026-08-25,(none),,,PerkinElmer SCIEX ELAN 6100 DRC (stated section 3.1),PerkinElmer Elan DRC II (stated section 2 and Table 1),Agilent 7500cs (stated section 2),Agilent 7900 (stated Methods),Agilent 7500cs (stated section 2.1.1),Agilent 8800 (QQQ-ICP-MS),iCAP-TQ,XSeries 2,iCAP TQ
ICP-MS Type,"Type of ICP-MS system - the mass analyser and, where the instrument has one, the collector configuration.",Basic,Read-Only,Controlled list,Single-collector quadrupole (Q-ICP-MS) | Triple quadrupole (ICP-MS/MS) | N/A | None | Other: specify,Source: ICP-MS module,2026-08-26,(none),Determines available cell configurations and interference mitigation strategies.,,Single-collector quadrupole (Q-ICP-MS),Single-collector quadrupole (Q-ICP-MS),Single-collector quadrupole (Q-ICP-MS),Single-collector quadrupole (Q-ICP-MS),Single-collector quadrupole (Q-ICP-MS),Triple quadrupole (ICP-MS/MS),Triple quadrupole (ICP-MS/MS),Single-collector quadrupole (Q-ICP-MS),Triple quadrupole (ICP-MS/MS)
Instrument Serial Number or Lab Identifier,Serial number or laboratory-internal identifier for the specific instrument unit.,Advanced,Editable,Text (free),,Source: ICP-MS module,2026-08-25,(none),Supports traceability to instrument service records.,,N,N,N,N,N,N,N,N,N
Torch Type,"Type of plasma torch installed (e.g. standard quartz, high-matrix, low-flow).",Advanced,Read-Only,Text (free),Standard quartz | High-matrix | Low-flow | N/A | None | Other: specify,Source: ICP-MS module,2026-08-26,(none),,,N,N,N,N,Quartz glass torch with Pt injector (stated Table in section 2.1.1),N,N,N,N
Interface Cone Configuration,Geometry and designation of the sampler and skimmer cones installed during analysis. State both cones.,Basic,Read-Only,Text (free),Ni sample cone + standard Ni skimmer | Ni sample cone + Ni H-skimmer | Ni sample cone + Ni Xs skimmer | N/A | None | Other: specify,Source: ICP-MS module,2026-08-26,(none),"Some instruments offer multiple skimmer cone geometries (standard, high-sensitivity) that differ in aperture size and affect ion transmission efficiency and matrix tolerance.",,N,N,N,N,1 mm Pt sampler + 0.4 mm Pt skimmer (stated Table in section 2.1.1),N,N,N,N
Sampler and Skimmer Cone Material,"Material composition of the sampler and skimmer cones. Nickel is standard for most aqueous and nitric matrices; platinum is used for HCl-rich, high-TDS or organic matrices for its greater corrosion resistance; aluminium is used in some laboratories for high-purity work or enhanced sensitivity. State both sampler and skimmer materials; a single statement is acceptable where they are identical.",Advanced,Read-Only,Text (free),Ni sampler and Ni skimmer | Pt sampler and Pt skimmer | Ni sampler and Pt skimmer | N/A | None | Other: specify,Source: ICP-MS module,2026-08-26,(none),,,N,N,N,N,Pt sampler and Pt skimmer (stated Table in section 2.1.1),N,N,N,N
Torch Depth,"Distance between the load coil and the sampling cone tip (mm), also called injector depth or torch position depending on the instrument manufacturer.",Advanced,Editable,Text (free),5 mm | Standard position (manufacturer default) | N/A | None,Source: ICP-MS module,2026-08-25,(none),"Affects ion transmission efficiency, oxide formation, and doubly-charged species production.",,N,N,N,N,N,N,N,N,N
Guard Electrode,"Whether a guard electrode - also called a grounded shield electrode, extraction lens, or Fassel torch shield - is installed and active on the torch assembly.",Basic,Read-Only,Controlled list,On | Off | Not installed | N/A | None | Other: specify,Source: ICP-MS module,2026-08-26,(none),"Capacitively decouples the plasma from the load coil, reducing secondary discharge and improving ion extraction efficiency.",,N,N,N,N,On (shield torch system used; stated section 2.1.1),N,N,N,N
Mass Resolution Setting,"Operating mass resolution of the mass analyser. Where the analyser permits selection, state the mode; where individual analytes are assigned to different modes, state each.",Basic,Editable,Controlled list / Text,"Unit resolution (quadrupole, fixed) | Low resolution (LR) | Medium resolution (MR) | High resolution (HR) | Multiple modes assigned per analyte | N/A | None",Source: ICP-MS module,2026-08-26,(none),"For quadrupole instruments, mass resolution is fixed at unit resolution by instrument design (m/Δm ≈ 300); no operator selection is possible.",,"Unit resolution (quadrupole, fixed; m/Delta-m ~300)","Unit resolution (quadrupole, fixed; m/Delta-m ~300)","Unit resolution (quadrupole, fixed; m/Delta-m ~300)","Unit resolution (quadrupole, fixed; m/Delta-m ~300)","Unit resolution (quadrupole, fixed; m/Delta-m ~300)",N,N,N,N
Collision/Reaction Cell (CRC) Configuration,"Whether a collision or reaction cell is installed and its operating mode for this procedure. STD = standard mode with no cell gas; KED = kinetic energy discrimination with He or H2 collision gas to suppress polyatomic interferences; DRC = dynamic reaction cell with reactive gas (e.g., NH3). Specific gas types, flow rates, and voltages are documented in Group 4.",Basic,Read-Only,Controlled list,"Not installed | STD (standard mode, no gas) | KED (kinetic energy discrimination, He gas) | DRC (dynamic reaction cell, reactive gas) | KED+DRC | ICP-MS/MS (triple-quadrupole mode) | N/A | None | Other: specify",,2026-08-26,channel,,,"STD (standard mode, no gas; stated section 3.1)","STD (standard mode, no gas; DRC II instrument but no reaction gas stated; stated section 2)",N,KED (He); He at 5 mL/min applied for masses 23-75 (stated Methods),"STD (standard mode, no gas; collision gases not introduced into cell; stated section 2.1.1)","ICP-MS/MS (triple-quadrupole mode), oxygen-shift with O2 as cell gas",Per analyte: KED (He) for 126Te; ICP-MS/MS O2 mass-shift mode for spiked/experimental 125Te,CCT mode (collision cell) with a He:H2 mixture,KED (He) mode
Detector Configuration,"Type(s) of detector(s) installed in the mass spectrometer and whether dual pulse-counting/analog mode is used. Most Q-ICP-MS instruments use a single SEM in dual mode (pulse counting at low signals, analog at high signals), with an instrument-specific crossover threshold. The pulse-to-analog cross-calibration correction is documented in Group 5.",Basic,Read-Only,Text (free),"Single SEM, dual mode (pulse counting + analog; crossover ~10^6 cps) | Single SEM, pulse counting only | N/A | None | Other: specify",,2026-08-26,(none),,,N,N,N,N,Dual mode: pulse counting + analog (crossover ~10^6 cps; stated section 2.1.1),N,N,N,N
Nebulizer Type,Type and material of the pneumatic nebulizer used for sample introduction.,Basic,Read-Only,Text (free),PFA MicroFlow | PFA-ST | Concentric glass | Micromist | Meinhard | N/A | None | Other: specify,Source: Solution Introduction module,2026-08-26,(none),Affects droplet size distribution and sample introduction efficiency.,,Glass microconcentric nebulizer (MCN; stated section 3.1),Glass Expansion Micromist FM005 (stated section 2 and Table 1),N,MicroMist nebulizer (stated Methods),"Micro-flow PFA nebulizer PFA-20 (ESI, USA); self-aspiration (stated Table in section 2.1.1)",N,N,N,N
Spray Chamber Type and Cooling Temperature,Type of spray chamber and cooling temperature if thermostatted (°C).,Basic,Read-Only,Text (free),Cyclonic quartz at 2°C | Scott double-pass at 7°C | Conical with impact bead (uncooled) | N/A | None | Other: specify,Source: Solution Introduction module,2026-08-26,(none),Chamber type and temperature control aerosol droplet size and the solvent vapor load reaching the plasma. In some procedures a spray chamber is placed downstream of a desolvating nebulizer to improve signal stability.,,Cyclonic spray chamber (stated section 3.1),Cyclonic quartz spray chamber (stated Table 1),N,Scott spray chamber (stated Methods),"Scott double-pass, cooled at 2 deg C, Teflon (stated Table in section 2.1.1)",N,N,N,N
Desolvation System,Desolvating nebulizer or membrane desolvator used upstream of the plasma to reduce solvent load. Record 'None' if not used.,Advanced,Read-Only,Controlled list,Aridus I | Aridus II | Apex Q | Apex IR | Apex HF | None | N/A | Other: specify,Source: Solution Introduction module,2026-08-26,(none),"Lowers oxide production rates and increases sensitivity, and is commonly used for low-abundance analytes or small sample sizes. Note the trade-off: desolvation can introduce additional instrumental mass bias instability relative to wet plasma introduction.",,None,None,N,None,None,N,N,N,N
Sample Uptake Rate,Peristaltic pump speed or self-aspiration flow rate for sample introduction (µL/min or mL/min).,Basic,Editable,Numeric (µL/min or mL/min),"e.g., '50–100 µL/min (self-aspirating PFA nebulizer)' | '200–400 µL/min (micro-flow, peristaltic)' | '1 mL/min (conventional concentric)'",Source: Solution Introduction module,2026-08-26,(none),,,0.20 ml/min (stated section 3.1),~60 uL/min (stated Table 1; 0.03 mm ID pump tubing),N,0.2 mL/min (stated Methods),Self-aspiration; volumetric flow rate N (stated Table in section 2.1.1),N,N,N,N
Acquisition Software,"Instrument control, automation and data acquisition software used to collect the raw data, including version number. Distinct from Data Processing Software(s), which covers everything applied to the data after acquisition.",Basic,Editable,Text (free),,Source: Core module,2026-08-26,(none),,,N,N,N,N,N,N,N,N,N
Data Processing Software(s),"All software applied to the data after acquisition in order to produce the reported quantities, including version numbers. List every package used. Distinct from Acquisition Software, which controls the instrument and collects the raw data.",Basic,Editable,Text (free),,Source: Core module,2026-08-26,(none),,,N,N,N,N,N,N,N,N,N
4. Measurement Information,,,,,,,2026-08-26,,,N,N,N,N,N,N,N,N,N,N
Analytical Mode,Primary analytical mode(s) executed under this procedure. Records one value for a single-mode procedure and all applicable modes for a multi-mode one. Applies even where a procedure defines no mode flag columns.,Basic,Read-Only,Controlled list,Solution nebulisation (continuous) | Flow injection,Source: Core module,2026-08-26,(none),"Serves as the procedure-level declaration of measurement type, distinct from the mode flag columns, which state per-field applicability. Ensures every procedure record is self-describing and comparable across the library.",,"Solution nebulisation (continuous) -- ""A glass microconcentric nebulizer (MCN) and a cyclonic spray chamber comprised the sample introduction system, with a typical sample uptake rate of 0.20 ml/min""","Solution nebulisation (continuous) -- quartz cyclonic spray chamber and ""glass micro-concentric nebulizer Micromist FM005 ... producing an uptake rate of ~60 ul/min at a pump rate of 12 rpm""; Cetac ASX100 autosampler","Flow injection -- ""The pseudo-flow injection (FI) sample introduction technique, in which transient signals were integrated as total counts, was employed with the ID-IS method to minimise total sample consumption volume (~0.013 ml)""","Solution nebulisation (continuous) -- ""The sample was introduced into a Scott spray chamber through a MicroMist nebulizer at an uptake rate of 0.2 mL/min""","Flow injection -- ""pseudo-FI"" declared as the data acquisition mode; sec 2.6 ""Pseudo-flow injection (FI) method for ICP-QMS"", explicitly contrasted with ""the continuous sample introduction method""",Solution nebulisation (continuous),Solution nebulisation (continuous),Solution nebulisation (continuous),Solution nebulisation (continuous)
RF Power,"Radiofrequency forward power applied to the ICP, in watts.",Basic,Editable,Numeric (W),1400 | 1500 | 1550 | 1600,Source: ICP-MS module,2026-08-26,(none),Controls ionization efficiency and oxide production rates.,,1350 W (stated section 3.1),1300 W (Table 1),N,N,1.6 kW (stated Table in section 2.1.1),N,N,N,N
Coolant (Plasma) Gas Flow Rate,"Flow rate of the outer (coolant/plasma) argon gas stream that sustains the ICP plasma, in L/min.",Basic,Editable,Numeric (L/min),13–18 L/min,Source: ICP-MS module,2026-08-26,(none),Influences plasma temperature and oxide ion formation.,,14 L/min (outer ICP gas; stated section 3.1),15 L/min (Table 1),N,N,15 L/min (stated Table in section 2.1.1),N,N,N,N
Auxiliary Gas Flow Rate,"Flow rate of the intermediate (auxiliary) argon gas stream, between the torch body and the injector tube, which positions the plasma relative to the load coil, in L/min. Distinct from the outer coolant (plasma) gas and from the gas stream that carries sample into the plasma.",Basic,Editable,Numeric (L/min),0.7–1.2 L/min,Source: ICP-MS module,2026-08-26,(none),,,1.2 L/min (intermediate gas; stated section 3.1),1.2 L/min (Table 1),N,N,0.90 L/min (stated Table in section 2.1.1),N,N,N,N
Nebulizer Gas Flow Rate,Flow rate of the carrier argon gas delivered through the nebulizer (L/min).,Basic,Editable,Numeric (L/min),0.8–1.1 L/min,Source: Solution Introduction module,2026-08-26,(none),Controls aerosol transport and strongly influences signal sensitivity and stability.,,N,0.99-1.02 L/min (Table 1),N,N,0.92 L/min (stated Table in section 2.1.1),N,N,N,N
Make-up Gas and Flow Rate,"Supplementary gas added to the sample-carrying stream between the sample introduction system and the plasma, with its identity and the procedure-registered target flow rate. Record any small nitrogen or hydrogen addition with its own flow, whose unit commonly differs from the make-up flow. Record 'None' explicitly where no supplementary gas is added, to distinguish it from not reported.",Advanced,Editable,Numeric (L/min) / Text,"e.g., '0.25 (Ar, no desolvator fitted)' | '0.85 Ar + 4 ml/min N2 (sensitivity enhancement)' | 'None'",Source: ICP-MS module,2026-08-26,(none),"Argon make-up is standard and maintains total gas delivery where the carrier flow alone is insufficient — downstream of an ablation cell, or of a desolvation system that has removed solvent load. Small nitrogen or hydrogen additions enhance sensitivity for some elements.",,N/A,N/A,N/A,N/A,0.25 L/min supplementary Ar for PFA micronebulizer (stated Table in section 2.1.1),N,N,N,N
Plasma Thermal Mode,Whether the ICP plasma is operated under cool plasma (<=900 W RF) or normal (hot) plasma (>1000 W RF) conditions. Document independently of the RF Power field.,Basic,Read-Only,Controlled list,Normal plasma | Cool plasma | Mixed: specify | N/A | None | Other: specify,Source: ICP-MS module,2026-08-26,(none),"Normal plasma (>1000 W RF) is standard for most solution ICP-MS analyses. Cool plasma (≤900 W RF) reduces argide-based interferences (e.g., 40Ar12C+ on 52Cr) at the cost of reduced sensitivity and ionization efficiency for most elements.",,Normal plasma (1350 W; stated section 3.1),Normal plasma (1300 W; Table 1),N,N,Normal plasma (1.6 kW; stated section 2.1.1),N,N,N,N
ICP Tuning,"Description of the approach used to optimise ICP plasma conditions prior to analysis, including the reference material used for tuning and the acceptance criteria (e.g., oxide production threshold, sensitivity targets, mass calibration).",Advanced,Editable,Text (free),"e.g., 'Daily optimisation of autolens voltages on a 10 ng/ml Mg-Co-Rh-Ce-Pb-U solution; nebuliser gas set for maximum sensitivity with CeO+/Ce+ and Ce2+/Ce+ <2.5%' | 'Daily tune on 10 ppb Mg-In-U; CeO/Ce constrained within 3%'",Source: ICP-MS module,2026-08-26,(none),,,"Autolens voltages ""set by optimizing a solution of 10 ng/ml Mg, Co, Rh, Ce, Pb and U""; ""The nebulizer gas flow rate was optimized to obtain maximum signal intensities for Mg, Co, Rh, Ce, Pb and U, while keeping the CeO+/Ce+ and Ce2+/Ce+ ratios below 2.5%""","""The instrument sensitivity was optimized daily using a 10 ppb Mg-In-U standard""; ""Plasma robustness was monitored by constraining CeO/Ce ratio within 3% to refrain formation of polyatomic oxides""",N,N,"Partially -- an oxide acceptance criterion is registered in the operating conditions, ""Oxide forming rate <1% (CeO+/Ce+)""; no tuning solution or tuning procedure stated",N,N,N,N
Instrument Warm-up / Session Duration Limit,"Minimum warm-up time required after plasma ignition before analyses begin, and any maximum session duration enforced to maintain stable operating conditions.",Advanced,Read-Only,Text (free),"e.g., 'Rock solution flushed through for 30 min before tuning' | '>=30 min warm-up after plasma ignition; no session duration limit' | 'Sessions <=5 h, the interval over which blanks remain stable'",Source: ICP-MS module,2026-08-26,(none),,,"Partially -- instrument conditioning before tuning is stated: ""Drift was minimized by flushing through a rock solution for 30 min before tuning the instrument for a run"". No warm-up time after plasma ignition and no session duration limit stated","Partially -- session duration is characterised but not enforced: ""blanks for all isotopes were stable during a typical run (~5 hr)""",N,N,N,N,N,N,N
Instrument Sensitivity,"Instrument sensitivity achieved in the session, with the isotope or channel it was measured on and the conditions it applies to. May be expressed either as detected signal per unit concentration or per unit mass of analyte delivered — counts per second per ppb, volts per ppm, counts per picogram — or as useful yield, the percentage of sampled atoms ultimately detected as ions, with the method used to derive it cited. A sensitivity the procedure requires before analyses may begin belongs with the tuning acceptance criteria.",N/A,Advanced,Numeric + unit / Text,"e.g., '572 V/ppm total Zr' | '~2.5 x 10^6 cps/ppb on 115In' | '0.04 count pg-1 ml (111Cd)' | '0.1% useful yield' | 'N/A'",Source: ICP-MS module,2026-08-26,channel,"Useful yield is the more comparable of the two wherever the amount of material consumed varies between procedures, as it does with spot size, fluence and repetition rate.",,N,"""The sensitivity of the instrument is ~40 kHz for 1 ppb 115In at a sample uptake rate of 60 ul/min""; per-isotope sensitivity in CPS/ppb tabulated [Table 1]","Per-isotope sensitivity in count pg-1 ml: 111Cd 0.04, 115In 0.5, 149Sm 0.09, 205Tl 0.5, 209Bi 0.6",N,N,N,N,N,N
Analyte,"The chemical species this procedure is designed to determine, recorded at whatever resolution the chemistry is resolved — element(s) for this technique; valence species where a procedure resolves oxidation state; compounds where it resolves molecules. Isotopes are not analytes: isotopes of an element are the same chemical species. The subset actually measured may be narrower than the registered suite where species were excluded due to interferences or scope reduction.",Basic,Editable,Text (free),,Source: Analyte module,2026-08-26,defines: analyte,,,"48 trace elements: Li, Be, B, Sc, V, Cr, Co, Ni, Cu, Zn, Ga, Ge, As, Rb, Sr, Y, Zr, Nb, Mo, Cd, In, Sn, Sb, Te, Cs, Ba, La-Lu, Hf, Ta, W, Tl, Pb, Bi, Th, U (stated section 3.1)","9 Me/Ca ratios: Li, B, Mg, Al, Mn, Zn, Sr, Cd, U relative to Ca (stated Table 1)","Cd, In, Tl, Bi (with 149Sm as ID-IS reference; stated section 2)","Major and trace elements (masses 23-75, Na to As; stated Methods)","B, Zr, Nb, Mo, Sn, Sb, Hf, Ta (stated Table 2a)",Te and Se,Te,Se,"54 elements: Li, Be, Sc, Ga, As, Se, Rb, Sr, Y, Ag, Cd, In, Cs, Ba, La-Lu, Tl, Pb, Bi, Th, U; Na, Mg, Al, P, K, Ca, V, Cr, Mn, Fe, Co, Ni, Cu, Zn; Ti, Zr, Nb, Hf, Ta, Mo, W"
Reported Variables and Units,"The final variable(s) this procedure reports and their units — distinct from the fields recording what was *acquired* rather than what is reported. Record every reported variable, including intermediate quantities reported alongside final ones (e.g. both the 206Pb/238U ratio and the 206Pb/238U date). Where a reported variable is a nominal property with no magnitude (e.g. a mineral identification), record the variable and give the unit as 'N/A — nominal property'.",Basic,Read-Only,Text (free),"e.g., 'Element concentration (ppm); oxide (wt%)' | 'd56Fe (permil vs IRMM-014); d57Fe (permil vs IRMM-014)' | '206Pb/238U date (Ma); 207Pb/206Pb date (Ma)' | 'Mineral identity (N/A — nominal property); match score (0-1)'",Source: Core module,2026-08-26,defines: reported property,A procedure may acquire many channels and report a small number of derived quantities; without this field a data consumer cannot tell which.,,Forty-eight trace element concentrations (ppm); blanks (ppb),"Element/Ca ratios: Mg/Ca, Sr/Ca, Al/Ca (mmol/mol); Li/Ca, B/Ca, Mn/Ca, Zn/Ca, Cd/Ca (umol/mol); U/Ca (nmol/mol)","Cd, In, Tl and Bi mass fractions (ng g-1)","Partially -- ""The elemental content of samples was analyzed""; concentration unit ug/g attested (""[Zn] = 309 ug/g"", ""144 ug/g""); the reported variable list is in Tables S1-S2, not in the paper","B, Ti, Zr, Nb, Mo, Sn, Sb, Hf and Ta mass fractions (ug g-1); detection limits in solution (pg g-1) and in rock (ng g-1) [Table 2a]",Te and Se concentrations (ug L-1; mg kg-1),Particulate Te concentration (mg kg-1),Dissolved Se concentration (ug L-1),"Elemental abundances, CI-normalised ratios"
Monitored Masses,"Specific masses monitored in this procedure, grouped by the analyte element they serve where they serve one. Covers atomic isotopes and, where a reaction cell shifts an analyte onto a different mass, the product mass actually measured. Includes interference-monitor and internal-standard masses, which serve no analyte and so have no parent element. The analyte list is given by the Analyte field and is never inferred from the element symbols appearing here.",Basic,Read-Only,Text (free),67Zn | 115In | 209Bi | 172Yb | 141TeO (O2 mass-shift product of 125Te) | N/A | None | Other: specify,,2026-08-26,defines: channel per analyte,,,N (not listed by mass number in paper),"7Li, 11B, 25Mg, 46Ca, 27Al, 55Mn, 66Zn, 87Sr, 111Cd, 238U (Table 1)","95Mo, 111Cd, 113Cd, 115In, 118Sn, 149Sm, 205Tl, 209Bi (Table 1)",N,"10B, 11B, 90Zr, 91Zr, 93Nb, 95Mo, 97Mo, 118Sn, 119Sn, 121Sb, 123Sb, 178Hf, 179Hf, 181Ta (Table 2a)",125Te; 77Se,125Te and 126Te (and their O-shifted products),N — Se isotopes not individually stated,"54 elements measured in three groups: Group-1 trace elements, Group-2 major and minor elements, Group-3 HFSE plus Mo and W"
Dwell Time per Mass,Integration time spent on each mass peak per sweep (ms). May differ between masses where per-mass dwell times are programmed.,Basic,Editable,Numeric (ms) / Text,,,2026-08-26,channel,,,150 ms per mass (0.15 s; stated section 3.1),"Analyte-specific: 7Li 10 ms, 11B 10 ms, 25Mg 0.5 ms, 46Ca 2 ms, 27Al 0.5 ms, 55Mn 0.5 ms, 66Zn 5 ms, 87Sr 0.5 ms, 111Cd 60 ms, 238U 20 ms (Table 1)","Analyte-specific: 0.11 ms per mass per scan for 95Mo/111Cd/113Cd/115In/118Sn/149Sm; 0.18 ms per mass per scan for 205Tl/209Bi (Table 1, expressed as ms per 1 s cycle)",N,"Analyte-specific fraction of 1 s per mass (Table 2a): B 0.0801 s, Zr 0.0032 s, Nb 0.0320 s, Mo/Sn/Sb 0.0481 s, Hf 0.0641 s, Ta 0.2083 s",N,N,N,N
Number of Scans per Replicate,"Number of complete mass scans accumulated per analytical replicate. A scan — also called a sweep or a pass — is one complete traversal of the monitored masses by a sequentially scanning analyser, so the scan count multiplied by the per-mass dwell time gives the total integration time per replicate. Distinct from a cycle in simultaneous multi-collection, which is one readout of all detectors at once rather than a traversal of masses.",Basic,Read-Only,Integer,20 | 40 | 100 | 250 | 2000,,2026-08-26,(none),,,3 sweeps/reading x 3 readings/replicate (= 9 sweeps/replicate; stated section 3.1),250 sweeps per replicate (Table 1),N,N,48 scans per 30 s acquisition (stated section 2.1.1),N,N,N,N
Number of Replicates,"Number of replicate measurements performed on the same sample, or on the same nominal location where the technique is spatially resolved. For spot analysis this is the number of individual spots per grain or location; for transects, the number of replicate lines; for mapping, the number of map acquisitions of the same area; for solution work, the number of discrete replicate measurements acquired per sample solution. The procedure registers an intended count where it has one; the analysis records the count actually acquired.",Advanced,Basic,Integer,3 | 5 | 10 | 20,,2026-08-26,(none),,,N,6 replicates (Table 1),N,N,N,N,N,N,N
Analysis Sequence,"The repeating order in which calibration or bracketing standards, quality-control and secondary reference materials, blanks and unknowns are interleaved within a measurement session. Adjustments must maintain the bracketing strategy defined in the procedure.",Basic,Read-Only,Text (free),Calibration block at session start; standard after every 3 samples | Bracketing every 5 samples | N/A | None | Other: specify,,2026-08-26,(none),,,N,N,N,N,Standard solution measured every two samples (stated section 2.1.1),N,N,N,N
Wash Time Between Samples,Duration of instrument rinse between successive sample solutions (seconds).,Basic,Read-Only,Numeric (s),120 | 180 | 210 | 300,Source: Solution Introduction module,2026-08-26,(none),"Controls carryover and memory effects. For isotope-ratio work, complete washout is critical to prevent cross-contamination between samples with differing isotopic compositions.",,N (B and Ta require special washout: 5% HNO3 + 0.1% HF alternated with 3% HNO3; stated section 3.1),60 s (Table 1),>=200 s in 0.5 mol/l HNO3; 200 s HF wash after Mo standard (stated section 2),N,~180 s (~3 min; stated: each measurement ~6 min including ~3 min wash; section 2.1.1),N,N,N,N
Signal Collection Mode,"Mode used to collect ion signal across the monitored masses. In peak hopping mode, the quadrupole jumps sequentially between pre-set mass positions and dwells at each peak; in scanning mode, the quadrupole sweeps continuously across a defined mass range. Peak hopping is standard for multi-element trace analysis as it maximises integration time at each mass.",Basic,Read-Only,Controlled list,Peak hopping | Scanning | N/A | None | Other: specify,,2026-08-26,(none),,,N,Peak hopping (stated Table 1),N,N,N,N,N,N,N
Collision Gas Type,Type of collision gas used in KED mode for polyatomic interference suppression. Record 'N/A' if KED mode is not used. Record 'N/A' where Collision/Reaction Cell (CRC) Configuration does not include KED.,Basic,Read-Only,Controlled list / Text,He | H2 | He+H2 | N/A | None,,2026-08-26,channel,,,N/A,N/A,N/A,He (stated Methods),N/A,O2 (used as the collision/reaction gas for the mass shift),He for KED; O2 for the mass-shift mode,"He+H2 mixture at 92% : 8%, to minimise 40Ar37Cl interferences",He
Collision Gas Flow Rate,Flow rate of the collision gas in KED mode (mL/min). Higher flow rates provide greater interference suppression at the cost of analyte sensitivity. Record 'N/A' if KED mode is not used. Record 'N/A' where Collision/Reaction Cell (CRC) Configuration does not include KED.,Basic,Editable,Numeric (mL/min),0.5 | 4.5 | 5.2 | N/A,,2026-08-26,(none),,,N/A,N/A,N/A,5 mL/min (stated Methods),N/A,N,N,N,N
Cell Exit Discrimination Voltage,Kinetic energy discrimination offset voltage applied at the exit of the collision cell (V). Controls the degree of polyatomic ion suppression. Record 'N/A' if KED mode is not used. Record 'N/A' where Collision/Reaction Cell (CRC) Configuration does not include KED.,Basic,Editable,Numeric (V),−2 | −5 | N/A,,2026-08-26,(none),,,N/A,N/A,N/A,N,N/A,N,N,N,N
Reaction Gas Type,"Type of reactive gas introduced into the dynamic reaction cell (e.g., NH3, O2, CH4). Record 'N/A' if DRC mode is not used. Record 'N/A' where Collision/Reaction Cell (CRC) Configuration does not include DRC.",Advanced,Read-Only,Controlled list / Text,NH3 | O2 | CH4 | N/A | None,,2026-08-26,channel,,,N/A,N/A,N/A,N/A,N/A,O2,O2 (for the 125Te mass-shift mode),N/A — collision mode only,N/A — KED only
Reaction Gas Flow Rate,Flow rate of the reaction gas in DRC mode (mL/min). Record 'N/A' if DRC mode is not used. Record 'N/A' where Collision/Reaction Cell (CRC) Configuration does not include DRC.,Advanced,Editable,Numeric (mL/min),N/A,,2026-08-26,(none),,,N/A,N/A,N/A,N/A,N/A,N,N,N,N
Collision/Reaction Gas Mixture Ratio,"Where the collision or reaction cell is supplied with a mixture of gases rather than a single gas, the identities and proportions of that mixture. Recorded separately from the gas identity because the proportions change reaction efficiency and interference suppression independently of which gases are used. Record 'N/A' where a single gas is used.",Advanced,Editable,Text (free),"e.g., 'He:H2 92% : 8%' | 'N/A (single gas)' | 'None'",,2026-08-26,channel,,,N,N,N,N,N,N,N,"He:H2 mixture at 92% : 8%, used to minimise 40Ar37Cl interferences",N
Reaction Product Ion / Mass-Shift Transition,"For each monitored mass produced by a reaction in the collision/reaction cell, the precursor ion, the reagent gas and the product ion measured. Records the mass-shift chemistry relating the mass measured to the analyte it reports, which the monitored mass alone does not state. Record 'N/A' where the analyte is measured on its own mass.",Advanced,Read-Only,Text (free),"e.g., '125Te + 16O -> 141TeO+' | '77Se + 16O -> 93SeO+' | 'N/A (on-mass measurement)'",,2026-08-26,channel,,,N,N,N,N,N,125Te + 16O -> 141TeO; 77Se + 16O -> 93SeO,125Te + 16O -> 141TeO (mass-shift O2 mode); 126Te measured on-mass in KED,N/A — on-mass measurement in CCT mode,N/A — on-mass measurement in KED mode
Internal Standard Element,"Element(s) used as the internal standard, the monitored isotope, and how the internal-standard concentration was established for unknowns. Where the element serves isotope-ratio work it must have a known isotopic composition and a mass close to the analyte's. Record 'None' together with the alternative used where no internal standard is applied.",Basic,Read-Only,Text (free),Ho (2 ppb) | Tb + Bi | In (10 ppb) | Rh (50 ppb) | None | N/A | Other: specify,Source: ICP-MS module,2026-08-26,(none),,,Rh (stated section 3.1),None (matrix-matched external calibration; stated section 2),149Sm (as ID-IS reference; stated section 2),"Sc, In, Re (stated Methods)",None (ID-IS method: spike isotope ratios used; stated section 2.1),"103Rh, to correct for matrix effects",N,103Rh and 115In,103Rh for the calibration-curve elements; 113In-203Tl for the ID-IS method; 91Zr and 179Hf for Nb and Ta
Internal Standard Concentration,Target concentration of internal standard element(s) in all measured solutions (µg/L or ppb). Record 'N/A' where Internal Standard Element is 'None'.,Advanced,Read-Only,Numeric (µg/L),"e.g., '5 µg/L In' | '10 µg/L Rh' | '1–10 µg/L (In, Rh, Re multi-element)' | '20 µg/L (high-dilution runs)'",Source: Solution Introduction module,2026-08-26,(none),,,N,N/A,N,N,N/A,N,N,N,N
Oxide Production Method and Threshold,"Method used to quantify plasma oxide production and the acceptance threshold applied before commencing analysis. Record both the monitored mass ratio(s) and the maximum allowed threshold(s). Measured values are recorded in Oxide Production. The monitored ratio is procedure-dependent: ThO+/Th+ (m/z 248/232), UO+/U+ (254/238), CeO+/Ce+ (156/140) and BaO+/Ba+ are all in use.",Basic,Read-Only,Text (free),CeO+/Ce+ (m/z 156/140) < 1.5% | CeO+/Ce+ < 1% | ThO+/Th+ < 0.3% | N/A | None | Other: specify,Source: ICP-MS module,2026-08-26,(none),,,CeO+/Ce+ < 2.5% and Ce2+/Ce+ < 2.5% (stated section 3.1),CeO/Ce < 3% (stated section 2),CeO+/Ce+ < 0.01 (= <1%; stated section 2),N,CeO+/Ce+ < 1% (stated section 2.1.1),N,N,N,N
Oxide Production,"Measured oxide production ratio obtained during session-start tuning, for the proxy specified in Oxide Production Method and Threshold. Record the measured value and confirm whether the procedure threshold was met.",N/A,Basic,Text (free),CeO+/Ce+ = 0.8% (threshold < 1.5% met) | ThO+/Th+ = 0.2% (threshold < 0.3% met),Source: ICP-MS module,2026-08-26,(none),,,N/A,N/A,N/A,N/A,N/A,N,N,N,N
Doubly-Charged Species Monitor,Mass ratio monitored to estimate doubly-charged ion (M2+) formation during instrument tuning. Doubly-charged ions appear at half the nominal mass of the parent ion and can interfere with lighter analyte masses. Ba2+/Ba+ (m/z 69/138) and Ce2+/Ce+ (m/z 70/140) are the most common proxies for solution ICP-MS.,Advanced,Editable,Text (free),Ba2+/Ba+ (m/z 69/138) | Ce2+/Ce+ (m/z 70/140) | N/A | None | Other: specify,,2026-08-26,(none),,,Ce2+/Ce+ (m/z 70/140; stated section 3.1),N,N,N,N,N,N,N,N
Doubly-Charged Species Production,Measured percentage of doubly-charged ion production for the monitored species at the time of instrument tuning. Record both the acceptance threshold and the measured value. Elevated doubly-charged production indicates incomplete ionization and potential interference on elements at approximately half the mass of abundant matrix components.,Advanced,Editable,Text (free),Ba2+/Ba+ < 5% (threshold); 2.1% (measured) | Ce2+/Ce+ < 3% (threshold); 1.8% (measured) | N/A | None,,2026-08-26,(none),,,Ce2+/Ce+ < 2.5% threshold (stated section 3.1),N,N,N,N,N,N,N,N
Ion Counter Dead Time,"Dead time of each ion-counting detector channel, used in the dead-time correction applied to high count rates. Distinct from pulse/analog cross-calibration, which relates the two detector modes rather than correcting counting losses within the pulse-counting mode.",Basic,Editable,Numeric (ns),"e.g., '23' | '35 ns, determined from a Th calibration series and checked quarterly' | 'N/A (analog detection only)'",Source: ICP-MS module,2026-08-26,channel,,,N,N,N,N,N,N,N,N,N
5. Data Processing,,,,,,,2026-08-26,,,N,N,N,N,N,N,N,N,N,N
Internal Standard Approach,"Role(s) assigned to the internal standard(s) in data reduction: drift correction only, matrix normalization, or a combination.",Basic,Read-Only,Controlled list,Drift correction only | Matrix normalization | Drift + matrix normalization | N/A | None | Other: specify,,2026-08-26,(none),,,Drift correction (Rh used as IS for drift; stated section 3.1),N/A (no IS; matrix-matched external calibration),ID internal standard (149Sm spike for drift + concentration calculation; stated section 2),"Drift correction (Sc, In, Re; stated Methods)",N/A (ID-IS: spike isotope ratios used for concentration calculation; stated section 2.1),N,N,N,N
Drift Correction Method,Method used to correct for instrumental signal drift across a session.,Basic,Read-Only,Controlled list,IS normalization | Standard bracketing | IS normalization + bracketing | None | N/A | Other: specify,,2026-08-26,(none),,,IS normalization + standard bracketing (Rh IS + repeated calibration solution; stated section 3.1),Standard bracketing (matrix-matched standards at fixed intervals; stated section 2),IS normalization (149Sm spike ratio; stated section 2),"IS normalization (Sc, In, Re; stated Methods)",Standard bracketing (standard every two samples; stated section 2.1.1),N,N,N,N
Per-Analyte Calibration Strategy,"Approach used to convert measured ion signals to reported concentrations, and specifically any case where different analytes or analyte groups within one procedure are calibrated differently - different primary standards for different mass ranges or phases, or one element serving as internal standard while others are externally calibrated. Where a single strategy applies to all analytes, record that strategy. Where the procedure reports isotope ratios only and no concentrations, record 'Not applicable (isotope ratios only)'.",Basic,Read-Only,Text (free),External calibration (all analytes) | Isotope dilution (all analytes) | ID for Zn (67Zn spike); external calibration for all other elements | External calibration + standard addition | N/A | None | Other: specify,Source: ICP-MS module,2026-08-26,analyte,,,External calibration (all analytes; stated section 3.1),External calibration with matrix-matched standards at 100 ppm Ca (stated section 2),Isotope dilution with ID-IS normalization (ID-IS; all analytes; stated section 2),External calibration (stated Methods),Isotope dilution with ID-IS normalization (all analytes; stated section 2.1),External calibration for both Te and Se,External calibration,External calibration,"Three strategies by group: calibration curve with 103Rh internal standardisation; 113In-203Tl ID-IS (Yokoyama et al. 2017); isotope dilution for Ti, Zr, Mo, Hf and W; 91Zr and 179Hf as internal standards for Nb and Ta"
Signal Integration Interval Method,"Method used to define which portion of the acquired signal is integrated for each reported measurement, and the rule for excluding unstable or anomalous portions. State whether the interval is the full acquisition, a stable sub-interval selected by inspection, or selected by an automated criterion, and name the criterion.",Basic,Read-Only,Controlled list / Text,Full acquisition | Stable interval selected by inspection | Automated threshold | Automated outlier rejection | Fixed time window | N/A | None,Source: ICP-MS module,2026-08-26,(none),,,N,N,N,N,N,N,N,N,N
Signal Integration Time,"The integration time actually used for the reported signal, in seconds - the time retained after the signal-integration interval has been applied, and therefore equal to or shorter than the total acquisition. Where the procedure computes it from an acquisition structure, record that basis.",N/A,Basic,Numeric (s),,Source: ICP-MS module,2026-08-26,(none),,,N/A,N/A,N/A,N/A,N/A,N,N,N,N
Blank / Background Correction Method,"Method used to subtract background and, where relevant, procedural blank from the measured signal. State what is subtracted - instrument background acquired with no sample reaching the plasma, an on-peak zero acquired on the same matrix, or a separately measured procedural blank - over what interval it is measured, and at what granularity it is applied.",Basic,Read-Only,Controlled list / Text,Gas blank | On-peak zero | Solution blank | Procedural blank | On-peak zero + procedural blank | N/A | None,Source: ICP-MS module,2026-08-26,(none),,,N,On-peak zero (stated implicitly; calibration standards include procedural blank equivalent),N,N,N,N,N,N,N
Spike / Outlier Filtering Approach,"Criteria used to identify and exclude anomalous data - signal spikes, individual cycles, or whole replicate measurements - before the reported value is calculated. State where in the reduction sequence the filter is applied.",Advanced,Editable,Text (free),2σ exclusion | Grubbs test | Visual inspection | None | N/A | Other: specify,Source: ICP-MS module,2026-08-26,(none),,,N,N,N,N,N,N,N,N,N
Pulse/Analog Detector Nonlinearity Correction,"Whether a correction was applied for nonlinear detector response at the transition between pulse-counting and analog detection modes. For Q-ICP-MS instruments with dual-mode SEM detectors, a cross-calibration factor is measured and applied at the pulse-to-analog crossover threshold. Accurate cross-calibration is critical for analytes spanning a wide concentration range in the same session.",Advanced,Editable,Controlled list / Text,Applied: cross-calibration factor measured per session and applied at crossover threshold | Not applied (all signals in pulse-counting mode) | Not applicable (pulse-counting only) | N/A | None,,2026-08-26,(none),,,N,N,N,N,N,N,N,N,N
Isobaric Interference Corrections Applied,"Whether mathematical corrections for isobaric, polyatomic or residual interferences are applied in data reduction, supplementary to any suppression already achieved by chemical separation, mass resolution, or a collision/reaction cell. Detail for each affected mass is carried by Interfering Species and Interference Correction Method.",Basic,Read-Only,Controlled list / Text,Yes | No | N/A | None,Source: ICP-MS module,2026-08-26,(none),,,"Y (114,115Sn+ on 114Cd+/115In+; stated section 3.1)",Y (7Li18O on 25Mg; 46Ti on 46Ca; 40Ar26Mg on 66Zn; 87Rb on 87Sr; stated Table 1 footnote),Y (95Mo16O+ and 71Ga40Ar+ on 111Cd; 97Mo16O+/113In+ on 113Cd; 115Sn+ on 115In+; stated section 2),N,N (ID-IS inherently corrects for interferences; stated section 2.1),"Yes — oxygen shift used to move the analyte away from interferences, including doubly-charged REE on 77Se","Yes — 86Sr40Ar, 110Cd16O and 110Pd16O on 126Te, and 126Xe from the acid blank","Yes — 40Ar37Cl on Se, minimised by the He:H2 collision mixture",N
Interfering Species,"The isobaric, polyatomic and doubly charged species that overlap the measured masses and are corrected in data reduction - direct isobars, oxides and argides, hydrides, and abundance-sensitivity tailing from an adjacent large beam. Name each species and the mass it affects.",Basic,Read-Only,Text (free),"ArCl+ on 75As | MoO+ on Cd isotopes | Ba2+ on Zn isotopes | None | N/A | Other: specify | For Q-ICP-MS, common interferences include ArCl+ on 75As, MoO+ species on Cd isotopes, and BaO+ on Eu.",Source: ICP-MS module,2026-08-26,channel,,,114Sn+ on 114Cd+; 115Sn+ on 115In+ (stated section 3.1),7Li18O+ on 25Mg; 46Ti on 46Ca; 40Ar26Mg+ on 66Zn; 87Rb+ on 87Sr (Table 1 footnote),95Mo16O+ and 71Ga40Ar+ on 111Cd; 97Mo16O+ and 113In+ on 113Cd; 115Sn+ on 115In+ (stated section 2),N,N,Doubly-charged rare earth elements on 77Se,"86Sr40Ar, 110Cd16O, 110Pd16O on 126Te; 126Xe from 2% HNO3 analytical blanks",40Ar37Cl,N
Interference Correction Method,"Equation or procedure used to calculate and remove each interference contribution, together with how its magnitude was established - a monitor mass measured simultaneously and scaled by natural abundance ratios, a production-rate factor measured on a reference material or interference standard solution, or a tailing factor measured on a pure standard. Name the reference material used.",Basic,Read-Only,Text (free),Interference standard solutions (Burney–Neal approach) | Mass-balance equations | Empirical correction factors from pure element solutions | None | N/A | Other: specify,Source: ICP-MS module,2026-08-26,channel,,,Empirical correction factors from pure 118Sn solution (stated section 3.1),Empirical correction factors (stated Table 1 footnote),Ratio-based correction using 95Mo and 118Sn monitors (stated section 2),N,N,Mass shift away from the interference rather than mathematical correction,"Corrections established with respective monoelemental solutions, each influencing <0.1% (Filella and Rodushkin, 2018)",Collision-cell suppression using the He:H2 mixture,N
Isotope Dilution Data Reduction Method,"Mass balance approach used to calculate sample mass fractions, and where applicable isotope ratios, from spike-sample isotope ratio measurements. For double-spike procedures the ratios and concentrations are co-determined through the spike inversion; for conventional isotope dilution the IUPAC ID equations are used. Record 'None' where neither isotope dilution nor double-spike methods are applied.",Basic,Read-Only,Text (free),IUPAC isotope dilution equations | Double-spike inversion | None | N/A | Other: specify,Source: ICP-MS module,2026-08-26,(none),,,None,None,IUPAC isotope dilution equations with ID-IS internal standard normalization (stated section 2),None,IUPAC isotope dilution equations (ID-IS method; stated section 2.1),N,N,N,"ID-IS method of Kagami and Yokoyama (2021); isotope dilution for Ti, Zr, Mo, Hf and W"
Memory Effect Mitigation,"Procedure applied to identify and minimise carry-over of high-concentration or isotopically distinct material from a preceding measurement into the current one. Mitigation is applied primarily at measurement time, by allowing sufficient washout or rinse between successive introductions. At data processing level, record any flagging or exclusion of measurements where the required washout may not have been achieved.",Advanced,Editable,Text (free),Extended rinse between high-concentration samples and unknowns; flagged in sequence log | Replicate first measurement discarded if preceded by high-concentration standard | None required for this analyte suite | N/A | None,Source: ICP-MS module,2026-08-26,(none),,,Alternating 5% HNO3 + 0.1% HF and 3% HNO3 washout for B and Ta (stated section 3.1),60 s wash between samples (stated Table 1),>=200 s in 0.5 mol/l HNO3; 200 s HF wash after Mo standard (stated section 2),N,~3 min washout; ~3 min uptake stabilization (stated section 2.1.1),N,N,N,N
Uncertainty Level,"The convention at which reported uncertainties are quoted — 1-sigma, 2-sigma, or a 95% confidence interval — and whether a measured spread is reported as a standard error or a standard deviation. State the convention applying to all values reported under this procedure, and state each separately where different reported quantities use different conventions. Distinct from Uncertainty Propagation Method, which addresses how component uncertainties are combined rather than how the result is quoted.",Basic,Read-Only,Controlled list / Text,2σ (95% confidence) | 1σ (68% confidence) | 95% confidence interval | 2 standard errors (2SE) | 1 standard deviation (1SD) | N/A | None,Source: ICP-MS module,2026-08-26,(none),A reported uncertainty is not interpretable without it: the same numeric value means different things at 1-sigma and at 95% confidence.,,"RSD% -- ""The RSD is the relative standard deviation in percent""; n = 4-7 per reference material","RSD% -- ""RSD% (relative standard deviation) = [SD of measurements/average ratio]*100%""","RSD% (n = 5) and RPD (relative percentage difference) -- both used; ""RPD, relative percentage difference""","N -- no uncertainty convention stated for the elemental (Q-ICP-MS) data; the ""2SD, n = 4"" in Methods applies to the delta-66Zn MC-ICP-MS results",RSD% with observed ranges in parentheses,Mean +/- SD,Mean +/- SD,N,N — replicate averages (n = 5) and associated uncertainties stated to be in the supplementary material
Uncertainty Propagation Method,"The approach used to propagate analytical uncertainty through the data reduction chain to the final reported value. State which sources are included in the propagation: counting statistics, calibration standard uncertainty, internal standard uncertainty, drift correction, and any systematic contributions. Distinct from Uncertainty Level, which states the convention at which the resulting uncertainty is quoted.",Advanced,Editable,Text (free),Quadrature propagation | Monte Carlo | ISO GUM | None | N/A | Other: specify,Source: ICP-MS module,2026-08-26,reported property,,,N,N,N,N,N,N,N,N,N
Normalization / Standards-Based Correction,"Post-acquisition normalization applied to output concentrations relative to a reference value (e.g., correction to a monitor element's certified value in the calibration standard).",Advanced,Editable,Text (free),CI chondrite normalization | Primitive mantle normalization | None | N/A | Other: specify,,2026-08-26,reported property,,,N,N,N,N,N,N,N,N,N
Calibration Factor and Determination Method,"An externally-calibrated factor that converts the measured quantity into the reported quantity, how it was determined, and its uncertainty. Applies where the conversion depends on a factor calibrated against a reference of independently known value, rather than on the instrument response alone. Distinct from the fields that name the calibration material and that state which approach applies to which analyte, where the technique has them: this field records the resulting factor itself.",Basic,Editable,Text (free),,Source: Calibration Factor module,2026-08-26,reported property,,,"Partially -- ""Drift corrections are carried out using Rh as an internal standard and by repeatedly analyzing a calibration solution as a drift monitor over the duration of a run""; ""The isotope interferences of 114,115Sn+ on 114Cd+ and 115In+ were calibrated through the measurement of 118Sn+"". No factor value or its uncertainty stated","Correction factor CF for the 40Ar26Mg interference on 66Zn: ""In this case, CF is 0.0022""; ""Generally, CF values are around ~0.002""; ""CF was calculated daily by Ks defined by 0.075M HNO3 and two (one each of Mg and Zn) diluted standards"". Calibration slopes and intercepts applied to convert intensity ratios to element/Ca ratios","Relative concentration factors f_G and S_Gi (""the ratio of the concentration in the solution to the signal intensity of the measured isotope"") in the ID-IS equation, obtained from calibrator solutions measured before and after the sample; mass discrimination correction ""based on the mean elemental ratios obtained from the calibrator solution measurements""; MoO+/Mo+ from a Mo standard run ""after every sixth sample"". No numeric factor values reported","Partially -- ""A mixture of certified standards was measured across a range of concentrations to convert count measurements into solution concentrations"". No factor value, determination detail or uncertainty stated","Recovery-yield factors ""determined by the calibration curve and the ID methods using ICP-QMS""; Nb and Ta yields ""obtained by ID-IS method""; ""Errors in the yield determination are estimated to be ~7%; thus >~93% is considered to be the perfect yield""",N,N,N,N
Procedural Blank Level,"The measured level of the analytical blank in the session, and — where the reported quantity is a ratio — its composition, since a blank subtracted from a ratio biases the result unless its own composition is known. Companion to the blank correction method.",N/A,Basic,Text (free),,Source: Blank module,2026-08-26,(none),Follows the criterion-versus-measurement split the library applies wherever a procedure sets a threshold and an analysis reports a value against it.,,"Per-element blanks in ppb with standard deviation, n = 5 (e.g. B 0.39 +/- 0.26; Zn 0.80 +/- 0.56; Pb 0.043 +/- 0.020; V 0.50 +/- 0.38)","Reported as blank contribution relative to typical foraminiferal test ratios: ""<1% for Ca, Mg, Sr and Li; higher blanks were observed for Cd (<2%), and U (<5%) ... and for Zn (<4%)""; ""The B blank was substantially decreased to ~5% by the employment of a quartz spray chamber, compared with ~30% when using a glass spray chamber""","""Total dissolution blanks for the ultrasonic bath and bomb digestions were similar at <16 pg for each element (n = 4)""; per-element blanks Cd 16 pg, In <0.2 pg, Tl 4 pg, Bi 3 pg",N,"Blanks in spike solutions (pg g-1) and total procedural blank (pg) tabulated per element; ""Blank effects for Ti, Zr, Mo, Hf and Ta from the Ca-Al-Mg solutions and the total procedure were <0.2% and negligible. The blank effects for Sn and Sb ... were 0.4-9% and 0.2-6%"" [sec 2.4]; ""Blank corrections using the values shown in Table 4 were applied to all analyses. The blank corrections were usually <1% in basalt and andesite analyses and <4% in peridotite reference materials"" [sec 3.6]",N,Three blanks run for each extraction; 126Xe contribution from 2% HNO3 analytical blanks noted,N,N — blank data stated to be in the supplementary material; Ta and W blank contributions exceeded 30%
Analysis Inclusion and Rejection Criteria,"The rules determining which individual analyses contribute to a reported aggregate result, together with the outcome of applying them: how many analyses were acquired, how many were included, and on what grounds any were excluded. Distinct from within-analysis outlier filtering, which removes anomalous points inside a single analysis: this field decides which whole analyses enter the reported value.",Basic,Basic,Text (free),,Source: Aggregation module,2026-08-26,(none),"Criteria and outcome are combined in one field because neither is interpretable without the other, following the precision/accuracy precedent.",,"Partially -- replicate counts stated per reference material (n = 6, 5, 7, 4, 4; blanks n = 5). No acceptance or rejection rule, and no acquired-versus-included count, stated","Partially -- number of replicate analyses stated per ratio (n = 120, 88, 32, 70, 50). No acceptance or rejection rule stated","Partially -- n = 5 (evaporation test), n = 4 (dissolution blanks), ""an average of eight sessions"" for detection limits. No acceptance or rejection rule stated. 113Cd was excluded as a determination channel -- ""113Cd was not used for Cd determination, because the correction of 113In was far larger than the MoO correction"" -- which is a channel decision, not an analysis-inclusion decision",N,"Partially -- ""Orgueil and Allende were analyzed 4 times and twice from the sample digestion, respectively. ... As the sample amounts used were small, and the carbonaceous chondrites are heterogeneous, analytical results for each run are shown in the table"" alongside the averages. No acceptance or rejection rule stated",N,N,N,"Explicit rule and outcome: 'Although the abundances of Ta and W were measured, the data for these elements were excluded from the results due to high blank contributions (>30%) during the ICP-MS analysis'"
Constants and Reference Values Used,"Physical constants and reference values used in data reduction to calculate the final reported quantity (e.g., decay constants for age calculation, standard isotope ratios, or other citable reference values used in a correction or calculation), together with their source. Distinct from the Group 6 reference-material fields, which document accepted values for specific calibration/validation materials rather than universal physical constants. Record ""None"" if no citable, revisable physical constants feed into this procedure's data reduction.",Basic,Editable,Text (free),"e.g., ""λ238U = 1.55125×10⁻¹⁰ yr⁻¹, λ235U = 9.8485×10⁻¹⁰ yr⁻¹ (Jaffey et al. 1971); 238U/235U = 137.818 (Hiess et al. 2012)"" | ""None""",Source: Core module,2026-08-26,(none),,,N,"Natural isotopic abundances used to select isotopes and derive correction factors: the Li standard ""was artificially depleted of 7Li (92.32% vs 92.48% for natural)""; ""The natural abundance of 11B (80.17%) is also different from values of foraminiferal samples which are expected to be 80.40-80.43% if assumed to have d11B ratios of 25-27 permil"", giving ""correction factors (0.9983 for Li and 0.9968-0.9971 for B)""; 111Cd 12.8%, 112Cd 24.1%, 114Cd 28.7%, 238U 99.3%","""113In/115In = 0.0448 (Rosman and Taylor 1998)"" used in the In correction; ""For a 94Mo/95Mo value of 0.58"" and MoOH+/MoO+ ""a value of ~0.15 was obtained"", both used in the Mo-oxide correction",N,"Partially -- the ID equation is built on spike and natural isotope ratios, and the mixed standard solution is referenced to the B isotope ratio standard of Makishima et al. (1997). No constant values or their sources are tabulated",N,N,N,N
6. Quality Control & Uncertainty,,,,,,,2026-08-26,,,N,N,N,N,N,N,N,N,N,N
Primary Calibration Standard Name,"Name and reference material identifier of the external calibration standard used to convert signal intensities to elemental concentrations. Include the material name, its source or supplier, and a citation for the accepted values used, since results calibrated against different published values for the same material are not directly comparable.",Basic,Editable,Text (free),NIST SRM 1640a | Merck multi-element solution | Lab-prepared single-element standard mix | N/A | None | Other: specify,,2026-08-26,(none),,,Multi-element calibration solution (not formally named; stated section 3.1),Series of matrix-matched standards at 100 ppm Ca (not formally named; stated section 2),"Multi-element calibrator solution (Cd, In, Tl, Bi, Sm; not formally named; stated section 2)",Mixture of certified standards (not formally named; stated Methods),Multi-element standard solution (not formally named; stated section 2.1.1),N,N,N,XSTC-13 and a custom solution for the calibration-curve elements; MISA05-1 (AccuStandard Inc.) for Group-3
Calibration Standard Measurement Frequency,"How often the primary calibration or bracketing standard is measured relative to unknown samples within a session. Specify the bracketing scheme where a fixed one is used, such as one standard measurement before and after each sample.",Basic,Read-Only,Text (free),Before and after every 3 samples | Bracketing every 5 samples | Start and end of session only | N/A | None | Other: specify,Source: ICP-MS module,2026-08-26,(none),,,N,N,N,N,Every two samples (stated section 2.1.1),N,N,N,N
Secondary Reference Materials,Reference material(s) measured as unknowns to independently assess analytical accuracy. Specify material name and expected-value source.,Basic,Editable,Text (free),BHVO-2 | BCR-2 | AGV-2 | W-2a | N/A | None | Other: specify,,2026-08-26,defines: standard,,,"AGV-1, BHVO-1, G-2, SCO-1, GSR-5 (stated Table 2)",N (inter-lab comparison used; no certified RM listed as secondary standard),"JB-2, JB-3, JA-1, JA-2, JA-3, JP-1, BHVO-1, AGV-1, PCC-1, DTS-1, NIST SRM 610/612/614/616, carbonaceous chondrites (stated in text)",N,USGS and GSJ geological reference materials and carbonaceous chondrites (stated Table 5),N,NCS 73307 stream sediment,CRM-TMDW drinking water and NIST 1643f freshwater,"Smithsonian Allende powder (20 mg), dissolved and measured n = 5 under the same procedure"
Detection Limit,"Elemental detection limits, one per reported concentration variable (one per analyte, these being the same set). Specify units (µg/g or µg/L) and whether values are procedure-typical estimates or session-specific measured values.",Advanced,Basic,Numeric + unit / Text,,,2026-08-26,reported property,,,N,N,"Analyte-specific (pg/ml level; e.g., Cd 0.04 pg/ml, In 0.5 pg/ml, Tl 0.5 pg/ml, Bi 0.6 pg/ml; stated Table 1)",N,N,N,LOD 0.1 ng L-1 (N = 10); selective-extraction Te concentrations 5-fold (F2) to 200-fold (F4) above LOD,LOD 0.01 ug L-1 (N = 10),N
Detection Limit Method,Method used to calculate detection limits for each reported concentration variable.,Basic,Read-Only,Controlled list / Text,3σ blank | 3σ background | 3σ counting statistics | 3× blank mean | Poisson statistics | N/A | None,,2026-08-26,reported property,,,N,N,3 sigma blank (stated section 2),N,N,N,N,N,N
Limit of Quantification (LOQ) Method,Reference or description of the method used to calculate the limit of quantification (LOQ): the lowest concentration reliably measurable with acceptable precision and accuracy. Mandatory at analysis level when concentrations near the LOD are reported.,Advanced,Basic,Controlled list / Text,10σ blank | 10σ background | 10× LOD | 3.3× LOD | S/N ≥ 10 | N/A | None,Source: ICP-MS module,2026-08-26,reported property,,,N,N,N,N,N,N,N,N,N
Counting Statistics Error,"Uncertainty predicted from counting statistics — the theoretical limit set by the Poisson distribution of the counts accumulated — for each reported quantity per analysis, with the sigma level stated. Derived from the counts on the analyte together with those on any background or blank subtracted from it. Distinct from the scatter actually observed within a measurement or between repeated measurements, which is recorded separately: where a procedure reports both, agreement indicates the measurement is shot-noise limited, and a larger observed scatter indicates a further source of variance.",Advanced,Basic,Text (free),"e.g., '2SE predicted from counting statistics over 45 cycles' | '~0.6% (1 sigma), counting statistics plus propagated uncertainties' | 'N/A'",,2026-08-26,sample > sampling unit x reported property,,,N,N,N,N,N,N,N,N,N
Internal (Within-Measurement) Analytical Precision and Assessment Method,"Precision of a single measurement, derived from the scatter of the cycles, sweeps or integrations that make it up, together with the method used to assess it. State the statistic (2SE, 2SD, 1s RSD), the number of cycles it is computed over, and the reported quantity it applies to. Distinct from Counting Statistics Error, which records the uncertainty predicted from the counts rather than the scatter observed; where a procedure reports both, record the observed value here and the predicted value there.",Advanced,Basic,Text (free),"e.g., '2SE = 2SD/sqrt(n), n = 45 cycles' | '+/-0.001-0.002 (2SE) on 206Pb/204Pb' | '~2.6% (2SE) on single-spot ages' | 'N/A'",Source: ICP-MS module,2026-08-26,sample > sampling unit x reported property,"This is the finest of the three precision levels the library records, below within-session and between-session precision: it describes the repeatability of one analysis rather than agreement between analyses, and is normally the smallest of the three.",,N,N,N,N,N,N,N,N,N
Within-Session Analytical Precision and Assessment Method,"Precision of repeated measurements within a single analytical session and the method used to assess it. Report both the assessment method and the precision values. The assessment method must specify the reference material or standard measured, the number of replicates n, and the statistic reported (1s RSD, 2s RSD, 2SD, 2SE, 95% CI). Distinct from the internal precision of a single measurement, which derives from counting statistics over the cycles of that measurement rather than from repeated analyses.",Basic,Basic,Text (free),RSD of replicate standard measurements | RSD of secondary RM replicates | N/A | None | Other: specify,Source: ICP-MS module,2026-08-26,standard x reported property,,,%RSD of repeated standard measurements (stated section 3.1),N,%RSD of repeated standard and RM analyses (stated section 2),N,N,N,N,N,N
Between-Session (Long-Term) Analytical Precision and Assessment Method,"Precision of measurements across multiple analytical sessions over weeks to months — long-term or intermediate precision — and the method used to assess it. Report both the assessment method and the precision values, specifying the reference material, the number of measurements and sessions, the time span covered, and the statistic reported.",Advanced,Basic,Text (free),RSD of secondary RM across sessions | Control chart | N/A | None | Other: specify,Source: ICP-MS module,2026-08-26,standard x reported property,Long-term precision is normally poorer than within-session precision and is the figure a data user should carry when comparing results from different sessions.,,N,N,N,N,N,N,N,N,N
Analytical Accuracy and Assessment Method,"Offset between measured and accepted values for secondary reference materials, and the method used to assess it. Specify the reference material and the source of its accepted values, the number of analyses, and the quantities assessed. Report systematic biases and their likely causes. Express the offset in the form appropriate to what the procedure reports - percent relative bias for concentrations, or deviation in delta or ratio units for isotopic quantities.",Basic,Basic,Text (free),Percent recovery of secondary RM | Z-score | Bias from certified value | N/A | None | Other: specify,Source: ICP-MS module,2026-08-26,standard x reported property,,,"% recovery relative to USGS/GSCA certified/consensus values (stated section 3.2, Tables 2-3)",Comparison with published inter-lab values for Me/Ca ratios (stated section 3),% recovery relative to certified/consensus values for USGS/GSJ/NIST RMs (stated section 3),N,% recovery relative to USGS/GSJ certified values (stated section 3),Recovery on NCS 73307 total digestions 94 +/- 17% (N = 3),Recoveries: NIST 1643f 95 +/- 5% (N = 5) in KED mode and 89 +/- 10% (N = 5) in O2 mode; NCS 73307 99 +/- 14% (N = 4) in KED and 70 +/- 19% (N = 4) in O2 mode,Recoveries 98-... % on CRM-TMDW and NIST 1643f,N
Goodness-of-Fit or Dispersion Statistic,"The statistic reported to show whether scatter among the contributing analyses exceeds what analytical uncertainty alone predicts, together with its value. The procedure may still state an acceptance threshold, which belongs with the inclusion criteria.",N/A,Basic,Text (free),,Source: Aggregation module,2026-08-26,reported property,Answers whether a reported aggregate is defensible as a single population. The value cannot be known before the analysis.,,N,"N for the quantity this field defines. A calibration-curve fit statistic is reported -- ""The calibration curves determined from multiple standards are linear and R2 are usually greater than 0.999"" -- which measures the fit of the calibration, not whether scatter among contributing analyses exceeds analytical uncertainty",N,N,N,N,N,N,N
Additional Notes,"Any procedure- or analysis-specific information not captured by a structured field anywhere in this TAPP — including anomalies, deviations from the registered procedure, instrument modifications, and supplementary context. Scope is the whole document, not Group 6: this is the last field of the TAPP and covers all six groups. Use sparingly; a structured field is preferred for anything that can be formally categorised.",Advanced,Advanced,Text (free),,Source: Core module,2026-08-26,(none),,,Autolens used (not guard electrode; stated section 3.1); 3 sweeps/reading x 3 readings = 9 sweeps/replicate; 48 trace elements analyzed,Peak hopping scan mode explicitly stated in Table 1 [NOTE: no dedicated Signal Collection Mode field in TAPP v2; Phase 4 flag]; pulse counting detection; autolens on (Table 1); 0.03 mm ID pump tubing for ~60 uL/min uptake,Dwell times in Table 1 expressed as ms per 1 s cycle time; octopole CRC present but no gas used (PML practice); 149Sm used as both ID spike and internal standard,He KED applied only for masses 23-75; above mass 75 no KED (stated Methods); coupled to MC-ICP-MS Neptune Plus for Zn isotopes on same dissolved aliquots,Pseudo-flow injection (pFI) acquisition: 30 s / 48 scans / 1 pt per mass; 0.5 mol/l HF as carrier and wash; shield torch on; Pt cones; self-aspiration PFA-20,N,N,N,N
