Metadata Item,Description / Purpose,Procedure-Level Tier,Analysis-Level Tier,Data Type,Example / Allowed Content,Comments,Last Update,Keyed By,EDS Point Analysis,EDS Mapping,WDS Point Analysis,WDS Mapping,Literature Assessment,Garvie et al. 2008 | Tagish Lake (C2) nanoglobules | SE Imaging (FEI Nova 200 NanoLab),"Garvie et al. 2008 | Tagish Lake (C2) nanoglobules | TEM Sample Preparation (FIB, FEI Nova 200 NanoLab)","Genge et al. 2025 | Micrometeorite NG-1 (CV3-like) | BSE Imaging (ZEISS Sigma 1550VP, 10 kV)","Genge et al. 2025 | Micrometeorite NG-1 (CV3-like) | EDS Point Analysis (ZEISS Sigma 1550VP, 10 kV)","Genge et al. 2025 | Micrometeorite NG-1 (CV3-like) | EBSD (ZEISS Sigma 1550VP, 20 kV)","Gucsik et al. 2013 | Forsterite, Kaba meteorite (CV3) | CL Mapping (JEOL JSM-5410LV)","Gucsik et al. 2013 | Forsterite, Kaba meteorite (CV3) | EDS Point Analysis (JEOL JSM-5410LV)",Izawa et al. 2010 | Tagish Lake (C2) meteorite | CL Mapping (Hitachi S-2500C),Izawa et al. 2010 | Tagish Lake (C2) meteorite | BSE Imaging (Leo 440),Izawa et al. 2010 | Tagish Lake (C2) meteorite | EDS Mapping (Leo 440),Izawa et al. 2010 | Tagish Lake (C2) meteorite | BSE Imaging (Leo 1540 FIB/SEM CrossBeam),Izawa et al. 2010 | Tagish Lake (C2) meteorite | EDS Point Analysis (Leo 1540 FIB/SEM CrossBeam),Liu et al. 2017 | High-rank coal (Qinshui basin) | 3D Tomography (Carl Zeiss Crossbeam 540),Liu et al. 2017 | High-rank coal (Qinshui basin) | SE Imaging (ESEM Quanta 250),Liu et al. 2017 | High-rank coal (Qinshui basin) | SE Imaging (FESEM SUPRA 55),Ma et al. 2017 | Khatyrka CV3 chondrite (metal phases) | BSE Imaging (ZEISS 1550VP FE-SEM),"Ma et al. 2017 | Khatyrka CV3 chondrite (metal phases) | EBSD (ZEISS 1550VP FE-SEM, HKL system, 20 kV)","Pascucci et al. 2026 | NWA 7317 CR6 chondrite | BSE Imaging (Zeiss Supra 40 FE-SEM, 20 kV)","Pascucci et al. 2026 | NWA 7317 CR6 chondrite | EDS Point Analysis (Zeiss Supra 40 FE-SEM, 20 kV)","Pascucci et al. 2026 | NWA 7317 CR6 chondrite | EDS Mapping (Zeiss Supra 40 FE-SEM, 20 kV)",Pascucci et al. 2026 | NWA 7317 CR6 chondrite | SE Imaging (Zeiss Supra 40 FE-SEM),"Zhou et al. 2017 | Coal (SC + HBC, Junggar Basin) | 3D Tomography (FEI Helios NanoLab 650)","Zega et al. 2025 | Bennu asteroid particles (OSIRIS-REx) | BSE Imaging (JEOL 7600F, NASA JSC, 15 kV)","Zega et al. 2025 | Bennu asteroid particles (OSIRIS-REx) | EDS Point Analysis (JEOL 7600F, NASA JSC, 15 kV)","Zega et al. 2025 | Bennu asteroid particles (OSIRIS-REx) | SE Imaging (Hitachi S-4800, U Arizona)","Zega et al. 2025 | Bennu asteroid particles (OSIRIS-REx) | BSE Imaging (Hitachi S-4800, U Arizona)","Zega et al. 2025 | Bennu asteroid particles (OSIRIS-REx) | EDS Mapping (Hitachi S-4800, U Arizona)","Zega et al. 2025 | Bennu asteroid particles (OSIRIS-REx) | TEM Sample Preparation (Helios G3, U Arizona)","Zega et al. 2025 | Bennu asteroid particles (OSIRIS-REx) | TEM Sample Preparation (Helios G4 UX, UC Berkeley)","Zega et al. 2025 | Bennu asteroid particles (OSIRIS-REx) | TEM Sample Preparation (Quanta3D600, NASA JSC)","Zega et al. 2025 | Bennu asteroid particles (OSIRIS-REx) | CL Mapping (JEOL JSM-7000F, Universite Cote d'Azur, 5 keV)","Barnes et al. 2025 | Bennu asteroid particles (OSIRIS-REx) | EDS Mapping (JEOL 7600F, NASA JSC, 15 kV)","Barnes et al. 2025 | Bennu asteroid particles (OSIRIS-REx) | BSE Imaging (FEI Quanta 3D DualBeam + Helios DualBeam, NASA JSC)","Barnes et al. 2025 | Bennu asteroid particles (OSIRIS-REx) | TEM Sample Preparation (FEI Helios G4 DualBeam, NASA JSC)","Barnes et al. 2025 | Bennu asteroid particles (OSIRIS-REx) | TEM Sample Preparation (FEI Helios 660 G3, NASA JSC)"
1. Procedure Identification,,,,,,,,,N,N,N,N,N,N,N,N,N,N,N,N,N,N,N,N,N,N,N,N,N,N,N,N,N,N,N,N,N,N,N,N,N,N,N,N,N,N,N,N
Procedure Name,"A short descriptive name for this analytical procedure, including a version number. Should identify the instrument, the technique, and the scope of what is measured — analyte, material, or feature.",Basic,Read-Only,Text (free),"e.g., 'SEM-BSE/EDS Mineral Phase Mapping, JEOL 7600F, Bennu Astromaterials' | 'FIB-SEM 3D Tomography, Helios NanoLab 660, Organic-Rich Chondrite Matrix'",,2026-07-24,(none),Y,Y,Y,Y,,N,N,N,N,N,N,N,N,N,N,N,N,N,N,N,N,N,N,N,N,N,N,N,N,N,N,N,N,N,N,N,N,N,N,N
Technique,Top-level analytical technique identifier.,Basic,Read-Only,Controlled list,SEM | SEM/FIB-SEM | Other: specify | N/A | None,,2026-05-21,(none),Y,Y,Y,Y,,N,N,N,N,N,N,N,N,N,N,N,N,N,N,N,N,N,N,N,N,N,N,N,N,N,N,N,N,N,N,N,SEM-EDS (Scanning Electron Microscopy–Energy Dispersive X-ray Spectroscopy),N,N,N
Procedure Author,Person(s) or laboratory responsible for developing and registering this procedure. ORCID recommended for individuals.,Basic,Read-Only,Text (free),"e.g., 'T.J. McCoy, Smithsonian NMNH' | 'ARES Electron Beam Analysis Laboratories, NASA JSC'",,2026-07-24,(none),Y,Y,Y,Y,,N,N,N,N,N,N,N,N,N,N,N,N,N,N,N,N,N,N,N,N,N,N,N,N,N,N,N,N,N,N,N,N,N,N,N
Laboratory,Name of the laboratory or institution hosting the instrument.,Basic,Editable,Text (free),"e.g., 'Electron Beam Analysis Laboratories, ARES, NASA Johnson Space Center' | 'K-ALFAA, University of Arizona'",,2026-05-21,(none),Y,Y,Y,Y,,"School of Earth and Space Exploration / School of Materials, Arizona State University","School of Earth and Space Exploration / School of Materials, Arizona State University","GPS Division Analytical Facility, California Institute of Technology","GPS Division Analytical Facility, California Institute of Technology","GPS Division Analytical Facility, California Institute of Technology",N,N,"Zircon and Accessory Phase Laboratory, University of Western Ontario",Surface Science Western,Surface Science Western,"Nanofabrication Laboratory, University of Western Ontario","Nanofabrication Laboratory, University of Western Ontario","China University of Mining and Technology, Xuzhou, China","China University of Mining and Technology, Xuzhou, China","China University of Mining and Technology, Xuzhou, China","Caltech GPS Analytical Facility, California Institute of Technology, Pasadena, CA, USA","Caltech GPS Analytical Facility, California Institute of Technology, Pasadena, CA, USA","CNR IMAA (Institute of Methodologies for Environmental Analysis), Italian National Research Council, Potenza, Italy","CNR IMAA (Institute of Methodologies for Environmental Analysis), Italian National Research Council, Potenza, Italy","CNR IMAA (Institute of Methodologies for Environmental Analysis), Italian National Research Council, Potenza, Italy","CNR IMAA (Institute of Methodologies for Environmental Analysis), Italian National Research Council, Potenza, Italy","China University of Geosciences, Beijing, China","NASA Johnson Space Center (JSC), Houston, TX, USA","NASA Johnson Space Center (JSC), Houston, TX, USA","K-ALFAA (Kuiper-Arizona Laboratory for Astromaterials Analysis), University of Arizona","K-ALFAA (Kuiper-Arizona Laboratory for Astromaterials Analysis), University of Arizona","K-ALFAA (Kuiper-Arizona Laboratory for Astromaterials Analysis), University of Arizona","K-ALFAA (Kuiper-Arizona Laboratory for Astromaterials Analysis), University of Arizona","Molecular Foundry, Lawrence Berkeley National Laboratory (UC Berkeley)","NASA Johnson Space Center (JSC), Houston, TX, USA","Université Côte d'Azur / Observatoire de la Côte d'Azur, Valbonne, France","Astromaterials Research and Exploration Science Division (ARES), NASA Johnson Space Center, Houston, TX, USA",N,N,N
Laboratory ID,"Persistent identifier for the laboratory (e.g., ROR ID).",Advanced,Editable,URI / DOI,"e.g., 'https://ror.org/027ka1x80'",,2026-05-21,(none),Y,Y,Y,Y,,N,N,N,N,N,N,N,N,N,N,N,N,N,N,N,N,N,N,N,N,N,N,N,N,N,N,N,N,N,N,N,N,N,N,N
Procedure Start Date,First date this procedure configuration was used in production.,Basic,Read-Only,Date,YYYY-MM-DD,,2026-07-24,(none),Y,Y,Y,Y,,N,N,N,N,N,N,N,N,N,N,N,N,N,N,N,N,N,N,N,N,N,N,N,N,N,N,N,N,N,N,N,N,N,N,N
Funding Source for Procedure Development,"Grants and other funding sources that supported instrument acquisition, major upgrades, procedure development, and associated personnel time. Include grant numbers and funding agencies where applicable.",Advanced,Read-Only,Text (free),"e.g., 'NSF EAR-1234567' | 'NASA 80NSSC20K0371' | 'None'",,2026-07-24,(none),Y,Y,Y,Y,,N,N,N,N,N,N,N,N,N,N,N,N,N,N,N,N,N,N,N,N,N,N,N,N,N,N,N,N,N,N,N,N,N,N,N
Procedure Reference(s),"DOI or URL for peer-reviewed publications or technical reports describing, validating, or benchmarking this procedure.",Advanced,Read-Only,URI / DOI,"e.g., 'https://doi.org/10.1234/example'",,2026-07-24,(none),Y,Y,Y,Y,,N,N,N,N,N,N,N,N,N,N,N,N,N,N,N,N,N,N,N,N,N,N,N,N,N,N,N,N,N,N,N,N,N,N,N
Procedure DOI,"DOI or unique persistent identifier for the registered procedure used in this analysis, generated upon procedure submission to a data repository. This field is mandatory when submitting analytical data, to encourage formal procedure registration and ensure traceability. If a DOI has been applied for but not yet minted, enter ""pending"".",N/A,Basic,URI / DOI,"e.g., 'https://doi.org/10.xxxxx/procedure-id' | 'pending'",,2026-07-24,(none),Y,Y,Y,Y,,N,N,N,N,N,N,N,N,N,N,N,N,N,N,N,N,N,N,N,N,N,N,N,N,N,N,N,N,N,N,N,N,N,N,N
Session Identifier,"Identifier for the analytical session this record describes — the laboratory's own run, sequence or batch identifier as generated by the instrument or acquisition software. The analysis record corresponds to one session, which may cover several samples, and this is the link back to the raw instrument files. Distinct from any persistent identifier a repository mints on submission.",N/A,Basic,Text (free),,,2026-08-13,(none),Y,Y,Y,Y,,,,,,,,,,,,,,,,,,,,,,,,,,,,,,,,,,,,
Analyst,Name(s) of the analyst(s) who performed the analysis session. ORCID is recommended for persistent identification.,N/A,Basic,Text (free),"e.g., 'T.J. McCoy' | 'Sara Singerling'",,2026-05-21,(none),Y,Y,Y,Y,,N,N,N,N,N,N,N,N,N,N,N,N,N,N,N,N,N,N,N,N,N,N,N,N,N,N,N,N,N,N,N,N,N,N,N
Analysis Start Date,"Date on which the analytical session began. For sessions spanning multiple days, use the date of the first session. Format: YYYY-MM-DD.",N/A,Basic,Date,YYYY-MM-DD,,2026-05-21,(none),Y,Y,Y,Y,,N,N,N,N,N,N,N,N,N,N,N,N,N,N,N,N,N,N,N,N,N,N,N,N,N,N,N,N,N,N,N,N,N,N,N
Analysis End Date,Date on which the analytical session ended. May equal Analysis Start Date for single-day sessions. Format: YYYY-MM-DD.,N/A,Basic,Date,YYYY-MM-DD,,2026-05-21,(none),Y,Y,Y,Y,,N,N,N,N,N,N,N,N,N,N,N,N,N,N,N,N,N,N,N,N,N,N,N,N,N,N,N,N,N,N,N,N,N,N,N
Funding Source for Analysis,"Grants and other funding sources that supported the specific sample analyses and data collection reported here. Include grant numbers and funding agencies. Distinct from procedure development funding, which may have been awarded years earlier.",N/A,Basic,Text (free),"e.g., 'NSF EAR-2345678' | 'NASA 80NSSC23K0415' | 'None'",,2026-05-21,(none),Y,Y,Y,Y,,NASA NNG06GE37G (LAJG); NASA NNG06GF08G (PRB),NASA NNG06GE37G (LAJG); NASA NNG06GF08G (PRB),N,N,N,N,N,N,N,N,N,N,N,N,N,NSF EAR-0318518; NSF DMR-0080065 (supporting Caltech GPS Analytical Facility),NSF EAR-0318518; NSF DMR-0080065 (supporting Caltech GPS Analytical Facility),N,N,N,N,N,NASA award NNH09ZDA007O; contract NNM10AA11C (OSIRIS-REx New Frontiers),NASA award NNH09ZDA007O; contract NNM10AA11C (OSIRIS-REx New Frontiers),NASA PSEF 80NSSC23K0327; NSF MRI 1531243 and 0619599,NASA PSEF 80NSSC23K0327; NSF MRI 1531243 and 0619599,NASA PSEF 80NSSC23K0327; NSF MRI 1531243 and 0619599,NASA PSEF 80NSSC23K0327; NASA Planetary Major Equipment NNX12AL47G; NSF MRI 0619599,US DOE contract DE-AC02-05CH11231 (Advanced Light Source / Molecular Foundry),NASA award NNH09ZDA007O; contract NNM10AA11C (OSIRIS-REx New Frontiers),N,N,N,N,N
Coupled Technique(s),"Other analytical techniques applied to the same sample(s) whose results are intended to be interpreted together with data from this procedure. Document coupling with any technique whose results are functionally linked to this dataset — providing calibration inputs, complementary spatial context, or required companion measurements. Use the same controlled vocabulary as the Technique field. Enter ""None"" if no coupling is intended.",Advanced,Editable,Controlled list / Text,"e.g., 'TEM/STEM (FIB sections)' | 'EPMA; NanoSIMS' | 'XCT (pre-SEM overview)' | 'None' | N/A",,2026-08-11,(none),Y,Y,Y,Y,,FIB milling and TEM cross-section preparation (same instrument),"SE Imaging (same instrument, pre- and post-FIB milling)","EDS (same session, same instrument); EBSD (same instrument); EPMA (JEOL JXA-iHP200F, WDS, out of scope)","BSE Imaging (same session, same instrument); EBSD (same instrument); EPMA (JEOL JXA-iHP200F, WDS, out of scope)",BSE Imaging and EDS (same instrument); SIMS (University of Wisconsin-Madison); EPMA (out of scope),"EDS and BSE Imaging (same instrument); EPMA with WDS (JEOL JXA-8900R, out of scope)","CL (same instrument); BSE Imaging (same instrument, same session); EPMA with WDS (JEOL JXA-8900R, out of scope)",SEM-EDX (Leo 440; Leo 1540); BSE Imaging; micro-XRD; EPMA-WDS (out of scope),EDS (same instrument); CL (Hitachi S-2500C); BSE Imaging (Leo 1540); micro-XRD; EPMA (out of scope),BSE Imaging (same instrument); CL (Hitachi S-2500C); micro-XRD; EPMA (out of scope),EDS (same instrument); BSE Imaging (Leo 440); CL (Hitachi S-2500C); micro-XRD; EPMA (out of scope),BSE Imaging (same instrument); CL (Hitachi S-2500C); micro-XRD; EPMA (out of scope),"X-ray CT (Xradia 520 Versa, Carl Zeiss)",FIB-SEM (Crossbeam 540) for 3D tomography; EDS for mineral analysis,FIB-SEM (Crossbeam 540) for 3D tomography; EDS for mineral analysis,"EBSD (ZEISS 1550VP FE-SEM); EPMA (JEOL 8200, separate instrument)","BSE Imaging (ZEISS 1550VP FE-SEM); EPMA (JEOL 8200, separate instrument)","EDS (Zeiss Supra 40 FE-SEM); SE Imaging (Zeiss Supra 40 FE-SEM); EMPA-WDS (JEOL JXA-8230, separate instrument); VIS-IR spectroscopy (SPIM)","BSE Imaging (Zeiss Supra 40 FE-SEM); SE Imaging (Zeiss Supra 40 FE-SEM); EMPA-WDS (JEOL JXA-8230, separate instrument); VIS-IR spectroscopy (SPIM)","BSE Imaging (Zeiss Supra 40 FE-SEM); SE Imaging (Zeiss Supra 40 FE-SEM); EMPA-WDS (JEOL JXA-8230, separate instrument); VIS-IR spectroscopy (SPIM)","BSE Imaging (Zeiss Supra 40 FE-SEM); EDS (Zeiss Supra 40 FE-SEM); EMPA-WDS (JEOL JXA-8230, separate instrument); VIS-IR spectroscopy (SPIM)",N,"EDS (JEOL 7600F, JSC); SE Imaging (JEOL 7600F, JSC); FIB-SEM TEM prep (Quanta3D600, JSC)","BSE Imaging (JEOL 7600F, JSC); SE Imaging (JEOL 7600F, JSC); FIB-SEM TEM prep (Quanta3D600, JSC)","BSE Imaging (Hitachi S-4800, U Arizona); EDS (Hitachi S-4800, U Arizona); FIB-SEM TEM prep (Helios G3, U Arizona); EMPA (Cameca SX-100 Ultra, out of scope)","SE Imaging (Hitachi S-4800, U Arizona); EDS (Hitachi S-4800, U Arizona); FIB-SEM TEM prep (Helios G3, U Arizona); EMPA (Cameca SX-100 Ultra, out of scope)","SE/BSE Imaging (Hitachi S-4800, U Arizona); FIB-SEM TEM prep (Helios G3, U Arizona); EMPA (Cameca SX-100 Ultra, out of scope)","TEM analysis (HF5000 STEM, U Arizona); BSE/SE Imaging (Hitachi S-4800, U Arizona)","Synchrotron XANES (ALS, Berkeley); TEM analysis","TEM analysis (NASA JSC); BSE/SE Imaging (JEOL 7600F, JSC)","BSE/EDS (JEOL 7600F, JSC); SE/BSE/EDS (Hitachi S-4800, U Arizona)","NanoSIMS isotope mapping (CAMECA NanoSIMS 50L, NASA JSC); presolar grains identified by NanoSIMS then confirmed by SEM-EDS phase characterisation",N,N,N
Coupling Description,"Description of how this procedure is coupled with the technique(s) listed above. Include: (1) the functional relationship — what data or context flows between techniques, or how results are combined (e.g. which output from the coupled technique serves as input to data reduction for this technique); and (2) the analytical sequence — which technique is performed first and why (e.g. non-destructive before destructive). Required when Coupled Technique(s) is not ""None"".",Advanced,Editable,Text (free),"e.g., 'SEM-BSE/EDS used for phase identification and target selection before FIB lift-out; FIB performed after SEM survey because lift-out is destructive. TEM-EDS provides nanoscale chemistry of FIB-prepared sections.'",,2026-05-21,(none),Y,Y,Y,Y,,N,N,N,N,N,N,N,N,N,N,N,N,N,N,N,N,N,N,N,N,N,N,N,N,N,N,N,N,N,N,N,N,N,N,N
Coupled Procedure DOI,"Registered procedure DOI for the coupled technique named above. Provides a stable, citable link to the companion method independent of whether a dataset has been deposited. If the coupled procedure has not yet been registered, enter the DOI of a publication describing the coupled method, or ""pending"". Enter ""None"" if no coupling is planned.",N/A,Advanced,URI / DOI,"e.g., 'https://doi.org/10.xxxxx/coupled-procedure' | 'pending' | 'None'",,2026-07-24,(none),Y,Y,Y,Y,,N,N,N,N,N,N,N,N,N,N,N,N,N,N,N,N,N,N,N,N,N,N,N,N,N,N,N,N,N,N,N,N,N,N,N
Coupled Dataset or Publication Reference,"DOI or other persistent identifier for the co-registered dataset or publication where both datasets are reported together. Accepts: a dedicated dataset DOI (if separately deposited), a shared dataset DOI (if co-submitted in the same package), or a publication DOI. Use ""same submission"" if the coupled dataset is included in this data package, or ""pending"" if not yet assigned. If coupling is documented through a shared sample identifier only, that information is already captured in Sample Persistent Identifier (Group 2).",N/A,Advanced,URI / DOI / Text,"e.g., 'https://doi.org/10.xxxxx/dataset' | 'same submission' | 'pending' | 'None'",,2026-05-21,(none),Y,Y,Y,Y,,N,N,N,N,N,N,N,N,N,N,N,N,N,N,N,N,N,N,N,N,N,N,N,N,N,N,N,N,N,N,N,N,N,N,N
2. Samples,,,,,,,,,N,N,N,N,N,N,N,N,N,N,N,N,N,N,N,N,N,N,N,N,N,N,N,N,N,N,N,N,N,N,N,N,N,N,N,N,N,N,N,N
Target Material,General description of the material type(s) this procedure is designed to analyze.,Basic,Read-Only,Controlled list / Text,Silicate mineral | Oxide | Sulfide | Carbonate | Phosphate | Metal alloy | Organic matter | Glass | Regolith | Whole rock / polished section | Porous material | Other: specify | N/A | None,,2026-07-24,(none),Y,Y,Y,Y,,"Carbonaceous nanoglobules, Tagish Lake (C2) meteorite (HCl/HF acid residue concentrate)","Carbonaceous nanoglobules, Tagish Lake (C2) meteorite (HCl/HF acid residue concentrate)","Micrometeorite NG-1, Al-Cu-alloy-bearing, CV3-like composition; Democratic Republic of Congo","Micrometeorite NG-1, Al-Cu-alloy-bearing, CV3-like composition; Democratic Republic of Congo","Micrometeorite NG-1, Al-Cu-alloy-bearing, CV3-like composition; Democratic Republic of Congo",Forsterite grains from Kaba (CV3) carbonaceous chondrite thin section,Forsterite grains from Kaba (CV3) carbonaceous chondrite thin section,Tagish Lake (C2) ungrouped carbonaceous chondrite; polished thin sections,Tagish Lake (C2) ungrouped carbonaceous chondrite; polished thin sections,Tagish Lake (C2) ungrouped carbonaceous chondrite; polished thin sections,Tagish Lake (C2) ungrouped carbonaceous chondrite; polished thin sections,Tagish Lake (C2) ungrouped carbonaceous chondrite; polished thin sections,"High-rank coal (anthracite from Bofang Mine; lean coal from Yuwu Mine), southern Qinshui basin, China","High-rank coal (anthracite from Bofang Mine; lean coal from Yuwu Mine), southern Qinshui basin, China","High-rank coal (anthracite from Bofang Mine; lean coal from Yuwu Mine), southern Qinshui basin, China","Khatyrka CV3 carbonaceous chondrite; Al-Cu-Fe alloy metal phases (hollisterite, kryachkoite, stolperite, khatyrkite, icosahedrite) in section 126A","Khatyrka CV3 carbonaceous chondrite; Al-Cu-Fe alloy metal phases (hollisterite, kryachkoite, stolperite, khatyrkite, icosahedrite) in section 126A","NWA 7317 CR6 carbonaceous chondrite; polished slab (~10×6 mm fragment, 10.01g)","NWA 7317 CR6 carbonaceous chondrite; polished slab (~10×6 mm fragment, 10.01g)","NWA 7317 CR6 carbonaceous chondrite; polished slab (~10×6 mm fragment, 10.01g)","NWA 7317 CR6 carbonaceous chondrite; polished slab (~10×6 mm fragment, 10.01g)","Subbituminous coal (SC) and high-volatile bituminous coal (HBC), Xishanyao Formation, southern Junggar Basin, NW China",Asteroid (101955) Bennu particles (OSIRIS-REx sample return); hummocky and angular particles,Asteroid (101955) Bennu particles (OSIRIS-REx sample return),Asteroid (101955) Bennu particles (OSIRIS-REx sample return); polished sections,Asteroid (101955) Bennu particles (OSIRIS-REx sample return); polished sections,Asteroid (101955) Bennu particles (OSIRIS-REx sample return); polished sections,Asteroid (101955) Bennu particles (OSIRIS-REx sample return); fine-grained matrix areas,Asteroid (101955) Bennu particles (OSIRIS-REx sample return),Asteroid (101955) Bennu particles (OSIRIS-REx sample return),Asteroid (101955) Bennu particles (OSIRIS-REx sample return); olivine and carbonate grains,Asteroid (101955) Bennu aggregate QL particles; O-rich presolar silicate and oxide grains; sample OREX-501018-100,N,N,N
Sample Preparation Method,"Method by which samples were prepared for SEM analysis prior to loading in the instrument. Includes mounting medium (epoxy, carbon tape, stub), polishing steps (alumina, colloidal silica, argon ion mill), and conductive coating type and thickness. For VP-SEM/ESEM analyses, note whether an uncoated sample was used and the gas type used. FIB-specific in-session operations (protective coating deposition, milling conditions, lamella preparation) are documented separately in Group 4.",Basic,Editable,Text (free),"e.g., 'Polished thin section, 10 nm C coat' | 'Fragments on C tape, uncoated (VP-SEM, 30 Pa H2O)' | '25 mm epoxy mount, 0.25 µm diamond polish, 5 nm Ir coat'",,2026-05-22,(none),Y,Y,Y,Y,,HCl and HF acid dissolution residue from pristine Tagish Lake pieces; deposited on lacey C TEM grid attached to Al-SEM stub; uncoated,HCl and HF acid dissolution residue from pristine Tagish Lake pieces; deposited on lacey C TEM grid attached to Al-SEM stub; uncoated,N,N,N,N,N,Carbon-coated polished thin sections; high vacuum analysis,N,N,N,N,"Small coal pillars (~2 mm diameter, 2 mm height) drilled orthogonal to bedding; polished with cross section polisher to remove ~1-2 µm oxide layer; no coating applied",Bulk coal polished to ~10 mm × 2-3 mm using polishing and burnishing machine; further polished with cross section polisher; thin gold coating applied by sputtering,Bulk coal polished to ~10 mm × 2-3 mm using polishing and burnishing machine; further polished with cross section polisher; thin gold coating applied by sputtering,Polished thin section (section 126A prepared from Grain 126); no coating or SEM-specific preparation stated,Polished thin section (section 126A prepared from Grain 126); no coating or EBSD-specific preparation stated,"Embedded in epoxy, polished to ¼ µm level, sputtered with 30-nm-thick carbon film","Embedded in epoxy, polished to ¼ µm level, sputtered with 30-nm-thick carbon film","Embedded in epoxy, polished to ¼ µm level, sputtered with 30-nm-thick carbon film","Embedded in epoxy, polished to ¼ µm level, sputtered with 30-nm-thick carbon film",Cuboidal samples (~0.5×1×1 cm) polished with dry emery paper and argon ion polishing; high-pressure freezing and freeze-drying; glued onto sample holder,Attached to Al cylinder SEM mount with double-sided C tape; sputter coated with ~5 nm carbon,Attached to Al cylinder SEM mount with double-sided C tape; sputter coated with ~5 nm carbon,Polished sections; coated with 0.1 nm carbon for charge mitigation,Polished sections; coated with 0.1 nm carbon for charge mitigation,Polished sections; coated with 0.1 nm carbon for charge mitigation,Sections extracted from fine-grained matrix areas in polished sections; BSE and SE images acquired before and after sectioning,Particles placed on PELCO carbon conductive tabs on Al SEM round; no protective coating stated,Particles dispersed on conductive carbon dots on Al SEM pin mounts,Polished thin sections; ~100 nm graphite coating (as stated in CL emitting volume calculation),N,N,N,N
Sample Name,"Name or identifier of each sample analysed in this session, as used in the laboratory — a sample mount, section or aliquot counts as one entry where that is what the laboratory tracks. The analysis record corresponds to one session and may cover several samples; fields whose Keyed By column declares 'sample' take one value per entry. Should match the identifier used in associated publications or data tables.",N/A,Basic,Text (free),"e.g., 'Bennu OREX-800045-103' | 'NWA 8657 polished thin section 1'",,2026-08-12,defines: sample,Y,Y,Y,Y,,N,N,N,N,N,N,N,N,N,N,N,N,N,N,N,Section 126A (USNM 7908),Section 126A (USNM 7908),NWA 7317,NWA 7317,NWA 7317,NWA 7317,SC; HBC,N,N,N,N,N,N,N,N,N,OREX-501018-100,N,N,N
Sampling Unit,"The physical subdivision of the sample to which one row of reported values corresponds — the unit that is analysed and reported, as distinct from the sample as a whole. State the unit type at procedure level and the units actually analysed at analysis level. Where units nest (e.g. confined tracks within grains), state both levels.",Basic,Basic,Controlled list / Text,Whole sample | Aliquot | Grain | Spot | Analysis point | Phase | Sub-volume | Region of interest | N/A | None | Other: specify,,2026-08-11,defines: sampling unit,Y,Y,Y,Y,,,,,,,,,,,,,,,,,,,,,,,,,,,,,,,,,,,,
Sample Persistent Identifier,"Globally unique, persistent identifier for each sample listed in Sample Name. IGSN (International Geo Sample Number) is the recommended standard for geological and cosmochemical samples, as used by Astromat, EarthChem and SESAR. Where a sample and its sub-samples are separately registered, record the identifier at the level actually analysed.",Advanced,Advanced,URI / IGSN,"e.g., 'IGSN:AU1234567'",,2026-08-12,sample,Y,Y,Y,Y,,N,N,N,N,N,N,N,N,N,N,N,N,N,N,N,USNM 7908 (section 126A),USNM 7908 (section 126A),N,N,N,N,N,N,N,N,N,N,N,N,N,N,N,N,N,N
Target Selection Criteria,"The rules governing which part of the sample is analysed, and why. Covers the criteria applied when choosing grains, aliquots, spots, or a region of interest — size, morphology, clarity, freedom from inclusions or alteration, phase identity, or spatial position. Distinct from Target Material, which states the material type the procedure is designed for: this field states how, within such a sample, the analysed portion is picked out.",Basic,Editable,Text (free),,,2026-08-08,(none),Y,Y,Y,Y,,,,,,,,,,,,,,,,,,,,,,,,,,,,,,,,,,,,
Pre-Analysis Imaging and Screening,"Imaging or other characterisation performed before the measurement in order to select or locate the analysed target, including the technique, instrument and settings used, and how individual analyses are linked back to the images. Distinct from any imaging the procedure performs as its own measurement. Where the imaging is performed on a separate instrument, it should also be recorded in the Group 1 coupling fields.",Advanced,Editable,Text (free),,,2026-08-08,sample,Y,Y,Y,Y,,,,,,,,,,,,,,,,,,,,,,,,,,,,,,,,,,,,
3. Instrument & Software,,,,,,,,,N,N,N,N,N,N,N,N,N,N,N,N,N,N,N,N,N,N,N,N,N,N,N,N,N,N,N,N,N,N,N,N,N,N,N,N,N,N,N,N
Instrument Manufacturer,Make of the instrument used for this procedure.,Basic,Read-Only,Controlled list,JEOL | Zeiss | FEI / Thermo Fisher Scientific | Hitachi | Tescan | Phenom | Other: specify | Unknown | N/A | None,,2026-08-12,(none),Y,Y,Y,Y,,FEI,FEI,Zeiss,Zeiss,Zeiss,JEOL,JEOL,Hitachi,Other: Leo Electron Microscopy (now Zeiss),Other: Leo Electron Microscopy (now Zeiss),Zeiss,Zeiss,Carl Zeiss,"FEI Company, USA",Carl Zeiss,ZEISS (Carl Zeiss),ZEISS (Carl Zeiss),ZEISS (Carl Zeiss),ZEISS (Carl Zeiss),ZEISS (Carl Zeiss),ZEISS (Carl Zeiss),FEI (now Thermo Fisher Scientific),JEOL,JEOL,Hitachi,Hitachi,Hitachi,Thermo Fisher Scientific (ThermoScientific),FEI (now Thermo Fisher Scientific),FEI (now Thermo Fisher Scientific),JEOL,N,N,N,N
Instrument Model,"Model designation of the SEM or FIB-SEM instrument, including generation suffix if applicable.",Basic,Read-Only,Text (free),"e.g., 'JEOL JSM-7600F' | 'Zeiss Supra 55 FEG-SEM' | 'FEI Quanta 650 FEG' | 'Thermo Fisher Quattro S' | 'FEI Helios NanoLab 660' | 'Zeiss Crossbeam 540'",,2026-05-21,(none),Y,Y,Y,Y,,Nova 200 NanoLab DualBeam,Nova 200 NanoLab DualBeam,ZEISS 1550VP,ZEISS 1550VP,ZEISS 1550VP,JSM-5410LV,JSM-5410LV,S-2500C,Leo 440,Leo 440,Leo 1540 FIB/SEM CrossBeam,Leo 1540 FIB/SEM CrossBeam,Crossbeam 540,Quanta 250,SUPRA 55,1550VP,1550VP,Supra 40,Supra 40,Supra 40,Supra 40,Helios NanoLab 650,7600F,7600F,S-4800,S-4800,S-4800,Helios G3,Helios G4 UX,Quanta 3D 600,JSM-7000F,N,N,N,N
Electron Source,Type of electron gun used in the instrument.,Basic,Read-Only,Controlled list,Cold-FEG | Schottky FEG | LaB6 / CeB6 | Tungsten (W) | Other: specify | Unknown | N/A | None,,2026-08-12,(none),Y,Y,Y,Y,,Other: FEG (type not specified in paper),Other: FEG (type not specified in paper),Other: FEG (type not specified in paper),Other: FEG (type not specified in paper),Other: FEG (type not specified in paper),N,N,Tungsten (W),N,N,Other: FEG (type not specified),Other: FEG (type not specified),N,N,Field emission gun (FEG),Field emission gun (FEG),Field emission gun (FEG),Field emission gun (FEG),Field emission gun (FEG),Field emission gun (FEG),Field emission gun (FEG),N,Field emission gun (FEG),Field emission gun (FEG),Cold field emission gun (cold FEG),Cold field emission gun (cold FEG),Cold field emission gun (cold FEG),Field emission gun (FEG),Field emission gun (FEG),Field emission gun (FEG),Field emission gun (FEG),N,N,N,N
Instrument Variant,"Broad platform type of the instrument. 'Standard SEM': dedicated electron-only SEM column. 'FIB-SEM dual-beam': combined focused ion beam and SEM columns (enables TEM specimen preparation, 3D serial sectioning, ion-beam milling). 'VP-SEM / ESEM': variable-pressure or environmental SEM for imaging uncoated, hydrated, or charging specimens. An instrument may combine categories (e.g., FIB-SEM with VP capability).",Basic,Read-Only,Controlled list,Standard SEM | FIB-SEM dual-beam | VP-SEM / ESEM | FIB-SEM dual-beam + VP | Other: specify | N/A | None,,2026-05-21,(none),Y,Y,Y,Y,,FIB-SEM dual-beam,FIB-SEM dual-beam,VP-SEM / ESEM,VP-SEM / ESEM,VP-SEM / ESEM,Standard SEM,Standard SEM,Standard SEM,Standard SEM,Standard SEM,FIB-SEM dual-beam,FIB-SEM dual-beam,N,ESEM (Environmental SEM),FESEM (Field Emission SEM),VP (Variable Pressure),VP (Variable Pressure),FESEM (Field Emission SEM),FESEM (Field Emission SEM),FESEM (Field Emission SEM),FESEM (Field Emission SEM),Dual Beam (FIB-SEM),N,N,N,N,N,Dual Beam (FIB-SEM),Dual Beam (FIB-SEM),Dual Beam (FIB-SEM),N,N,N,N,N
EDS Detector Configuration,"EDS detector type, manufacturer, active area, solid angle, window type, and geometry (take-off angle, position). Multiple detectors should be listed separately.",Advanced,Read-Only,Text (free),"e.g., 'Oxford Ultim Max 170 mm2 SDD, polymer window, 35 deg take-off' | 'Bruker XFlash 6, 60 mm2, windowless' | 'Dual Oxford Ultim Max 170 mm2, 2.0 sr'",,2026-08-11,(none),Y,Y,N,N,,N/A,N/A,N/A,Oxford X-Max SDD system,N/A,N/A,ISIS analysis system (Oxford); detector type not specified,N/A,N/A,Gresham light element detector; Quartz XOne EDX analysis system (full spectral imaging),N/A,Oxford Instruments INCA EDX system,N/A,N/A,N/A,N/A,N/A,N/A,Oxford INCA Energy 350; X-ACT LN2-free Silicon Drift Detector (SDD),Oxford INCA Energy 350; X-ACT LN2-free Silicon Drift Detector (SDD),N/A,N/A,N/A,"Oxford Instruments Ultim Max SDD, 170 mm²",N/A,N/A,Oxford Instruments Aztec Live/x-stream/Ultimax 170 SDD,N/A,N/A,N/A,N/A,N,N/A,N/A,N/A
WDS Spectrometer Configuration,"Number, type, and crystal range of WDS spectrometers on the instrument. Include manufacturer, model, and crystal range. For SEM-WDS configurations (third-party WDS on a non-EPMA platform), include WDS manufacturer and model.",Advanced,Read-Only,Text (free),"e.g., 'Oxford Wave 700, 1 sequential WDS spectrometer, LDE1-TAPH-PETL-LLIF crystal range'",,2026-08-12,(none),N,N,Y,Y,,N/A,N/A,N/A,N/A,N/A,N/A,N/A,N/A,N/A,N/A,N/A,N/A,N/A,N/A,N/A,N/A,N/A,N/A,N/A,N/A,N/A,N/A,N/A,N/A,N/A,N/A,N/A,N/A,N/A,N/A,N/A,N/A,N/A,N/A,N/A
Acquisition Software,"Software used to control the SEM and acquire data, including version number. For FIB-SEM 3D tomography, include the automated slice-and-view module name and version.",Basic,Editable,Text (free),"e.g., 'JEOL Analysis Station v3.5' | 'Oxford AZtec 6.0' | 'Zeiss SmartSEM 6.06' | 'Thermo Fisher Auto Slice and View G4 (3D tomography)'",,2026-05-21,(none),Y,Y,Y,Y,,N,N,N,N,N,N,N,Gatan DigitalMicrograph (CL image assembly),N,N,N,N,N,N,N,N,N,Oxford INCA Energy,Oxford INCA Energy,Oxford INCA Energy,N,N,Oxford AZtec (Point & ID programme),Oxford AZtec (Point & ID programme),N,N,Oxford Instruments Aztec Live/x-stream,N,N,N,N,N,N,N,N
Data Reduction Software,Software used for post-acquisition data reduction and analysis. List all packages with version numbers.,Basic,Editable,Text (free),"e.g., 'Oxford AZtec 6.0 (EDS quantification); Oxford AZtec Crystal 2.1 (EBSD); Gatan DigitalMicrograph 3.5 (CL); FIJI 2.15 (image processing); Avizo 2023 (3D segmentation)'",,2026-06-01,(none),Y,Y,Y,Y,,N,N,N,N,N,N,N,Gatan DigitalMicrograph,N,N,N,N,Avizo 7 (3D digital core software); Multiple-point geostatistics for pore network model,N,N,N,N,N,Oxford INCA Energy (semi-quantitative phase determination from atomic proportions),Oxford INCA Energy (semi-quantitative phase determination from atomic proportions),N,Fiji/ImageJ (StackReg/TurboReg for slice alignment; VolumeJ for volume rendering); Adobe Photoshop CS6 (image enhancement); FEI Avizo Fire 8.1.1 (pore volume reconstruction and segmentation),N,Oxford AZtec,N,N,Oxford Instruments Aztec,N/A,N/A,N/A,N,N,N,N/A,N/A
4. Measurement Information,,,,,,,,,N,N,N,N,N,N,N,N,N,N,N,N,N,N,N,N,N,N,N,N,N,N,N,N,N,N,N,N,N,N,N,N,N,N,N,N,N,N,N,N
Analytical Mode,"Primary analytical mode(s) executed under this procedure. For multi-mode procedures (e.g., simultaneous BSE + EDS mapping), list all active modes.",Basic,Read-Only,Controlled list,SE Imaging | BSE Imaging | EDS | SEM-WDS | CL | EBSD | TEM Sample Preparation | 3D Tomography | Multiple (specify) | Other: specify | N/A | None,,2026-07-24,(none),Y,Y,Y,Y,,SE Imaging,TEM Sample Preparation,BSE Imaging,EDS,EBSD,CL,EDS,CL,BSE Imaging,EDS,BSE Imaging,EDS,N,N,N,N,N,BSE (QBSD mode),Spot analysis,Element mapping,N,Sequential FIB-SEM tomography (serial cross-section imaging),Low-angle backscattered electron (BSE) imaging,"Point spectra (spot analysis, Point & ID)",N,N,EDS mapping,In-situ FIB lift-out; cross-section lamella preparation for TEM,In-situ FIB lift-out; lamella preparation for XANES and TEM,In-situ FIB lift-out; cross-section lamella preparation,Panchromatic CL imaging; hyperspectral CL; monochromatic CL imaging,Elemental maps and spot spectra (SEM-EDX) for presolar grain phase identification,N,N,N
Beam Mode,"Whether the electron beam was operated as a stationary focused spot, defocused to a specified diameter, or rastered over a small area during analysis. Controls the effective sampling volume and irradiation footprint; critical for beam-sensitive phases such as hydrous minerals, glasses, and carbonates. Must be consistent with the Beam Diameter and Beam Raster Dimensions fields.",Basic,Read-Only,Controlled list,'Focused' | 'Defocused' | 'Rastered' | Other: specify | N/A | None,,2026-06-01,(none),Y,Y,Y,Y,,,,,,,,,,,,,,,,,,,,,,,,,,,,,,,,,,,,
Accelerating Voltage,"Electron beam accelerating voltage in kilovolts. Affects X-ray generation depth (EDS/WDS), EBSD pattern quality, imaging resolution, and beam penetration. Low voltages (1-5 kV) improve surface sensitivity and reduce beam damage; high voltages (15-20 kV) improve X-ray generation for quantitative analysis.",Basic,Editable,Numeric (kV),"e.g., 2 | 5 | 10 | 15 | 20",,2026-05-21,(none),Y,Y,Y,Y,,500 V; 1 kV; 5 kV,N,10 kV,10 kV,20 kV,N,15 kV,15–20 kV,N,N,N,N,N,N,N,N,N,20 kV,20 kV,20 kV,N,2 kV (SEM imaging),15 kV,15 kV,N,N,N,30 keV (FIB milling and thinning),16 to 30 keV (coarse milling); down to 1 keV (polishing),30 kV (initial milling); 16 kV (intermediate); 5 kV (final thinning),5 keV,N,N,N,N
Beam Current,"Electron beam probe current. Higher current improves signal-to-noise for X-ray analysis (EDS/WDS, EBSD) and CL but may increase beam damage and reduce spatial resolution. Express in nA; for sub-nA values use decimal notation (e.g., 0.4 nA).",Basic,Editable,Numeric (nA),"e.g., 0.4 | 0.9 | 2 | 5 | 10 | 20",,2026-08-12,sample > sampling unit,Y,Y,Y,Y,,70 fA (500 V); 1.4 pA (1 kV); 98 pA (5 kV),N,N,N,6 nA,N,2.0 nA,N,N,N,N,N,N,N,N,N,N,N,N,N,N,N,N,~900 pA,N,N,N,0.8 to 2.5 nA (thinning),N,N,1 to 4 nA,N,N,N,N
Beam Diameter,"Nominal electron beam diameter (spot size) at the sample surface, in nanometres or micrometres, as set by the condenser aperture and working distance. Controls the spatial resolution and X-ray excitation volume. For mapping modes, the effective spatial sampling interval is further defined by Step Size / Pixel Size.",Basic,Editable,Numeric + unit,'~1 µm' | '5 nm' | '200 nm',,2026-06-01,(none),Y,Y,Y,Y,,,,,,,,,,,,,,,,,,,,,,,,,,,,,,,,,,,,
Beam Raster Dimensions,"Dimensions of the small area over which the beam is rastered during a single analysis point, reported as width × height in µm. Applicable when Beam Mode = Rastered; defines the effective spatial footprint of the measurement and distributes dose over a larger area to reduce beam damage on sensitive phases.",Advanced,Editable,Numeric + unit,'5 × 5 µm' | '10 × 10 µm',,2026-06-01,(none),Y,N,Y,N,,,,,,,,,,,,,,,,,,,,,,,,,,,,,,,,,,,,
Beam Damage Minimization,"Describes any measures taken to reduce electron beam damage to the sample during analysis. Examples: reduced accelerating voltage, lowered beam current, defocused or rastered beam, cooled stage, short acquisition sequences, or rotating between multiple points. Particularly important for volatile-bearing phases, hydrous minerals, glasses, organic materials, and biological samples.",Advanced,Editable,Text (free),'Beam defocused to 5 µm; current reduced to 2 nA for hydrous phases',,2026-08-12,sample > sampling unit,Y,Y,Y,Y,,,,,,,,,,,,,,,,,,,,,,,,,,,,,,,,,,,,
Drift Correction,"Describes whether and how stage or beam drift was monitored and corrected during the measurement session. Examples: periodic stage realignment to a fiducial marker, automated beam drift correction in acquisition software, or reanalysis of a reference point at regular intervals. Particularly relevant for long mapping runs and high-magnification sessions where positional accuracy affects data quality.",Advanced,Editable,Text (free),'Automated beam drift correction enabled in AZtec; stage realigned every 30 min',,2026-06-01,(none),Y,Y,Y,Y,,,,,,,,,,,,,,,,,,,,,,,,,,,,,,,,,,,,
Stage Scan vs. Beam Scan,"For mapping modes, records whether the map was acquired by moving the stage while the beam is held fixed (stage scan) or by deflecting the beam across the field while the stage is stationary (beam scan). Stage scan is preferred for large areas or high-accuracy geometric fidelity; beam scan is faster for smaller fields but may introduce geometric distortion at the map edges.",Advanced,Read-Only,Controlled list,'Stage scan' | 'Beam scan' | Other: specify | N/A | None,,2026-06-01,(none),N,Y,N,Y,,,,,,,,,,,,,,,,,,,,,,,,,,,,,,,,,,,,
Working Distance,"Distance between the objective lens pole piece and the specimen surface in millimetres. Affects spatial resolution, depth of focus, EDS X-ray take-off angle, and EBSD geometry.",Basic,Editable,Numeric (mm),"e.g., 4 | 8 | 10 | 15",,2026-05-21,(none),Y,Y,Y,Y,,0.5–5.4 mm,5.4 mm (eucentric height for electron and ion columns),N,N,N,N,N,~10 mm,N,N,N,N,N,N,N,N,N,8 mm,N,N,N,4 mm,N,N,N,N,N,N,N,N,N,N,N,N,N
Chamber Pressure,Chamber pressure and gas type during analysis. Required for variable pressure (VP-SEM) and environmental SEM (ESEM) modes. Report value and unit (Pa or Torr) and gas composition. Use 'None' for standard high-vacuum operation.,Advanced,Editable,Numeric + unit,"e.g., '30 Pa (H2O vapor, ESEM)' | '130 Pa (N2, VP-SEM)' | 'None (high vacuum)'",,2026-05-21,(none),Y,Y,Y,Y,,N,N/A,N,N,25 Pa (variable pressure mode),N,N,High vacuum,N,N,N,N,N/A,High vacuum,High vacuum,N,N,High vacuum,High vacuum,High vacuum,N,N/A,N,N,N,N,N,N/A,N/A,N/A,N,N,N,N/A,N/A
Dwell Time per Pixel,"Time the electron beam dwells on each pixel during raster scanning (imaging modes) or on each step position during compositional mapping (EDS and WDS mapping modes), in microseconds or milliseconds. Longer dwell time improves signal-to-noise and counting statistics but increases total dose and can cause beam damage or contamination on sensitive materials. For WDS mapping, the dwell time is per spectrometer per pixel.",Basic,Editable,Numeric + unit,"e.g., '400 ns' | '10 µs' | '1 ms'",,2026-08-12,channel,N,Y,N,Y,,N,N/A,N,N/A,N/A,N/A,N/A,N/A,N,N/A,N,N/A,N,N,N,N,N/A,N,N/A,N/A,N,N,N,N/A,N,N,N/A,N/A,N/A,N/A,N/A,N/A,N,N/A,N/A
EDS Acquisition Mode,"Spatial acquisition sub-strategy for EDS measurements: stationary-beam point acquisition, linescan (beam stepped along a transect at defined intervals), or area map (beam rastered over a pixel grid). Specifies how the beam is positioned during data collection within the declared Analytical Mode. Particularly important when a procedure includes linescans as a distinct acquisition approach not fully captured by the mode flag columns.",Basic,Read-Only,Controlled list,Point / spot | Line scan | Map | Automated mineralogy | Multiple (specify) | Other: specify | N/A | None,,2026-08-11,(none),Y,Y,N,N,,N/A,N/A,N/A,N,N/A,N/A,N,N/A,N/A,Map,N/A,Point / spot; Map,N/A,N/A,N/A,N/A,N/A,N/A,Spot analysis,Element mapping,N/A,N/A,N/A,Point spectra (spot analysis),N/A,N/A,EDS mapping,N/A,N/A,N/A,N/A,N,N/A,N/A,N/A
Analyte,"The chemical species this procedure is designed to determine, recorded at whatever resolution the chemistry is resolved — element(s) for this technique; valence species where a procedure resolves oxidation state; compounds where it resolves molecules. The procedure registers the full analyte suite; analysts record the specific subset actually measured in a given session, which may be narrower. Fields whose Keyed By column declares 'analyte' apply individually to each element in this list.",Basic,Editable,Text (free),"e.g., 'Si, Al, Fe, Mg, Ca, Na, K, Ti, Cr, Mn, Ni, S'",,2026-08-12,defines: analyte,Y,Y,Y,Y,,N/A,N/A,N/A,N,N/A,N/A,N,N/A,N/A,N,N/A,N,N/A,N/A,N/A,N/A,N/A,N/A,"Mg, Si, Fe, Ni, S, Na, Ca, Al","Mg, Si, Fe, Ni, S, Na, Ca, Al (element mapping)",N/A,N/A,N/A,N,N/A,N/A,N,N/A,N/A,N/A,N/A,N,N/A,N/A,N/A
Reported Variables and Units,"The final variable(s) this procedure reports and their units — distinct from the fields recording what was *acquired* rather than what is reported. A procedure may acquire many channels and report a small number of derived quantities; without this field a data consumer cannot tell which. Record every reported variable, including intermediate quantities reported alongside final ones (e.g. both the 206Pb/238U ratio and the 206Pb/238U date). Where a reported variable is a nominal property with no magnitude (e.g. a mineral identification), record the variable and give the unit as 'N/A — nominal property'.",Basic,Read-Only,Text (free),"e.g., 'Element concentration (ppm); oxide (wt%)' | 'd56Fe (permil vs IRMM-014); d57Fe (permil vs IRMM-014)' | '206Pb/238U date (Ma); 207Pb/206Pb date (Ma)' | 'Mineral identity (N/A — nominal property); match score (0-1)'",,2026-08-12,defines: reported property,Y,Y,Y,Y,,,,,,,,,,,,,,,,,,,,,,,,,,,,,,,,,,,,
Technique per Analyte,"For each analyte, records which X-ray detection technique (EDS or WDS) was used to collect the measurement. Required when a procedure employs both EDS and WDS simultaneously, assigning each element to the detector appropriate to its concentration range, line overlap situation, or required precision. List in the same order as the Analyte field.",Basic,Read-Only,Controlled list,WDS | EDS | Other: specify | N/A | None,,2026-07-24,analyte,Y,Y,Y,Y,,,,,,,,,,,,,,,,,,,,,,,,,,,,,,,,,,,,
X-ray Line,"X-ray emission line measured on each spectrometer assignment. Line choice affects sensitivity, matrix correction accuracy, and susceptibility to peak overlap and spectral interference.",Basic,Read-Only,Controlled list,Ka | Kb | La | Lb | Lg | Ma | Mb | Other: specify | N/A | None,,2026-08-12,channel,Y,Y,Y,Y,,N/A,N/A,N/A,N,N/A,N/A,N,N/A,N/A,N,N/A,N,N/A,N/A,N/A,N/A,N/A,N/A,N,N,N/A,N/A,N/A,N,N/A,N/A,N,N/A,N/A,N/A,N/A,N,N/A,N/A,N/A
EDS Live Time per Point or Pixel,EDS spectral acquisition live time per analysis point or per pixel in seconds. Longer live time improves counting statistics but increases beam damage risk and total acquisition time.,Basic,Editable,Numeric (s),"e.g., 20 | 60 | 120 | 0.005 (fast mapping)",,2026-08-11,(none),Y,Y,N,N,,N/A,N/A,N/A,N,N/A,N/A,N,N/A,N/A,N,N/A,N,N/A,N/A,N/A,N/A,N/A,N/A,30 s live time per spot analysis,5 ms dwell time per pixel,N/A,N/A,N/A,20 to 200 s (per point),N/A,N/A,N,N/A,N/A,N/A,N/A,N,N/A,N/A,N/A
Step Size / Pixel Size,"Centre-to-centre distance between adjacent measurement points (WDS mapping) or pixels (EDS mapping) in µm. Defines the spatial sampling interval of the map and, together with the pixel-grid dimensions, determines the total mapped area. Smaller step sizes increase spatial resolution but extend acquisition time.",Basic,Editable,Numeric + unit,"e.g., '0.5 µm' | '1 µm' | '2.5 µm' | '10 µm (automated mineralogy)'",,2026-08-12,(none),N,Y,N,Y,,N/A,N/A,N/A,N/A,N/A,N/A,N/A,N/A,N/A,N,N/A,N/A,N/A,N/A,N/A,N/A,N/A,N/A,N/A,2.5 µm,N/A,N/A,N/A,N/A,N/A,N/A,N,N/A,N/A,N/A,N/A,N,N/A,N/A,N/A
EDS Map Dimensions,Number of pixels in the EDS map in the X and Y directions. Determined at analysis time based on the area of interest and selected pixel size.,N/A,Basic,Numeric pair (pixels x pixels),"e.g., 512x512 | 1024x768 | 2048x2048",,2026-08-11,(none),N,Y,N,N,,N/A,N/A,N/A,N/A,N/A,N/A,N/A,N/A,N/A,N,N/A,N/A,N/A,N/A,N/A,N/A,N/A,N/A,N/A,1024 × 768 pixels,N/A,N/A,N/A,N/A,N/A,N/A,N,N/A,N/A,N/A,N/A,N,N/A,N/A,N/A
Map Area,"Physical area covered by the map in µm² or mm², calculated as (map width in pixels × step size) × (map height in pixels × step size). Complements the map's pixel-grid dimensions by recording the physical scale of the mapped region; useful for direct comparison across datasets acquired with different step sizes.",N/A,Basic,Numeric + unit,'500 × 400 µm' | '0.2 mm²',,2026-08-12,(none),N,Y,N,Y,,,,,,,,,,,,,,,,,,,,,,,,,,,,,,,,,,,,
Diffracting Crystal,Analyzing crystal (monochromator) used on each spectrometer assignment. Crystal choice determines the detectable wavelength range and dispersion.,Basic,Read-Only,Controlled list,LIF | LLIF | LIFL | LIFH | PET | LPET | PETL | PETH | TAP | TAPL | TAPH | LDE1 | LDE2 | LDE3 | RAP | KAP | Other: specify | Unknown | N/A | None,,2026-08-12,channel,N,N,Y,Y,,N/A,N/A,N/A,N/A,N/A,N/A,N/A,N/A,N/A,N/A,N/A,N/A,N/A,N/A,N/A,N/A,N/A,N/A,N/A,N/A,N/A,N/A,N/A,N/A,N/A,N/A,N/A,N/A,N/A,N/A,N/A,N/A,N/A,N/A,N/A
WDS Spectrometer Channel,"WDS spectrometer position(s) assigned to each analyte, one entry per assignment. An analyte may be assigned to more than one spectrometer with intensities aggregated (aggregate intensity counting), and one spectrometer serves several analytes across a run, so the assignment — not the analyte — is the unit carrying the spectrometer setup. Different spectrometers may have different crystal configurations.",Advanced,Read-Only,Text (free),"e.g., 'Si=Sp1; Ti=Sp2; Cr=Sp2+Sp3 (aggregate intensity counting); Fe=Sp3' | 'Mg=Sp1; Ca=Sp4; Na=Sp5'",,2026-08-12,defines: channel per analyte,N,N,Y,Y,,N/A,N/A,N/A,N/A,N/A,N/A,N/A,N/A,N/A,N/A,N/A,N/A,N/A,N/A,N/A,N/A,N/A,N/A,N/A,N/A,N/A,N/A,N/A,N/A,N/A,N/A,N/A,N/A,N/A,N/A,N/A,N/A,N/A,N/A,N/A
Sequence,"Order in which spectrometer assignments are acquired during point analysis. Relevant for minimizing beam damage (volatile elements measured first) and for sequential multi-channel setups. Not applicable to X-ray mapping, where all assigned spectrometers collect simultaneously at each pixel.",Advanced,Read-Only,Integer,"e.g., 1 | 2 | 3 | 4",,2026-08-12,channel,N,N,Y,Y,,N/A,N/A,N/A,N/A,N/A,N/A,N/A,N/A,N/A,N/A,N/A,N/A,N/A,N/A,N/A,N/A,N/A,N/A,N/A,N/A,N/A,N/A,N/A,N/A,N/A,N/A,N/A,N/A,N/A,N/A,N/A,N/A,N/A,N/A,N/A
Proportional Counter / Detector,Type of detector used on each spectrometer assignment. Affects sensitivity and count rate linearity.,Advanced,Read-Only,Controlled list,High Pressure P10 Flow | Low Pressure P10 Flow | Xe Sealed | SDD | Si(Li) | Other: specify | Unknown | N/A | None,,2026-08-12,channel,N,N,Y,Y,,N/A,N/A,N/A,N/A,N/A,N/A,N/A,N/A,N/A,N/A,N/A,N/A,N/A,N/A,N/A,N/A,N/A,N/A,N/A,N/A,N/A,N/A,N/A,N/A,N/A,N/A,N/A,N/A,N/A,N/A,N/A,N/A,N/A,N/A,N/A
WDS PHA Setting,Pulse height analyzer (PHA) setting for the WDS detector. Integral mode accepts all pulses above a threshold; Differential mode selects a narrow energy window to reject higher-order reflections and escape peaks.,Advanced,Read-Only,Controlled list,Integral | Differential | Other: specify | Unknown | N/A | None,,2026-08-12,channel,N,N,Y,Y,,N/A,N/A,N/A,N/A,N/A,N/A,N/A,N/A,N/A,N/A,N/A,N/A,N/A,N/A,N/A,N/A,N/A,N/A,N/A,N/A,N/A,N/A,N/A,N/A,N/A,N/A,N/A,N/A,N/A,N/A,N/A,N/A,N/A,N/A,N/A
Peak Counting Time,"Time spent counting X-ray intensity at the peak position, in seconds, on each spectrometer assignment. Procedure specifies standard values; analysts may adjust within procedure-defined bounds.",Basic,Editable,Numeric (s),"e.g., 10 | 20 | 30 | 60",,2026-08-12,channel,N,N,Y,N,,N/A,N/A,N/A,N/A,N/A,N/A,N/A,N/A,N/A,N/A,N/A,N/A,N/A,N/A,N/A,N/A,N/A,N/A,N/A,N/A,N/A,N/A,N/A,N/A,N/A,N/A,N/A,N/A,N/A,N/A,N/A,N/A,N/A,N/A,N/A
Background Counting Time,"Total time spent counting at off-peak background position(s) in seconds, summed across all background positions.",Basic,Editable,Numeric (s),"e.g., 5 | 10 | 20",,2026-08-12,channel,N,N,Y,N,,N/A,N/A,N/A,N/A,N/A,N/A,N/A,N/A,N/A,N/A,N/A,N/A,N/A,N/A,N/A,N/A,N/A,N/A,N/A,N/A,N/A,N/A,N/A,N/A,N/A,N/A,N/A,N/A,N/A,N/A,N/A,N/A,N/A,N/A,N/A
Background Position(s),"Location(s) of off-peak background measurement(s) relative to the peak, in mm or sin-theta, and whether on the high- or low-energy side.",Advanced,Editable,Text (free),"e.g., '+5 mm (High), -5 mm (Low)' | 'High only (+4 mm)' | 'MAN method (no off-peak positions)'",,2026-08-12,channel,N,N,Y,N,,N/A,N/A,N/A,N/A,N/A,N/A,N/A,N/A,N/A,N/A,N/A,N/A,N/A,N/A,N/A,N/A,N/A,N/A,N/A,N/A,N/A,N/A,N/A,N/A,N/A,N/A,N/A,N/A,N/A,N/A,N/A,N/A,N/A,N/A,N/A
5. Data Processing,,,,,,,,,N,N,N,N,N,N,N,N,N,N,N,N,N,N,N,N,N,N,N,N,N,N,N,N,N,N,N,N,N,N,N,N,N,N,N,N,N,N,N,N
Matrix Correction Method,"X-ray matrix correction algorithm applied during quantitative EDS or WDS data reduction. For X-ray mapping, applies when raw count maps are converted to quantitative concentration maps.",Basic,Read-Only,Controlled list,XPP (Simplified PAP) | PAP (Pouchou & Pichoir Full) | ZAF | CITZAF (Armstrong 1995) | Phi-rho-z (EPQ-91) | Other: specify | Unknown | N/A | None,,2026-08-12,(none),Y,Y,Y,Y,,N/A,N/A,N/A,XPP (Simplified PAP),N/A,N/A,N,N/A,N/A,N,N/A,N,N/A,N/A,N/A,N/A,N/A,N/A,N,N,N/A,N/A,N/A,N,N/A,N/A,N,N/A,N/A,N/A,N/A,N,N/A,N/A,N/A
Mass Absorption Coefficients (MACs),"Database of mass absorption coefficients used in the matrix correction. MAC database choice affects accuracy particularly for light elements (B, C, N, O, F, Na).",Basic,Read-Only,Controlled list,LINEMU | CITZMU | MCMASTER | MAC30 | MACJTA | FFAST | Other: specify | Unknown | N/A | None,,2026-05-21,(none),Y,Y,Y,Y,,N/A,N/A,N/A,N,N/A,N/A,N,N/A,N/A,N,N/A,N,N/A,N/A,N/A,N/A,N/A,N/A,N,N,N/A,N/A,N/A,N,N/A,N/A,N,N/A,N/A,N/A,N/A,N,N/A,N/A,N/A
Background Correction Method,Method used to estimate and subtract background X-ray intensity beneath the peak. For WDS: typically 2-point off-peak linear interpolation or Mean Atomic Number (MAN) background model. For EDS: spectral background fitting or top-hat filter applied during spectral processing.,Basic,Editable,Controlled list,2-point off-peak linear | 2-point off-peak exponential | Mean Atomic Number (MAN) | EDS background fit | Top-hat filter | Other: specify | N/A | None,,2026-08-12,(none),Y,Y,Y,Y,,N/A,N/A,N/A,N,N/A,N/A,N,N/A,N/A,N,N/A,N,N/A,N/A,N/A,N/A,N/A,N/A,N,N,N/A,N/A,N/A,N,N/A,N/A,N,N/A,N/A,N/A,N/A,N,N/A,N/A,N/A
Time-Dependent Intensity Correction,"Type of time-dependent intensity (TDI) correction applied to compensate for beam-induced volatilisation or migration of sensitive elements (e.g., Na, K, F in glasses, feldspars, carbonates). Most commonly applied in WDS point analysis; uncommon for EDS or X-ray mapping.",Advanced,Editable,Controlled list,None | Linear | Exponential | Double exponential | Other: specify | Unknown | N/A,,2026-08-11,analyte,Y,Y,Y,Y,,N/A,N/A,N/A,N,N/A,N/A,N,N/A,N/A,N,N/A,N,N/A,N/A,N/A,N/A,N/A,N/A,N,N,N/A,N/A,N/A,N,N/A,N/A,N,N/A,N/A,N/A,N/A,N,N/A,N/A,N/A
Analyte Estimation Method,"Whether elemental concentrations were calculated directly from measured X-ray intensities, or estimated by cation stoichiometry (e.g., oxygen calculated from cation proportions in silicates; carbon from stoichiometry in carbonates).",Advanced,Read-Only,Controlled list,Direct (measured) | Stoichiometry from cations | By difference | Other: specify | Unknown | N/A | None,,2026-08-11,analyte,Y,Y,Y,Y,,N/A,N/A,N/A,N,N/A,N/A,N,N/A,N/A,N,N/A,N,N/A,N/A,N/A,N/A,N/A,N/A,Virtual standards preloaded within Oxford INCA Energy software,Virtual standards preloaded within Oxford INCA Energy software,N/A,N/A,N/A,N,N/A,N/A,N,N/A,N/A,N/A,N/A,N,N/A,N/A,N/A
Halogen Correction on Oxygen,"Whether oxygen content was adjusted to account for halogen substitution (F and/or Cl replacing OH) in halogen-bearing phases such as apatite, amphibole, and mica, where oxygen is calculated by stoichiometry.",Advanced,Editable,Boolean,Yes | No | N/A,,2026-08-11,(none),Y,N,Y,Y,,N/A,N/A,N/A,N/A,N/A,N/A,N/A,N/A,N/A,N/A,N/A,N/A,N/A,N/A,N/A,N/A,N/A,N/A,N/A,N/A,N/A,N/A,N/A,N/A,N/A,N/A,N/A,N/A,N/A,N/A,N/A,N/A,N/A,N/A,N/A
EDS Spectral Processing Type,"Method used to process EDS spectra and extract net peak intensities from raw spectral data. Applied before quantification (see Matrix Correction Method). Common approaches include background fitting and subtraction followed by peak integration, and filter fit or Gaussian deconvolution for overlapping peaks.",Advanced,Read-Only,Controlled list,Background fitting | Peak deconvolution | Top-hat filter | Gaussian fit | Filter fit | Other: specify | Unknown | N/A | None,,2026-08-12,(none),Y,Y,N,N,,N/A,N/A,N/A,N,N/A,N/A,N,N/A,N/A,N,N/A,N,N/A,N/A,N/A,N/A,N/A,N/A,Semi-quantitative analysis with virtual standards (Oxford INCA Energy); mineral phase determination from atomic % of constituent elements,Semi-quantitative analysis with virtual standards (Oxford INCA Energy); mineral phase determination from atomic % of constituent elements,N/A,N/A,N/A,N,N/A,N/A,N,N/A,N/A,N/A,N/A,N,N/A,N/A,N/A
Blank Correction,"Method and reference material(s) used to determine and subtract blank signal contributions (e.g., carbon coat contribution to C signal, or background contamination for trace elements).",Advanced,Editable,Text (free),"e.g., 'Blank C signal subtracted using carbon-coated polished glass reference' | 'None'",,2026-08-11,analyte,Y,Y,Y,Y,,N/A,N/A,N/A,N,N/A,N/A,N,N/A,N/A,N,N/A,N,N/A,N/A,N/A,N/A,N/A,N/A,N,N,N/A,N/A,N/A,N,N/A,N/A,N,N/A,N/A,N/A,N/A,N,N/A,N/A,N/A
Normalization / Standards-Based Correction,Post-acquisition normalization applied using secondary reference materials to correct for session-to-session calibration drift.,Advanced,Editable,Text (free),"e.g., 'Normalization to accepted values of Kakanui kaersutite run as secondary standard' | 'None'",,2026-08-11,reported property,Y,Y,Y,Y,,N/A,N/A,N/A,N,N/A,N/A,N,N/A,N/A,N,N/A,N,N/A,N/A,N/A,N/A,N/A,N/A,N,N,N/A,N/A,N/A,N,N/A,N/A,N,N/A,N/A,N/A,N/A,N,N/A,N/A,N/A
WDS Dead Time Correction,"Method used to correct for WDS proportional counter dead time at high count rates. Dead time errors are most significant for major elements with high count rates (e.g., Si, Fe, Ca). Unlike EDS dead time — which is hardware-managed and reported as a session QC percentage (see EDS Dead Time) — WDS dead time correction is a user-selectable algorithm in the data reduction software. No separate measured WDS dead time value is reported; the correction is applied transparently during intensity-to-concentration conversion.",Basic,Read-Only,Controlled list,Default constant (manufacturer) | Adjusted constant | High-precision (Probe for EPMA) | Logarithmic | Other: specify | Unknown | N/A | None,,2026-08-12,(none),N,N,Y,Y,,N/A,N/A,N/A,N/A,N/A,N/A,N/A,N/A,N/A,N/A,N/A,N/A,N/A,N/A,N/A,N/A,N/A,N/A,N/A,N/A,N/A,N/A,N/A,N/A,N/A,N/A,N/A,N/A,N/A,N/A,N/A,N/A,N/A,N/A,N/A
Calibration Factor and Determination Method,"An externally-calibrated factor that converts the measured quantity into the reported quantity, how it was determined, and its uncertainty. Applies where the conversion depends on a factor calibrated against a reference of independently known value, rather than on the instrument response alone. Distinct from the fields that name the calibration material and that state which approach applies to which analyte, where the technique has them: this field records the resulting factor itself.",Basic,Editable,Text (free),,,2026-08-12,reported property,Y,Y,Y,Y,,,,,,,,,,,,,,,,,,,,,,,,,,,,,,,,,,,,
Procedural Blank Level,"The measured level of the analytical blank in the session, and — where the reported quantity is a ratio — its composition, since a blank subtracted from a ratio biases the result unless its own composition is known. Companion to the blank correction method, which is procedure-level: this field records what was actually measured. Follows the criterion-versus-measurement split the library applies wherever a procedure sets a threshold and an analysis reports a value against it.",N/A,Basic,Text (free),,,2026-08-08,(none),Y,Y,Y,Y,,,,,,,,,,,,,,,,,,,,,,,,,,,,,,,,,,,,
Analysis Inclusion and Rejection Criteria,"The rules determining which individual analyses contribute to a reported aggregate result, together with the outcome of applying them: how many analyses were acquired, how many were included, and on what grounds any were excluded. Distinct from within-analysis outlier filtering, which removes anomalous points inside a single analysis: this field decides which whole analyses enter the reported value. Criteria and outcome are combined in one field because neither is interpretable without the other, following the precision/accuracy precedent.",Basic,Basic,Text (free),,,2026-08-08,(none),Y,Y,Y,Y,,,,,,,,,,,,,,,,,,,,,,,,,,,,,,,,,,,,
Constants and Reference Values Used,"Physical constants and reference values used in data reduction to calculate the final reported quantity (e.g., decay constants for age calculation, standard isotope ratios, or other citable reference values used in a correction or calculation), together with their source. Distinct from the Group 6 reference-material fields, which document accepted values for specific calibration/validation materials rather than universal physical constants. Record ""None"" if no citable, revisable physical constants feed into this procedure's data reduction.",Basic,Editable,Text (free),"e.g., ""λ238U = 1.55125×10⁻¹⁰ yr⁻¹, λ235U = 9.8485×10⁻¹⁰ yr⁻¹ (Jaffey et al. 1971); 238U/235U = 137.818 (Hiess et al. 2012)"" | ""None""",,2026-08-12,(none),Y,Y,Y,Y,,,,,,,,,,,,,,,,,,,,,,,,,,,,,,,,,,,,
6. Quality Control & Uncertainty,,,,,,,,,N,N,N,N,N,N,N,N,N,N,N,N,N,N,N,N,N,N,N,N,N,N,N,N,N,N,N,N,N,N,N,N,N,N,N,N,N,N,N,N
Primary Calibration Standard Name,"Name(s) of the primary reference material(s) used for intensity calibration in EDS or WDS quantification. Include the material name, its source or supplier, and a citation for the accepted values used, since results calibrated against different published values for the same material are not directly comparable.",Basic,Editable,Text (free),"e.g., 'Smithsonian anorthite (Si, Al, Ca)' | 'Synthetic fayalite (Fe)' | 'Pure element standards (Cu, Al foil)' | 'Alloy standards (Micro-Analysis Consultants)'",,2026-08-11,analyte,Y,Y,Y,Y,,N/A,N/A,N/A,Oxford factory internal standards,N/A,N/A,N,N/A,N/A,N,N/A,N,N/A,N/A,N/A,N/A,N/A,N/A,N,N,N/A,N/A,N/A,N,N/A,N/A,N,N/A,N/A,N/A,N/A,N,N/A,N/A,N/A
Secondary Reference Materials,"Quality-control reference material(s) analyzed alongside unknowns to verify calibration accuracy. Include material name, assessed elements, number of analyses (n), and measured vs. accepted values where available.",Basic,Editable,Text (free),"e.g., 'USNM San Carlos olivine (Mg, Fe, Si; n=5; within 2% of GeoReM)' | 'Kakanui kaersutite (multiple elements)'",,2026-08-12,defines: standard per analyte,Y,Y,Y,Y,,N/A,N/A,N/A,N,N/A,N/A,N,N/A,N/A,N,N/A,N,N/A,N/A,N/A,N/A,N/A,N/A,N,N,N/A,N/A,N/A,N,N/A,N/A,N,N/A,N/A,N/A,N/A,N,N/A,N/A,N/A
Interference Corrections Applied,"Whether a spectral interference correction was applied for each analyte. Common interferences include Ti Kb on V Ka, Cr Kb on Mn Ka, and Ba La on Ti Ka.",Basic,Read-Only,Boolean,Yes | No | N/A,,2026-08-12,analyte,Y,Y,Y,Y,,N/A,N/A,N/A,N,N/A,N/A,N,N/A,N/A,N,N/A,N,N/A,N/A,N/A,N/A,N/A,N/A,N,N,N/A,N/A,N/A,N,N/A,N/A,N,N/A,N/A,N/A,N/A,N,N/A,N/A,N/A
Interfering Elements,"Element(s) whose X-ray lines overlap with the measured peak for one or more analytes, requiring a correction.",Advanced,Read-Only,Text (free),"e.g., 'Ti Kb overlaps V Ka' | 'Cr Kb overlaps Mn Ka' | 'S Ka overlaps Mo La'",,2026-08-11,analyte,Y,Y,Y,Y,,N/A,N/A,N/A,N,N/A,N/A,N,N/A,N/A,N,N/A,N,N/A,N/A,N/A,N/A,N/A,N/A,N,N,N/A,N/A,N/A,N,N/A,N/A,N,N/A,N/A,N/A,N/A,N,N/A,N/A,N/A
Interference Correction Standard,Reference material used to quantify and calibrate the interference correction for each affected analyte.,Advanced,Read-Only,Text (free),"e.g., 'Synthetic TiO2 (for Ti Kb on V correction)' | 'Chromite USNM 117075 (for Cr Kb on Mn correction)'",,2026-08-11,analyte,Y,Y,Y,Y,,N/A,N/A,N/A,N,N/A,N/A,N,N/A,N/A,N,N/A,N,N/A,N/A,N/A,N/A,N/A,N/A,N,N,N/A,N/A,N/A,N,N/A,N/A,N,N/A,N/A,N/A,N/A,N,N/A,N/A,N/A
Detection Limit,"Method detection limit at 99% confidence, one per reported concentration variable (one per analyte, these being the same set). Include the method used and the resulting value for each.",Advanced,Basic,Text (free),"e.g., 'SiO2: 0.04 wt% (3-sigma counting statistics)' | 'Na2O: 0.03 wt%' | 'FeO: 0.05 wt%'",,2026-08-12,reported property,Y,Y,Y,Y,,N/A,N/A,N/A,N,N/A,N/A,N,N/A,N/A,~0.5 wt% for most elements,N/A,N,N/A,N/A,N/A,N/A,N/A,N/A,N,N,N/A,N/A,N/A,N,N/A,N/A,N,N/A,N/A,N/A,N/A,N,N/A,N/A,N/A
Detection Limit Method,Formula or approach used to calculate detection limits.,Basic,Read-Only,Text (free),"e.g., '3-sigma from counting statistics (Goldstein et al. 2018)' | 'Llovet et al. 2020 Eq. 4'",,2026-08-11,reported property,Y,Y,Y,Y,,N/A,N/A,N/A,N,N/A,N/A,N,N/A,N/A,N,N/A,N,N/A,N/A,N/A,N/A,N/A,N/A,N,N,N/A,N/A,N/A,N,N/A,N/A,N,N/A,N/A,N/A,N/A,N,N/A,N/A,N/A
Analytical Precision,"Reproducibility of repeated measurements on the same or equivalent reference material, expressed as 1-sigma relative standard deviation (%). Include reference material name, number of analyses (n), and value per analyte or element group.",Advanced,Basic,Text (free),"e.g., 'SiO2: 0.8% 1-sigma RSD (n=10, San Carlos olivine)' | 'FeO: 1.5%'",,2026-08-12,standard x reported property,Y,Y,Y,Y,,N/A,N/A,N/A,N,N/A,N/A,N,N/A,N/A,N,N/A,N,N/A,N/A,N/A,N/A,N/A,N/A,N,N,N/A,N/A,N/A,N,N/A,N/A,N,N/A,N/A,N/A,N/A,N,N/A,N/A,N/A
Analytical Accuracy,"Offset between measured and accepted reference values for secondary standards, expressed as percent relative bias. Include reference material, reference value source, and per-analyte value.",Advanced,Basic,Text (free),"e.g., 'SiO2: +0.5% relative to GeoReM accepted value (San Carlos olivine)' | 'FeO: -1.2%'",,2026-08-12,standard x reported property,Y,Y,Y,Y,,N/A,N/A,N/A,N,N/A,N/A,N,N/A,N/A,N,N/A,N,N/A,N/A,N/A,N/A,N/A,N/A,N,N,N/A,N/A,N/A,N,N/A,N/A,N,N/A,N/A,N/A,N/A,N,N/A,N/A,N/A
Counting Statistics Error,"1-sigma uncertainty propagated from counting statistics on peak and background intensities, for each reported concentration variable per analysis.",Advanced,Basic,Text (free),"e.g., 'SiO2: +-0.04 wt% (1-sigma)' | 'Na2O: +-0.03 wt% (1-sigma)'",,2026-08-12,sample > sampling unit x reported property,Y,Y,Y,Y,,N/A,N/A,N/A,N,N/A,N/A,N,N/A,N/A,N,N/A,N,N/A,N/A,N/A,N/A,N/A,N/A,N,N,N/A,N/A,N/A,N,N/A,N/A,N,N/A,N/A,N/A,N/A,N,N/A,N/A,N/A
EDS Dead Time,"Percent dead time reported by the EDS detector during the session — the fraction of total acquisition time the detector spent processing rather than counting. EDS dead time correction is managed automatically by the detector electronics; this field documents the resulting percentage as a session QC metric. Values above ~40% indicate excessive count rate and may degrade spectral quality and quantitative accuracy. Unlike WDS dead time (see WDS Dead Time Correction), no user-selectable correction algorithm is required.",N/A,Basic,Numeric (%),"e.g., 10 | 25 | <40",,2026-08-12,(none),Y,Y,N,N,,N/A,N/A,N/A,N,N/A,N/A,N,N/A,N/A,N,N/A,N,N/A,N/A,N/A,N/A,N/A,N/A,N,N,N/A,N/A,N/A,N,N/A,N/A,N,N/A,N/A,N/A,N/A,N,N/A,N/A,N/A
Goodness-of-Fit or Dispersion Statistic,"The statistic reported to show whether scatter among the contributing analyses exceeds what analytical uncertainty alone predicts, together with its value. Answers whether a reported aggregate is defensible as a single population. Procedure-level tier is N/A because the value cannot be known before the analysis; the procedure may still state an acceptance threshold, which belongs with the inclusion criteria.",N/A,Basic,Text (free),,,2026-08-08,reported property,Y,Y,Y,Y,,,,,,,,,,,,,,,,,,,,,,,,,,,,,,,,,,,,
Additional Notes,"Any procedure- or analysis-specific information not captured by a structured field anywhere in this TAPP — including anomalies, deviations from the registered procedure, instrument modifications, and supplementary context. Scope is the whole document, not Group 6: this is the last field of the TAPP and covers all six groups. Use sparingly; a structured field is preferred for anything that can be formally categorised.",Advanced,Advanced,Text (free),Free text,,2026-08-11,(none),Y,Y,Y,Y,,Sample imaged without coating; initial ~5% beam-induced shrinkage observed upon first e-beam exposure; sample stable thereafter; focusing performed away from particles of interest to minimise beam exposure,N,N,N,EBSD done in variable pressure mode (25 Pa) to suppress charging on tilted sample; spatial resolution ~30 nm stated; calibrated with single-crystal silicon standard,"CL color imaging also done with separate luminoscope ELM-3R (cold cathode, 10 kV, 0.5 mA, <100 Torr) — standalone CL system, not SEM-based; spectrum deconvolution via Peak Analyzer in OriginPro 8J SR2",Described as semiquantitative; BSE images also captured with this instrument at same conditions; EPMA (JEOL JXA-8900R WDS) used for quantitative analyses (out of scope),Digiscan II beam controller used for CL raster; multi-channel color CL distinguishes ~4 spectral bands; beam-induced CL may persist from long-lived IR emission in carbonates,N,"Full spectral imaging (Quartz XOne): all X-rays recorded per pixel, allowing post-hoc spectral analysis",N,Additional BSE and EDX analyses also carried out with Hitachi S-4300SE/N (Texas Tech) and Hitachi SU6600 (UWO) — not captured as separate assessment columns,N,Pore and mineral sizes >0.1 µm measured; minerals analyzed via EDS (surface energy spectrum analysis); magnification range 10³ to 10⁴,Pore and mineral sizes >20 nm to <5 µm measured; EDS also used for mineral analysis; magnification range 10³ to 10⁵,"BSE images obtained from both ZEISS 1550VP FE-SEM and JEOL 8200 electron microprobe (EPMA); quantitative EPMA on JEOL 8200 at 12 kV, 5 nA (out of scope for SEM TAPP)",EBSD performed at Caltech GPS Analytical Facility; EPMA (JEOL 8200) used for quantitative chemical analysis (out of scope for SEM TAPP),10 BSE images acquired at ×138 magnification and mosaicked (4 consecutive per row) to cover ~9.7 mm area matching SPIM imagery,"Spot analysis: 20 kV, 30 µm aperture, 30 s live time per spot, maximum process time (Oxford INCA Energy)","EDS mapping: 20 kV, 60 µm aperture, 5 ms dwell per pixel, 1024×768 pixels, 2.5 µm pixel size, ~10 h total; element maps co-registered with BSE images","SE imaging used for topographic examination; instrument capability: up to ×200,000 magnification, 5 nm resolution; SE acquired before EDS to minimize charging effects",Stage tilt 52° between electron and ion columns; SEM range 20V–30kV and FIB range 500V–30kV (system specs); destriping filter xStripes.jar applied; deconvolves y-axis by y/sin(52°) for pixel scale correction,SE and BSE imaging; EDS point spectra; Oxford AZtec system; EDS detector: Oxford Instruments Ultim Max SDD 170 mm²,N,Cold FEG; system range 0.5-30 keV; SE and BSE imaging detectors; also equipped with Oxford Instruments Aztec Live/x-stream/Ultimax 170 SDD EDS; specific operating voltage not stated,Cold FEG; system range 0.5-30 keV; SE and BSE imaging; EDS mapping; specific operating voltage not stated,"Compositional heterogeneity assessed through EDS mapping; no specific kV, current, dwell time stated for S-4800 EDS",Sections thinned to electron transparency; BSE/SE images acquired before and after sectioning; methods follow refs. 72-75,Thicker sections (<100 nm) for TEM; sections up to 600 nm for Fe-L XANES and tomography,"Multi-step milling: e-beam C deposition then FIB C capping, 30 kV → 16 kV → 5 kV; Pt weld to Cu half grids","CL emitting volume at 5 keV: up to 230 nm depth, 200 nm sideways (assuming 100-nm graphite coating); recording below focal plane for magnifications <×500 to minimize hotspot effect","SEM-EDS (referred to as SEM-EDX in Extended Data Fig. 8) used to confirm phase identifications of two O-rich presolar grains identified by NanoSIMS isotope mapping: one grain confirmed as ferromagnesian silicate; one confirmed as Al,Mg-bearing oxide (Barnes et al. 2025, p.2 and Extended Data Fig. 8 caption). No instrument name, accelerating voltage, beam current, or sample preparation specifics stated for the JSC SEM-EDS step in this paper.","No BSE imaging with FEI Quanta 3D DualBeam or Helios DualBeam at NASA JSC described in this paper (Barnes et al. 2025). BSE mosaic imaging was performed using a Hitachi TM4000plus at the University of Arizona (K-ALFAA) at 15-keV electron beam to identify suitable matrix areas for NanoSIMS analysis (Methods, p.11). No JSC BSE imaging conditions or instrument stated.","No FIB-based TEM sample preparation at NASA JSC described in this paper (Barnes et al. 2025). This paper does not include TEM analysis or FIB-SEM-based sample preparation. FIB-based TEM foil preparation using FEI Helios G4 and related instruments at NASA JSC is described in the companion paper Zega et al. 2025 (Nat. Geosci., ref. 7 therein).","No FIB-based TEM sample preparation at NASA JSC described in this paper (Barnes et al. 2025). This paper does not include TEM analysis or FIB-SEM-based sample preparation. TEM foil preparation using FEI Helios 660 G3 and related instruments at NASA JSC is described in the companion paper Zega et al. 2025 (Nat. Geosci., ref. 7 therein)."
