Metadata Item,Description,Procedure-Level Tier,Analysis-Level Tier,Data Type,Example / Allowed Content,Comments,Last Update,Keyed By,Purpose,SE Imaging,BSE Imaging,EDS Point Analysis,EDS Mapping,WDS Point Analysis,WDS Mapping,CL Point Analysis,CL Mapping,EBSD,TEM Sample Preparation,3D Tomography,Literature Assessment,Garvie et al. 2008 | Tagish Lake (C2) nanoglobules | SE Imaging (FEI Nova 200 NanoLab),"Garvie et al. 2008 | Tagish Lake (C2) nanoglobules | TEM Sample Preparation (FIB, FEI Nova 200 NanoLab)","Genge et al. 2025 | Micrometeorite NG-1 (CV3-like) | BSE Imaging (ZEISS Sigma 1550VP, 10 kV)","Genge et al. 2025 | Micrometeorite NG-1 (CV3-like) | EDS Point Analysis (ZEISS Sigma 1550VP, 10 kV)","Genge et al. 2025 | Micrometeorite NG-1 (CV3-like) | EBSD (ZEISS Sigma 1550VP, 20 kV)","Gucsik et al. 2013 | Forsterite, Kaba meteorite (CV3) | CL Mapping (JEOL JSM-5410LV)","Gucsik et al. 2013 | Forsterite, Kaba meteorite (CV3) | EDS Point Analysis (JEOL JSM-5410LV)",Izawa et al. 2010 | Tagish Lake (C2) meteorite | CL Mapping (Hitachi S-2500C),Izawa et al. 2010 | Tagish Lake (C2) meteorite | BSE Imaging (Leo 440),Izawa et al. 2010 | Tagish Lake (C2) meteorite | EDS Mapping (Leo 440),Izawa et al. 2010 | Tagish Lake (C2) meteorite | BSE Imaging (Leo 1540 FIB/SEM CrossBeam),Izawa et al. 2010 | Tagish Lake (C2) meteorite | EDS Point Analysis (Leo 1540 FIB/SEM CrossBeam),Liu et al. 2017 | High-rank coal (Qinshui basin) | 3D Tomography (Carl Zeiss Crossbeam 540),Liu et al. 2017 | High-rank coal (Qinshui basin) | SE Imaging (ESEM Quanta 250),Liu et al. 2017 | High-rank coal (Qinshui basin) | SE Imaging (FESEM SUPRA 55),Ma et al. 2017 | Khatyrka CV3 chondrite (metal phases) | BSE Imaging (ZEISS 1550VP FE-SEM),"Ma et al. 2017 | Khatyrka CV3 chondrite (metal phases) | EBSD (ZEISS 1550VP FE-SEM, HKL system, 20 kV)","Pascucci et al. 2026 | NWA 7317 CR6 chondrite | BSE Imaging (Zeiss Supra 40 FE-SEM, 20 kV)","Pascucci et al. 2026 | NWA 7317 CR6 chondrite | EDS Point Analysis (Zeiss Supra 40 FE-SEM, 20 kV)","Pascucci et al. 2026 | NWA 7317 CR6 chondrite | EDS Mapping (Zeiss Supra 40 FE-SEM, 20 kV)",Pascucci et al. 2026 | NWA 7317 CR6 chondrite | SE Imaging (Zeiss Supra 40 FE-SEM),"Zhou et al. 2017 | Coal (SC + HBC, Junggar Basin) | 3D Tomography (FEI Helios NanoLab 650)","Zega et al. 2025 | Bennu asteroid particles (OSIRIS-REx) | BSE Imaging (JEOL 7600F, NASA JSC, 15 kV)","Zega et al. 2025 | Bennu asteroid particles (OSIRIS-REx) | EDS Point Analysis (JEOL 7600F, NASA JSC, 15 kV)","Zega et al. 2025 | Bennu asteroid particles (OSIRIS-REx) | SE Imaging (Hitachi S-4800, U Arizona)","Zega et al. 2025 | Bennu asteroid particles (OSIRIS-REx) | BSE Imaging (Hitachi S-4800, U Arizona)","Zega et al. 2025 | Bennu asteroid particles (OSIRIS-REx) | EDS Mapping (Hitachi S-4800, U Arizona)","Zega et al. 2025 | Bennu asteroid particles (OSIRIS-REx) | TEM Sample Preparation (Helios G3, U Arizona)","Zega et al. 2025 | Bennu asteroid particles (OSIRIS-REx) | TEM Sample Preparation (Helios G4 UX, UC Berkeley)","Zega et al. 2025 | Bennu asteroid particles (OSIRIS-REx) | TEM Sample Preparation (Quanta3D600, NASA JSC)","Zega et al. 2025 | Bennu asteroid particles (OSIRIS-REx) | CL Mapping (JEOL JSM-7000F, Universite Cote d'Azur, 5 keV)","Barnes et al. 2025 | Bennu asteroid particles (OSIRIS-REx) | EDS Mapping (JEOL 7600F, NASA JSC, 15 kV)","Barnes et al. 2025 | Bennu asteroid particles (OSIRIS-REx) | BSE Imaging (FEI Quanta 3D DualBeam + Helios DualBeam, NASA JSC)","Barnes et al. 2025 | Bennu asteroid particles (OSIRIS-REx) | TEM Sample Preparation (FEI Helios G4 DualBeam, NASA JSC)","Barnes et al. 2025 | Bennu asteroid particles (OSIRIS-REx) | TEM Sample Preparation (FEI Helios 660 G3, NASA JSC)"
1. Procedure Identification,,,,,,,,,,N,N,N,N,N,N,N,N,N,N,N,N,N,N,N,N,N,N,N,N,N,N,N,N,N,N,N,N,N,N,N,N,N,N,N,N,N,N,N,N,N,N,N,N,N,N,N
Procedure Name,"A short descriptive name for this analytical procedure, including a version number. Should identify the instrument, the technique, and the scope of what is measured — analyte, material, or feature.",Basic,Read-Only,Text (free),"e.g., 'SEM-BSE/EDS Mineral Phase Mapping, JEOL 7600F, Bennu Astromaterials' | 'FIB-SEM 3D Tomography, Helios NanoLab 660, Organic-Rich Chondrite Matrix'",Source: Core module,2026-07-24,(none),,Y,Y,Y,Y,Y,Y,Y,Y,Y,Y,Y,,N,N,N,N,N,N,N,N,N,N,N,N,N,N,N,N,N,N,N,N,N,N,N,N,N,N,N,N,N,N,N,N,N,N,N
Technique,Top-level analytical technique identifier.,Basic,Read-Only,Controlled list,SEM | SEM/FIB-SEM | Other: specify | N/A | None,Source: Core module,2026-05-21,(none),,Y,Y,Y,Y,Y,Y,Y,Y,Y,Y,Y,,N,N,N,N,N,N,N,N,N,N,N,N,N,N,N,N,N,N,N,N,N,N,N,N,N,N,N,N,N,N,N,SEM-EDS (Scanning Electron Microscopy–Energy Dispersive X-ray Spectroscopy),N,N,N
Procedure Author,Person(s) or laboratory responsible for developing and registering this procedure. ORCID recommended for individuals.,Basic,Read-Only,Text (free),"e.g., 'T.J. McCoy, Smithsonian NMNH' | 'ARES Electron Beam Analysis Laboratories, NASA JSC'",Source: Core module,2026-07-24,(none),,Y,Y,Y,Y,Y,Y,Y,Y,Y,Y,Y,,N,N,N,N,N,N,N,N,N,N,N,N,N,N,N,N,N,N,N,N,N,N,N,N,N,N,N,N,N,N,N,N,N,N,N
Laboratory,Name of the laboratory or institution hosting the instrument.,Basic,Editable,Text (free),"e.g., 'Electron Beam Analysis Laboratories, ARES, NASA Johnson Space Center' | 'K-ALFAA, University of Arizona'",Source: Core module,2026-05-21,(none),,Y,Y,Y,Y,Y,Y,Y,Y,Y,Y,Y,,"School of Earth and Space Exploration / School of Materials, Arizona State University","School of Earth and Space Exploration / School of Materials, Arizona State University","GPS Division Analytical Facility, California Institute of Technology","GPS Division Analytical Facility, California Institute of Technology","GPS Division Analytical Facility, California Institute of Technology",N,N,"Zircon and Accessory Phase Laboratory, University of Western Ontario",Surface Science Western,Surface Science Western,"Nanofabrication Laboratory, University of Western Ontario","Nanofabrication Laboratory, University of Western Ontario","China University of Mining and Technology, Xuzhou, China","China University of Mining and Technology, Xuzhou, China","China University of Mining and Technology, Xuzhou, China","Caltech GPS Analytical Facility, California Institute of Technology, Pasadena, CA, USA","Caltech GPS Analytical Facility, California Institute of Technology, Pasadena, CA, USA","CNR IMAA (Institute of Methodologies for Environmental Analysis), Italian National Research Council, Potenza, Italy","CNR IMAA (Institute of Methodologies for Environmental Analysis), Italian National Research Council, Potenza, Italy","CNR IMAA (Institute of Methodologies for Environmental Analysis), Italian National Research Council, Potenza, Italy","CNR IMAA (Institute of Methodologies for Environmental Analysis), Italian National Research Council, Potenza, Italy","China University of Geosciences, Beijing, China","NASA Johnson Space Center (JSC), Houston, TX, USA","NASA Johnson Space Center (JSC), Houston, TX, USA","K-ALFAA (Kuiper-Arizona Laboratory for Astromaterials Analysis), University of Arizona","K-ALFAA (Kuiper-Arizona Laboratory for Astromaterials Analysis), University of Arizona","K-ALFAA (Kuiper-Arizona Laboratory for Astromaterials Analysis), University of Arizona","K-ALFAA (Kuiper-Arizona Laboratory for Astromaterials Analysis), University of Arizona","Molecular Foundry, Lawrence Berkeley National Laboratory (UC Berkeley)","NASA Johnson Space Center (JSC), Houston, TX, USA","Université Côte d'Azur / Observatoire de la Côte d'Azur, Valbonne, France","Astromaterials Research and Exploration Science Division (ARES), NASA Johnson Space Center, Houston, TX, USA",N,N,N
Laboratory ID,"Persistent identifier for the laboratory (e.g., ROR ID).",Advanced,Editable,URI / DOI,"e.g., 'https://ror.org/027ka1x80'",Source: Core module,2026-05-21,(none),,Y,Y,Y,Y,Y,Y,Y,Y,Y,Y,Y,,N,N,N,N,N,N,N,N,N,N,N,N,N,N,N,N,N,N,N,N,N,N,N,N,N,N,N,N,N,N,N,N,N,N,N
Procedure Start Date,First date this procedure configuration was used in production.,Basic,Read-Only,Date,YYYY-MM-DD,Source: Core module,2026-07-24,(none),,Y,Y,Y,Y,Y,Y,Y,Y,Y,Y,Y,,N,N,N,N,N,N,N,N,N,N,N,N,N,N,N,N,N,N,N,N,N,N,N,N,N,N,N,N,N,N,N,N,N,N,N
Funding Source for Procedure Development,"Grants and other funding sources that supported instrument acquisition, major upgrades, procedure development, and associated personnel time. Include grant numbers and funding agencies where applicable.",Advanced,Read-Only,Text (free),"e.g., 'NSF EAR-1234567' | 'NASA 80NSSC20K0371' | 'None'",Source: Core module,2026-07-24,(none),,Y,Y,Y,Y,Y,Y,Y,Y,Y,Y,Y,,N,N,N,N,N,N,N,N,N,N,N,N,N,N,N,N,N,N,N,N,N,N,N,N,N,N,N,N,N,N,N,N,N,N,N
Procedure Reference(s),"DOI or URL for peer-reviewed publications or technical reports describing, validating, or benchmarking this procedure.",Advanced,Read-Only,URI / DOI,"e.g., 'https://doi.org/10.1234/example'",Source: Core module,2026-07-24,(none),,Y,Y,Y,Y,Y,Y,Y,Y,Y,Y,Y,,N,N,N,N,N,N,N,N,N,N,N,N,N,N,N,N,N,N,N,N,N,N,N,N,N,N,N,N,N,N,N,N,N,N,N
Procedure DOI,"DOI or unique persistent identifier for the registered procedure used in this analysis, generated upon procedure submission to a data repository. If a DOI has been applied for but not yet minted, enter ""pending"".",N/A,Basic,URI / DOI,"e.g., 'https://doi.org/10.xxxxx/procedure-id' | 'pending'",Source: Core module,2026-08-25,(none),Encourages formal procedure registration and ensures traceability.,Y,Y,Y,Y,Y,Y,Y,Y,Y,Y,Y,,N,N,N,N,N,N,N,N,N,N,N,N,N,N,N,N,N,N,N,N,N,N,N,N,N,N,N,N,N,N,N,N,N,N,N
Session Identifier,"Identifier for the analytical session this record describes — the laboratory's own run, sequence or batch identifier as generated by the instrument or acquisition software. Distinct from any persistent identifier a repository mints on submission.",N/A,Basic,Text (free),,Source: Core module,2026-08-25,(none),"The analysis record corresponds to one session, which may cover several samples, and this is the link back to the raw instrument files.",Y,Y,Y,Y,Y,Y,Y,Y,Y,Y,Y,,,,,,,,,,,,,,,,,,,,,,,,,,,,,,,,,,,,
Analyst,Name(s) of the analyst(s) who performed the analysis session. ORCID is recommended for persistent identification.,N/A,Basic,Text (free),"e.g., 'T.J. McCoy' | 'Sara Singerling'",Source: Core module,2026-08-25,(none),,Y,Y,Y,Y,Y,Y,Y,Y,Y,Y,Y,,N,N,N,N,N,N,N,N,N,N,N,N,N,N,N,N,N,N,N,N,N,N,N,N,N,N,N,N,N,N,N,N,N,N,N
Analysis Start Date,"Date on which the analytical session began. For sessions spanning multiple days, use the date of the first session. Format: YYYY-MM-DD.",N/A,Basic,Date,YYYY-MM-DD,Source: Core module,2026-08-25,(none),,Y,Y,Y,Y,Y,Y,Y,Y,Y,Y,Y,,N,N,N,N,N,N,N,N,N,N,N,N,N,N,N,N,N,N,N,N,N,N,N,N,N,N,N,N,N,N,N,N,N,N,N
Analysis End Date,Date on which the analytical session ended. May equal Analysis Start Date for single-day sessions. Format: YYYY-MM-DD.,N/A,Basic,Date,YYYY-MM-DD,Source: Core module,2026-08-25,(none),,Y,Y,Y,Y,Y,Y,Y,Y,Y,Y,Y,,N,N,N,N,N,N,N,N,N,N,N,N,N,N,N,N,N,N,N,N,N,N,N,N,N,N,N,N,N,N,N,N,N,N,N
Funding Source for Analysis,"Grants and other funding sources that supported the specific sample analyses and data collection reported here. Include grant numbers and funding agencies. Distinct from procedure development funding, which may have been awarded years earlier.",N/A,Basic,Text (free),"e.g., 'NSF EAR-2345678' | 'NASA 80NSSC23K0415' | 'None'",Source: Core module,2026-08-25,(none),,Y,Y,Y,Y,Y,Y,Y,Y,Y,Y,Y,,NASA NNG06GE37G (LAJG); NASA NNG06GF08G (PRB),NASA NNG06GE37G (LAJG); NASA NNG06GF08G (PRB),N,N,N,N,N,N,N,N,N,N,N,N,N,NSF EAR-0318518; NSF DMR-0080065 (supporting Caltech GPS Analytical Facility),NSF EAR-0318518; NSF DMR-0080065 (supporting Caltech GPS Analytical Facility),N,N,N,N,N,NASA award NNH09ZDA007O; contract NNM10AA11C (OSIRIS-REx New Frontiers),NASA award NNH09ZDA007O; contract NNM10AA11C (OSIRIS-REx New Frontiers),NASA PSEF 80NSSC23K0327; NSF MRI 1531243 and 0619599,NASA PSEF 80NSSC23K0327; NSF MRI 1531243 and 0619599,NASA PSEF 80NSSC23K0327; NSF MRI 1531243 and 0619599,NASA PSEF 80NSSC23K0327; NASA Planetary Major Equipment NNX12AL47G; NSF MRI 0619599,US DOE contract DE-AC02-05CH11231 (Advanced Light Source / Molecular Foundry),NASA award NNH09ZDA007O; contract NNM10AA11C (OSIRIS-REx New Frontiers),N,N,N,N,N
Coupled Technique(s),"Other analytical techniques applied to the same sample(s) whose results are intended to be interpreted together with data from this procedure. Document coupling with any technique whose results are functionally linked to this dataset — providing calibration inputs, complementary spatial context, or required companion measurements. Use the same controlled vocabulary as the Technique field. Enter ""None"" if no coupling is intended.",Advanced,Editable,Controlled list / Text,"e.g., 'TEM/STEM (FIB sections)' | 'EPMA; NanoSIMS' | 'XCT (pre-SEM overview)' | 'None' | N/A",Source: Core module,2026-08-25,(none),,Y,Y,Y,Y,Y,Y,Y,Y,Y,Y,Y,,FIB milling and TEM cross-section preparation (same instrument),"SE Imaging (same instrument, pre- and post-FIB milling)","EDS (same session, same instrument); EBSD (same instrument); EPMA (JEOL JXA-iHP200F, WDS, out of scope)","BSE Imaging (same session, same instrument); EBSD (same instrument); EPMA (JEOL JXA-iHP200F, WDS, out of scope)",BSE Imaging and EDS (same instrument); SIMS (University of Wisconsin-Madison); EPMA (out of scope),"EDS and BSE Imaging (same instrument); EPMA with WDS (JEOL JXA-8900R, out of scope)","CL (same instrument); BSE Imaging (same instrument, same session); EPMA with WDS (JEOL JXA-8900R, out of scope)",SEM-EDX (Leo 440; Leo 1540); BSE Imaging; micro-XRD; EPMA-WDS (out of scope),EDS (same instrument); CL (Hitachi S-2500C); BSE Imaging (Leo 1540); micro-XRD; EPMA (out of scope),BSE Imaging (same instrument); CL (Hitachi S-2500C); micro-XRD; EPMA (out of scope),EDS (same instrument); BSE Imaging (Leo 440); CL (Hitachi S-2500C); micro-XRD; EPMA (out of scope),BSE Imaging (same instrument); CL (Hitachi S-2500C); micro-XRD; EPMA (out of scope),"X-ray CT (Xradia 520 Versa, Carl Zeiss)",FIB-SEM (Crossbeam 540) for 3D tomography; EDS for mineral analysis,FIB-SEM (Crossbeam 540) for 3D tomography; EDS for mineral analysis,"EBSD (ZEISS 1550VP FE-SEM); EPMA (JEOL 8200, separate instrument)","BSE Imaging (ZEISS 1550VP FE-SEM); EPMA (JEOL 8200, separate instrument)","EDS (Zeiss Supra 40 FE-SEM); SE Imaging (Zeiss Supra 40 FE-SEM); EMPA-WDS (JEOL JXA-8230, separate instrument); VIS-IR spectroscopy (SPIM)","BSE Imaging (Zeiss Supra 40 FE-SEM); SE Imaging (Zeiss Supra 40 FE-SEM); EMPA-WDS (JEOL JXA-8230, separate instrument); VIS-IR spectroscopy (SPIM)","BSE Imaging (Zeiss Supra 40 FE-SEM); SE Imaging (Zeiss Supra 40 FE-SEM); EMPA-WDS (JEOL JXA-8230, separate instrument); VIS-IR spectroscopy (SPIM)","BSE Imaging (Zeiss Supra 40 FE-SEM); EDS (Zeiss Supra 40 FE-SEM); EMPA-WDS (JEOL JXA-8230, separate instrument); VIS-IR spectroscopy (SPIM)",N,"EDS (JEOL 7600F, JSC); SE Imaging (JEOL 7600F, JSC); FIB-SEM TEM prep (Quanta3D600, JSC)","BSE Imaging (JEOL 7600F, JSC); SE Imaging (JEOL 7600F, JSC); FIB-SEM TEM prep (Quanta3D600, JSC)","BSE Imaging (Hitachi S-4800, U Arizona); EDS (Hitachi S-4800, U Arizona); FIB-SEM TEM prep (Helios G3, U Arizona); EMPA (Cameca SX-100 Ultra, out of scope)","SE Imaging (Hitachi S-4800, U Arizona); EDS (Hitachi S-4800, U Arizona); FIB-SEM TEM prep (Helios G3, U Arizona); EMPA (Cameca SX-100 Ultra, out of scope)","SE/BSE Imaging (Hitachi S-4800, U Arizona); FIB-SEM TEM prep (Helios G3, U Arizona); EMPA (Cameca SX-100 Ultra, out of scope)","TEM analysis (HF5000 STEM, U Arizona); BSE/SE Imaging (Hitachi S-4800, U Arizona)","Synchrotron XANES (ALS, Berkeley); TEM analysis","TEM analysis (NASA JSC); BSE/SE Imaging (JEOL 7600F, JSC)","BSE/EDS (JEOL 7600F, JSC); SE/BSE/EDS (Hitachi S-4800, U Arizona)","NanoSIMS isotope mapping (CAMECA NanoSIMS 50L, NASA JSC); presolar grains identified by NanoSIMS then confirmed by SEM-EDS phase characterisation",N,N,N
Coupling Description,"Description of how this procedure is coupled with the technique(s) listed above. Include: (1) the functional relationship — what data or context flows between techniques, or how results are combined (e.g. which output from the coupled technique serves as input to data reduction for this technique); and (2) the analytical sequence — which technique is performed first and why (e.g. non-destructive before destructive). Required when Coupled Technique(s) is not ""None"".",Advanced,Editable,Text (free),"e.g., 'SEM-BSE/EDS used for phase identification and target selection before FIB lift-out; FIB performed after SEM survey because lift-out is destructive. TEM-EDS provides nanoscale chemistry of FIB-prepared sections.'",Source: Core module,2026-08-25,(none),,Y,Y,Y,Y,Y,Y,Y,Y,Y,Y,Y,,N,N,N,N,N,N,N,N,N,N,N,N,N,N,N,N,N,N,N,N,N,N,N,N,N,N,N,N,N,N,N,N,N,N,N
Coupled Procedure DOI,"Registered procedure DOI for the coupled technique named above. If the coupled procedure has not yet been registered, enter the DOI of a publication describing the coupled method, or ""pending"". Enter ""None"" if no coupling is planned.",N/A,Advanced,URI / DOI,"e.g., 'https://doi.org/10.xxxxx/coupled-procedure' | 'pending' | 'None'",Source: Core module,2026-08-25,(none),"Provides a stable, citable link to the companion method independent of whether a dataset has been deposited.",Y,Y,Y,Y,Y,Y,Y,Y,Y,Y,Y,,N,N,N,N,N,N,N,N,N,N,N,N,N,N,N,N,N,N,N,N,N,N,N,N,N,N,N,N,N,N,N,N,N,N,N
Coupled Dataset or Publication Reference,"DOI or other persistent identifier for the co-registered dataset or publication where both datasets are reported together. Accepts: a dedicated dataset DOI (if separately deposited), a shared dataset DOI (if co-submitted in the same package), or a publication DOI. Use ""same submission"" if the coupled dataset is included in this data package, or ""pending"" if not yet assigned. If coupling is documented through a shared sample identifier only, that information is already captured in Sample Persistent Identifier (Group 2).",N/A,Advanced,URI / DOI / Text,"e.g., 'https://doi.org/10.xxxxx/dataset' | 'same submission' | 'pending' | 'None'",Source: Core module,2026-08-25,(none),,Y,Y,Y,Y,Y,Y,Y,Y,Y,Y,Y,,N,N,N,N,N,N,N,N,N,N,N,N,N,N,N,N,N,N,N,N,N,N,N,N,N,N,N,N,N,N,N,N,N,N,N
,,,,,,,,,,,,,,,,,,,,,,,,,,,,,,,,,,,,,,,,,,,,,,,,,,,,,,,,
2. Samples,,,,,,,,,,N,N,N,N,N,N,N,N,N,N,N,N,N,N,N,N,N,N,N,N,N,N,N,N,N,N,N,N,N,N,N,N,N,N,N,N,N,N,N,N,N,N,N,N,N,N,N
Target Material,General description of the material type(s) this procedure is designed to analyse.,Basic,Read-Only,Controlled list / Text,Silicate mineral | Oxide | Sulfide | Carbonate | Phosphate | Metal alloy | Organic matter | Glass | Regolith | Whole rock / polished section | Porous material | Other: specify | N/A | None,Source: Core module,2026-08-25,(none),"Used for discoverability and procedure matching, and because the material type constrains sample preparation, calibration and matrix-matching requirements.",Y,Y,Y,Y,Y,Y,Y,Y,Y,Y,Y,,"Carbonaceous nanoglobules, Tagish Lake (C2) meteorite (HCl/HF acid residue concentrate)","Carbonaceous nanoglobules, Tagish Lake (C2) meteorite (HCl/HF acid residue concentrate)","Micrometeorite NG-1, Al-Cu-alloy-bearing, CV3-like composition; Democratic Republic of Congo","Micrometeorite NG-1, Al-Cu-alloy-bearing, CV3-like composition; Democratic Republic of Congo","Micrometeorite NG-1, Al-Cu-alloy-bearing, CV3-like composition; Democratic Republic of Congo",Forsterite grains from Kaba (CV3) carbonaceous chondrite thin section,Forsterite grains from Kaba (CV3) carbonaceous chondrite thin section,Tagish Lake (C2) ungrouped carbonaceous chondrite; polished thin sections,Tagish Lake (C2) ungrouped carbonaceous chondrite; polished thin sections,Tagish Lake (C2) ungrouped carbonaceous chondrite; polished thin sections,Tagish Lake (C2) ungrouped carbonaceous chondrite; polished thin sections,Tagish Lake (C2) ungrouped carbonaceous chondrite; polished thin sections,"High-rank coal (anthracite from Bofang Mine; lean coal from Yuwu Mine), southern Qinshui basin, China","High-rank coal (anthracite from Bofang Mine; lean coal from Yuwu Mine), southern Qinshui basin, China","High-rank coal (anthracite from Bofang Mine; lean coal from Yuwu Mine), southern Qinshui basin, China","Khatyrka CV3 carbonaceous chondrite; Al-Cu-Fe alloy metal phases (hollisterite, kryachkoite, stolperite, khatyrkite, icosahedrite) in section 126A","Khatyrka CV3 carbonaceous chondrite; Al-Cu-Fe alloy metal phases (hollisterite, kryachkoite, stolperite, khatyrkite, icosahedrite) in section 126A","NWA 7317 CR6 carbonaceous chondrite; polished slab (~10×6 mm fragment, 10.01g)","NWA 7317 CR6 carbonaceous chondrite; polished slab (~10×6 mm fragment, 10.01g)","NWA 7317 CR6 carbonaceous chondrite; polished slab (~10×6 mm fragment, 10.01g)","NWA 7317 CR6 carbonaceous chondrite; polished slab (~10×6 mm fragment, 10.01g)","Subbituminous coal (SC) and high-volatile bituminous coal (HBC), Xishanyao Formation, southern Junggar Basin, NW China",Asteroid (101955) Bennu particles (OSIRIS-REx sample return); hummocky and angular particles,Asteroid (101955) Bennu particles (OSIRIS-REx sample return),Asteroid (101955) Bennu particles (OSIRIS-REx sample return); polished sections,Asteroid (101955) Bennu particles (OSIRIS-REx sample return); polished sections,Asteroid (101955) Bennu particles (OSIRIS-REx sample return); polished sections,Asteroid (101955) Bennu particles (OSIRIS-REx sample return); fine-grained matrix areas,Asteroid (101955) Bennu particles (OSIRIS-REx sample return),Asteroid (101955) Bennu particles (OSIRIS-REx sample return),Asteroid (101955) Bennu particles (OSIRIS-REx sample return); olivine and carbonate grains,Asteroid (101955) Bennu aggregate QL particles; O-rich presolar silicate and oxide grains; sample OREX-501018-100,N,N,N
Sample Preparation Method,"Method by which samples were prepared for SEM analysis prior to loading in the instrument. Includes mounting medium (epoxy, carbon tape, stub), polishing steps (alumina, colloidal silica, argon ion mill), and conductive coating type and thickness. For VP-SEM/ESEM analyses, note whether an uncoated sample was used and the gas type used. FIB-specific in-session operations (protective coating deposition, milling conditions, lamella preparation) are documented separately in Group 4.",Basic,Editable,Controlled list / Text,"Polished thin section | Polished thick section | Polished block or epoxy mount | Grain mount | Fragments or particles on conductive tape | Bulk specimen, polished face | Acid-dissolution residue | N/A | None",,2026-08-26,(none),,Y,Y,Y,Y,Y,Y,Y,Y,Y,Y,Y,,HCl and HF acid dissolution residue from pristine Tagish Lake pieces; deposited on lacey C TEM grid attached to Al-SEM stub; uncoated,HCl and HF acid dissolution residue from pristine Tagish Lake pieces; deposited on lacey C TEM grid attached to Al-SEM stub; uncoated,N,N,N,N,N,Carbon-coated polished thin sections; high vacuum analysis,N,N,N,N,"Small coal pillars (~2 mm diameter, 2 mm height) drilled orthogonal to bedding; polished with cross section polisher to remove ~1-2 µm oxide layer; no coating applied",Bulk coal polished to ~10 mm × 2-3 mm using polishing and burnishing machine; further polished with cross section polisher; thin gold coating applied by sputtering,Bulk coal polished to ~10 mm × 2-3 mm using polishing and burnishing machine; further polished with cross section polisher; thin gold coating applied by sputtering,Polished thin section (section 126A prepared from Grain 126); no coating or SEM-specific preparation stated,Polished thin section (section 126A prepared from Grain 126); no coating or EBSD-specific preparation stated,"Embedded in epoxy, polished to ¼ µm level, sputtered with 30-nm-thick carbon film","Embedded in epoxy, polished to ¼ µm level, sputtered with 30-nm-thick carbon film","Embedded in epoxy, polished to ¼ µm level, sputtered with 30-nm-thick carbon film","Embedded in epoxy, polished to ¼ µm level, sputtered with 30-nm-thick carbon film",Cuboidal samples (~0.5×1×1 cm) polished with dry emery paper and argon ion polishing; high-pressure freezing and freeze-drying; glued onto sample holder,Attached to Al cylinder SEM mount with double-sided C tape; sputter coated with ~5 nm carbon,Attached to Al cylinder SEM mount with double-sided C tape; sputter coated with ~5 nm carbon,Polished sections; coated with 0.1 nm carbon for charge mitigation,Polished sections; coated with 0.1 nm carbon for charge mitigation,Polished sections; coated with 0.1 nm carbon for charge mitigation,Sections extracted from fine-grained matrix areas in polished sections; BSE and SE images acquired before and after sectioning,Particles placed on PELCO carbon conductive tabs on Al SEM round; no protective coating stated,Particles dispersed on conductive carbon dots on Al SEM pin mounts,Polished thin sections; ~100 nm graphite coating (as stated in CL emitting volume calculation),N,N,N,N
Sample Name,"Name or identifier of each sample analysed in this session, as used in the laboratory — a sample mount, section or aliquot counts as one entry where that is what the laboratory tracks. Should match the identifier used in associated publications or data tables.",N/A,Basic,Text (free),"e.g., 'Bennu OREX-800045-103' | 'NWA 8657 polished thin section 1'",Source: Core module,2026-08-25,defines: sample,The analysis record corresponds to one session and may cover several samples.,Y,Y,Y,Y,Y,Y,Y,Y,Y,Y,Y,,N,N,N,N,N,N,N,N,N,N,N,N,N,N,N,Section 126A (USNM 7908),Section 126A (USNM 7908),NWA 7317,NWA 7317,NWA 7317,NWA 7317,SC; HBC,N,N,N,N,N,N,N,N,N,OREX-501018-100,N,N,N
Sampling Unit,"The physical subdivision of the sample to which one row of reported values corresponds — the unit that is analysed and reported, as distinct from the sample as a whole. Where units nest (e.g. confined tracks within grains), state both levels.",Basic,Basic,Controlled list / Text,Whole sample | Aliquot | Grain | Spot | Analysis point | Phase | Sub-volume | Region of interest | N/A | None | Other: specify,Source: Core module,2026-08-25,defines: sampling unit,,Y,Y,Y,Y,Y,Y,Y,Y,Y,Y,Y,,,,,,,,,,,,,,,,,,,,,,,,,,,,,,,,,,,,
Sample Persistent Identifier,"Globally unique, persistent identifier for each sample listed in Sample Name. IGSN (International Geo Sample Number) is the recommended standard for geological and cosmochemical samples, as used by Astromat, EarthChem and SESAR. Where a sample and its sub-samples are separately registered, record the identifier at the level actually analysed.",Advanced,Advanced,URI / IGSN,"e.g., 'IGSN:AU1234567'",Source: Core module,2026-08-25,sample,,Y,Y,Y,Y,Y,Y,Y,Y,Y,Y,Y,,N,N,N,N,N,N,N,N,N,N,N,N,N,N,N,USNM 7908 (section 126A),USNM 7908 (section 126A),N,N,N,N,N,N,N,N,N,N,N,N,N,N,N,N,N,N
Target Selection Criteria,"The rules governing which part of the sample is analysed, and why. Covers the criteria applied when choosing grains, aliquots, spots, or a region of interest — size, morphology, clarity, freedom from inclusions or alteration, phase identity, or spatial position. Distinct from Target Material, which states the material type the procedure is designed for: this field states how, within such a sample, the analysed portion is picked out.",Basic,Editable,Text (free),,Source: Target Selection module,2026-08-25,(none),,Y,Y,Y,Y,Y,Y,Y,Y,Y,Y,Y,,,,,,,,,,,,,,,,,,,,,,,,,,,,,,,,,,,,
Pre-Analysis Imaging and Screening,"Imaging or other characterisation performed before the measurement in order to select or locate the analysed target, including the technique, instrument and settings used, and how individual analyses are linked back to the images. Distinct from any imaging the procedure performs as its own measurement. Where the imaging is performed on a separate instrument, it should also be recorded in the Group 1 coupling fields.",Advanced,Editable,Text (free),,Source: Target Selection module,2026-08-25,sample,,Y,Y,Y,Y,Y,Y,Y,Y,Y,Y,Y,,,,,,,,,,,,,,,,,,,,,,,,,,,,,,,,,,,,
,,,,,,,,,,,,,,,,,,,,,,,,,,,,,,,,,,,,,,,,,,,,,,,,,,,,,,,,
3. Instrument & Software,,,,,,,,,,N,N,N,N,N,N,N,N,N,N,N,N,N,N,N,N,N,N,N,N,N,N,N,N,N,N,N,N,N,N,N,N,N,N,N,N,N,N,N,N,N,N,N,N,N,N,N
Instrument Manufacturer,"Manufacturer of the instrument that performs the measurement, recorded as a controlled value. Where a procedure couples a sample-introduction system to an analysing instrument, this records the analysing instrument. Instrument Model gives the specific designation.",Basic,Read-Only,Controlled list,JEOL | Zeiss | FEI / Thermo Fisher Scientific | Hitachi | Tescan | Phenom | Other: specify | Unknown | N/A | None,Source: Core module,2026-08-25,(none),Recording it as a controlled value lets procedures be found by vendor.,Y,Y,Y,Y,Y,Y,Y,Y,Y,Y,Y,,FEI,FEI,Zeiss,Zeiss,Zeiss,JEOL,JEOL,Hitachi,Other: Leo Electron Microscopy (now Zeiss),Other: Leo Electron Microscopy (now Zeiss),Zeiss,Zeiss,Carl Zeiss,"FEI Company, USA",Carl Zeiss,ZEISS (Carl Zeiss),ZEISS (Carl Zeiss),ZEISS (Carl Zeiss),ZEISS (Carl Zeiss),ZEISS (Carl Zeiss),ZEISS (Carl Zeiss),FEI (now Thermo Fisher Scientific),JEOL,JEOL,Hitachi,Hitachi,Hitachi,Thermo Fisher Scientific (ThermoScientific),FEI (now Thermo Fisher Scientific),FEI (now Thermo Fisher Scientific),JEOL,N,N,N,N
Instrument Model,"Model designation of the instrument that performs the measurement, including any generation or configuration suffix. Conventionally written with the manufacturer name included; Instrument Manufacturer records the vendor separately, as a controlled value, so that procedures remain findable by vendor.",Basic,Read-Only,Text (free),"e.g., 'JEOL JSM-7600F' | 'Zeiss Supra 55 FEG-SEM' | 'FEI Quanta 650 FEG' | 'Thermo Fisher Quattro S' | 'FEI Helios NanoLab 660' | 'Zeiss Crossbeam 540'",Source: Core module,2026-08-25,(none),,Y,Y,Y,Y,Y,Y,Y,Y,Y,Y,Y,,Nova 200 NanoLab DualBeam,Nova 200 NanoLab DualBeam,ZEISS 1550VP,ZEISS 1550VP,ZEISS 1550VP,JSM-5410LV,JSM-5410LV,S-2500C,Leo 440,Leo 440,Leo 1540 FIB/SEM CrossBeam,Leo 1540 FIB/SEM CrossBeam,Crossbeam 540,Quanta 250,SUPRA 55,1550VP,1550VP,Supra 40,Supra 40,Supra 40,Supra 40,Helios NanoLab 650,7600F,7600F,S-4800,S-4800,S-4800,Helios G3,Helios G4 UX,Quanta 3D 600,JSM-7000F,N,N,N,N
Electron Source,Type of electron gun used in the instrument.,Basic,Read-Only,Controlled list,Cold-FEG | Schottky FEG | LaB6 / CeB6 | Tungsten (W) | Other: specify | Unknown | N/A | None,,2026-08-12,(none),,Y,Y,Y,Y,Y,Y,Y,Y,Y,Y,Y,,Other: FEG (type not specified in paper),Other: FEG (type not specified in paper),Other: FEG (type not specified in paper),Other: FEG (type not specified in paper),Other: FEG (type not specified in paper),N,N,Tungsten (W),N,N,Other: FEG (type not specified),Other: FEG (type not specified),N,N,Field emission gun (FEG),Field emission gun (FEG),Field emission gun (FEG),Field emission gun (FEG),Field emission gun (FEG),Field emission gun (FEG),Field emission gun (FEG),N,Field emission gun (FEG),Field emission gun (FEG),Cold field emission gun (cold FEG),Cold field emission gun (cold FEG),Cold field emission gun (cold FEG),Field emission gun (FEG),Field emission gun (FEG),Field emission gun (FEG),Field emission gun (FEG),N,N,N,N
Instrument Variant,"Broad platform type of the instrument. 'Standard SEM': dedicated electron-only SEM column. 'FIB-SEM dual-beam': combined focused ion beam and SEM columns (enables TEM specimen preparation, 3D serial sectioning, ion-beam milling). 'VP-SEM / ESEM': variable-pressure or environmental SEM for imaging uncoated, hydrated, or charging specimens. An instrument may combine categories (e.g., FIB-SEM with VP capability).",Basic,Read-Only,Controlled list,Standard SEM | FIB-SEM dual-beam | VP-SEM / ESEM | FIB-SEM dual-beam + VP | Other: specify | N/A | None,,2026-05-21,(none),,Y,Y,Y,Y,Y,Y,Y,Y,Y,Y,Y,,FIB-SEM dual-beam,FIB-SEM dual-beam,VP-SEM / ESEM,VP-SEM / ESEM,VP-SEM / ESEM,Standard SEM,Standard SEM,Standard SEM,Standard SEM,Standard SEM,FIB-SEM dual-beam,FIB-SEM dual-beam,N,ESEM (Environmental SEM),FESEM (Field Emission SEM),VP (Variable Pressure),VP (Variable Pressure),FESEM (Field Emission SEM),FESEM (Field Emission SEM),FESEM (Field Emission SEM),FESEM (Field Emission SEM),Dual Beam (FIB-SEM),N,N,N,N,N,Dual Beam (FIB-SEM),Dual Beam (FIB-SEM),Dual Beam (FIB-SEM),N,N,N,N,N
Ion Beam Source,Ion beam source type in a FIB-SEM dual-beam system.,Basic,Read-Only,Controlled list,Gallium LMIS (Ga+) | Xenon plasma FIB (PFIB) | Helium GFIS | Neon GFIS | Other: specify | N/A | None,,2026-08-27,(none),Gallium LMIS (Ga+) is the most common ion source; xenon plasma FIB (PFIB) provides higher material removal rates for large-volume milling; helium and neon ion microscopes (GFIS) provide nanometre-resolution imaging and low-damage milling.,N,N,N,N,N,N,N,N,N,Y,Y,,N/A,Gallium LMIS (Ga+),N/A,N/A,N/A,N/A,N/A,N/A,N/A,N/A,N/A,N/A,N,N/A,N/A,N/A,N/A,N/A,N/A,N/A,N/A,N,N/A,N/A,N/A,N/A,N/A,N,Gallium (Ga+) ion beam,Gallium (Ga+) ion beam,N/A,N/A,N/A,N,N
SE Detector Type,Type of secondary electron detector used. Everhart-Thornley (ET) detector is the standard off-axis collector sensitive to SE2 and some BSE; in-lens (TLD) detectors collect high-resolution SE1 signal at short working distances; GSED/ESED detectors operate in VP/ESEM mode by using the chamber gas as the signal amplification medium.,Basic,Read-Only,Controlled list,Everhart-Thornley (ET) | In-lens / TLD (through-the-lens) | GSED (VP/ESEM) | ESED (VP/ESEM) | Other: specify | N/A | None,,2026-05-22,(none),,Y,N,N,N,N,N,N,N,N,Y,Y,,In-lens / TLD (through-the-lens),N,N/A,N/A,N/A,N/A,N/A,N/A,N/A,N/A,N/A,N/A,N,N,N,N/A,N/A,N/A,N/A,N/A,N,N,N/A,N/A,N,N/A,N/A,N,N,N,N/A,N/A,N/A,N,N
BSE Detector Type,Type of backscattered electron detector. Segmented detectors can operate in composition mode (segments summed) or topography mode (differential signal between segments).,Basic,Read-Only,Controlled list,"Solid-state diode (single) | Solid-state diode (segmented, composition mode) | Solid-state diode (segmented, topography mode) | In-lens BSE | YAG scintillator | Other: specify | N/A | None",,2026-08-27,(none),Solid-state diode detectors (single or segmented) are standard; YAG scintillator detectors offer high sensitivity at low voltage. In-lens BSE detectors provide improved BSE collection at short working distances.,N,Y,N,N,N,N,N,N,N,Y,Y,,N/A,N,N,N/A,N/A,N/A,N/A,N,N,N/A,N,N/A,N,N/A,N/A,Solid-state BSE detector,N/A,Quadrant Backscatter Detector (QBSD),N/A,N/A,N/A,N,N,N/A,N/A,N,N/A,N,N,N,N/A,N/A,N,N,N
EDS Detector Configuration,"EDS detector type, manufacturer, active area, solid angle, window type, and geometry (take-off angle, position). Multiple detectors should be listed separately.",Advanced,Read-Only,Text (free),"e.g., 'Oxford Ultim Max 170 mm2 SDD, polymer window, 35 deg take-off' | 'Bruker XFlash 6, 60 mm2, windowless' | 'Dual Oxford Ultim Max 170 mm2, 2.0 sr'",,2026-08-11,(none),,N,N,Y,Y,N,N,N,N,N,N,N,,N/A,N/A,N/A,Oxford X-Max SDD system,N/A,N/A,ISIS analysis system (Oxford); detector type not specified,N/A,N/A,Gresham light element detector; Quartz XOne EDX analysis system (full spectral imaging),N/A,Oxford Instruments INCA EDX system,N/A,N/A,N/A,N/A,N/A,N/A,Oxford INCA Energy 350; X-ACT LN2-free Silicon Drift Detector (SDD),Oxford INCA Energy 350; X-ACT LN2-free Silicon Drift Detector (SDD),N/A,N/A,N/A,"Oxford Instruments Ultim Max SDD, 170 mm²",N/A,N/A,Oxford Instruments Aztec Live/x-stream/Ultimax 170 SDD,N/A,N/A,N/A,N/A,N,N/A,N/A,N/A
WDS Spectrometer Configuration,"Number, type, and crystal range of WDS spectrometers on the instrument. Include manufacturer, model, and crystal range. For SEM-WDS configurations (third-party WDS on a non-EPMA platform), include WDS manufacturer and model.",Advanced,Read-Only,Text (free),"e.g., 'Oxford Wave 700, 1 sequential WDS spectrometer, LDE1-TAPH-PETL-LLIF crystal range'",,2026-08-12,(none),,N,N,N,N,Y,Y,N,N,N,N,N,,N/A,N/A,N/A,N/A,N/A,N/A,N/A,N/A,N/A,N/A,N/A,N/A,N/A,N/A,N/A,N/A,N/A,N/A,N/A,N/A,N/A,N/A,N/A,N/A,N/A,N/A,N/A,N/A,N/A,N/A,N/A,N/A,N/A,N/A,N/A
CL Detector Configuration,"CL detector type, manufacturer, model, collection optics (e.g., parabolic mirror, elliptical mirror, light guide), and spectral detection configuration (PMT for panchromatic, CCD/EMCCD for spectral, multi-channel for pseudo-color CL).",Advanced,Read-Only,Text (free),"e.g., 'Gatan MonoCL4, parabolic mirror, PMT 190-900 nm + CCD spectrometer 300-800 nm' | 'Gatan ChromaCL2, 4-channel RGBV PMT' | 'Oxford Instruments MonoCL'",,2026-08-11,(none),,N,N,N,N,N,N,Y,Y,N,N,N,,N/A,N/A,N/A,N/A,N/A,"Mini-CL (Gatan, multialkali PMT) for scanning CL images; Oxford MonoCL2 grating monochromator with Hamamatsu R2228 PMT and parabolic mirror (75% efficiency) for spectral CL",N/A,"Gatan ChromaCL detector; 4-channel pseudo-color detection (UV: ~300-400nm, Blue: ~400-500nm, Green: ~500-600nm, Red: ~600-850nm including near-IR ~700-850nm); Robinson Backscatter detector also present",N/A,N/A,N/A,N/A,N/A,N/A,N/A,N/A,N/A,N/A,N/A,N/A,N/A,N/A,N/A,N/A,N/A,N/A,N/A,N/A,N/A,N/A,"MonoCL4 GATAN monochromator; high-sensitivity array detector and photomultiplier; paraboloidal mirror collection (CRHEA Valbonne, France)",N/A,N/A,N/A,N/A
EBSD Detector Configuration,"EBSD detector manufacturer, model, and camera resolution. Include whether EBSD and EDS are acquired simultaneously (common on modern combined EBSD-EDS systems).",Basic,Read-Only,Text (free),"e.g., 'Oxford AZtec Symmetry EBSD camera, 1244x1024 px' | 'Oxford Nordlys Nano' | 'Bruker QUANTAX EBSD e-Flash' | 'EDAX Hikari'",,2026-08-11,(none),,N,N,N,N,N,N,N,N,Y,N,N,,N/A,N/A,N/A,N/A,N,N/A,N/A,N/A,N/A,N/A,N/A,N/A,N/A,N/A,N/A,N/A,N,N/A,N/A,N/A,N/A,N/A,N/A,N/A,N/A,N/A,N/A,N/A,N/A,N/A,N/A,N/A,N/A,N/A,N/A
Acquisition Software,"Instrument control, automation and data acquisition software used to collect the raw data, including version number. Distinct from Data Processing Software(s), which covers everything applied to the data after acquisition.",Basic,Editable,Text (free),"e.g., 'JEOL Analysis Station v3.5' | 'Oxford AZtec 6.0' | 'Zeiss SmartSEM 6.06' | 'Thermo Fisher Auto Slice and View G4 (3D tomography)'",Source: Core module,2026-08-25,(none),,Y,Y,Y,Y,Y,Y,Y,Y,Y,Y,Y,,N,N,N,N,N,N,N,Gatan DigitalMicrograph (CL image assembly),N,N,N,N,N,N,N,N,N,Oxford INCA Energy,Oxford INCA Energy,Oxford INCA Energy,N,N,Oxford AZtec (Point & ID programme),Oxford AZtec (Point & ID programme),N,N,Oxford Instruments Aztec Live/x-stream,N,N,N,N,N,N,N,N
Data Processing Software(s),"All software applied to the data after acquisition in order to produce the reported quantities, including version numbers. List every package used. Distinct from Acquisition Software, which controls the instrument and collects the raw data.",Basic,Editable,Text (free),"e.g., 'Oxford AZtec 6.0 (EDS quantification); Oxford AZtec Crystal 2.1 (EBSD); Gatan DigitalMicrograph 3.5 (CL); FIJI 2.15 (image processing); Avizo 2023 (3D segmentation)'",Source: Core module,2026-08-25,(none),,Y,Y,Y,Y,Y,Y,Y,Y,Y,N,Y,,N,N,N,N,N,N,N,Gatan DigitalMicrograph,N,N,N,N,Avizo 7 (3D digital core software); Multiple-point geostatistics for pore network model,N,N,N,N,N,Oxford INCA Energy (semi-quantitative phase determination from atomic proportions),Oxford INCA Energy (semi-quantitative phase determination from atomic proportions),N,Fiji/ImageJ (StackReg/TurboReg for slice alignment; VolumeJ for volume rendering); Adobe Photoshop CS6 (image enhancement); FEI Avizo Fire 8.1.1 (pore volume reconstruction and segmentation),N,Oxford AZtec,N,N,Oxford Instruments Aztec,N/A,N/A,N/A,N,N,N,N/A,N/A
,,,,,,,,,,,,,,,,,,,,,,,,,,,,,,,,,,,,,,,,,,,,,,,,,,,,,,,,
4. Measurement Information,,,,,,,,,,N,N,N,N,N,N,N,N,N,N,N,N,N,N,N,N,N,N,N,N,N,N,N,N,N,N,N,N,N,N,N,N,N,N,N,N,N,N,N,N,N,N,N,N,N,N,N
Analytical Mode,Primary analytical mode(s) executed under this procedure. Records one value for a single-mode procedure and all applicable modes for a multi-mode one. Applies even where a procedure defines no mode flag columns.,Basic,Read-Only,Controlled list,'SE Imaging' | 'BSE Imaging' | 'EDS Point Analysis' | 'EDS Mapping' | 'WDS Point Analysis' | 'WDS Mapping' | 'CL Point Analysis' | 'CL Mapping' | 'EBSD' | 'TEM Sample Preparation' | '3D Tomography' | 'BSE Imaging; EDS Point Analysis',Source: Core module,2026-08-25,(none),"Serves as the procedure-level declaration of measurement type, distinct from the mode flag columns, which state per-field applicability. Ensures every procedure record is self-describing and comparable across the library.",Y,Y,Y,Y,Y,Y,Y,Y,Y,Y,Y,,SE Imaging,TEM Sample Preparation,BSE Imaging,EDS Point Analysis,EBSD,CL Mapping,EDS Point Analysis,CL Mapping,BSE Imaging,EDS Mapping,BSE Imaging,EDS Point Analysis,3D Tomography,SE Imaging,SE Imaging,BSE Imaging,EBSD,BSE Imaging,EDS Point Analysis,EDS Mapping,SE Imaging,3D Tomography,BSE Imaging,EDS Point Analysis,SE Imaging,BSE Imaging,EDS Mapping,TEM Sample Preparation,TEM Sample Preparation,TEM Sample Preparation,CL Mapping,EDS Mapping,BSE Imaging,TEM Sample Preparation,TEM Sample Preparation
Beam Mode,"Whether the electron beam was operated as a stationary focused spot, defocused to a specified diameter, or rastered over a small area during analysis. Must be consistent with the Beam Diameter and Beam Raster Dimensions fields.",Basic,Read-Only,Controlled list,'Focused' | 'Defocused' | 'Rastered' | Other: specify | N/A | None,,2026-08-27,(none),"Controls the effective sampling volume and irradiation footprint; critical for beam-sensitive phases such as hydrous minerals, glasses, and carbonates.",N,N,Y,Y,Y,Y,N,N,N,N,N,,,,,,,,,,,,,,,,,,,,,,,,,,,,,,,,,,,,
Accelerating Voltage,Electron beam accelerating voltage in kilovolts.,Basic,Editable,Numeric (kV),"e.g., 2 | 5 | 10 | 15 | 20",,2026-08-27,(none),"Affects X-ray generation depth (EDS/WDS), EBSD pattern quality, imaging resolution, and beam penetration. Low voltages (1-5 kV) improve surface sensitivity and reduce beam damage; high voltages (15-20 kV) improve X-ray generation for quantitative analysis.",Y,Y,Y,Y,Y,Y,Y,Y,Y,Y,Y,,500 V; 1 kV; 5 kV,N,10 kV,10 kV,20 kV,N,15 kV,15–20 kV,N,N,N,N,N,N,N,N,N,20 kV,20 kV,20 kV,N,2 kV (SEM imaging),15 kV,15 kV,N,N,N,30 keV (FIB milling and thinning),16 to 30 keV (coarse milling); down to 1 keV (polishing),30 kV (initial milling); 16 kV (intermediate); 5 kV (final thinning),5 keV,N,N,N,N
Beam Current,"Electron beam probe current. For sub-nA values use decimal notation (e.g., 0.4 nA).",Basic,Editable,Numeric (nA),"e.g., 0.4 | 0.9 | 2 | 5 | 10 | 20",,2026-08-27,sample > sampling unit,"Higher current improves signal-to-noise for X-ray analysis (EDS/WDS, EBSD) and CL but may increase beam damage and reduce spatial resolution.",Y,Y,Y,Y,Y,Y,Y,Y,Y,Y,Y,,70 fA (500 V); 1.4 pA (1 kV); 98 pA (5 kV),N,N,N,6 nA,N,2.0 nA,N,N,N,N,N,N,N,N,N,N,N,N,N,N,N,N,~900 pA,N,N,N,0.8 to 2.5 nA (thinning),N,N,1 to 4 nA,N,N,N,N
Beam Diameter,"Nominal electron beam diameter (spot size) at the sample surface, in nanometres or micrometres, as set by the condenser aperture and working distance. For mapping modes, the effective spatial sampling interval is further defined by Step Size / Pixel Size.",Basic,Editable,Numeric (µm) / Text,'~1 µm' | '5 nm' | '200 nm',,2026-08-27,(none),Controls the spatial resolution and X-ray excitation volume.,N,N,Y,Y,Y,Y,N,N,N,N,N,,,,,,,,,,,,,,,,,,,,,,,,,,,,,,,,,,,,
Beam Raster Dimensions,"Dimensions of the small area over which the beam is rastered during a single analysis point, reported as width × height in µm. Applicable when Beam Mode = Rastered; defines the effective spatial footprint of the measurement.",Advanced,Editable,Numeric pair (µm x µm),'5 × 5 µm' | '10 × 10 µm',,2026-08-27,(none),Distributes dose over a larger area to reduce beam damage on sensitive phases.,N,N,Y,N,Y,N,N,N,N,N,N,,,,,,,,,,,,,,,,,,,,,,,,,,,,,,,,,,,,
Beam Damage Minimization,"Describes any measures taken to reduce electron beam damage to the sample during analysis. Examples: reduced accelerating voltage, lowered beam current, defocused or rastered beam, cooled stage, short acquisition sequences, or rotating between multiple points.",Advanced,Editable,Text (free),'Beam defocused to 5 µm; current reduced to 2 nA for hydrous phases',,2026-08-27,sample > sampling unit,"Particularly important for volatile-bearing phases, hydrous minerals, glasses, organic materials, and biological samples.",N,N,Y,Y,Y,Y,N,N,N,N,N,,,,,,,,,,,,,,,,,,,,,,,,,,,,,,,,,,,,
Drift Correction,"Describes whether and how stage or beam drift was monitored and corrected during the measurement session. Examples: periodic stage realignment to a fiducial marker, automated beam drift correction in acquisition software, or reanalysis of a reference point at regular intervals.",Advanced,Editable,Text (free),'Automated beam drift correction enabled in AZtec; stage realigned every 30 min',,2026-08-27,(none),Particularly relevant for long mapping runs and high-magnification sessions where positional accuracy affects data quality.,N,N,Y,Y,Y,Y,N,N,N,N,N,,,,,,,,,,,,,,,,,,,,,,,,,,,,,,,,,,,,
Stage Scan vs. Beam Scan,"For mapping modes, records whether the map was acquired by moving the stage while the beam is held fixed (stage scan) or by deflecting the beam across the field while the stage is stationary (beam scan).",Advanced,Read-Only,Controlled list,'Stage scan' | 'Beam scan' | Other: specify | N/A | None,,2026-08-27,(none),Stage scan is preferred for large areas or high-accuracy geometric fidelity; beam scan is faster for smaller fields but may introduce geometric distortion at the map edges.,N,N,N,Y,N,Y,N,N,N,N,N,,,,,,,,,,,,,,,,,,,,,,,,,,,,,,,,,,,,
Working Distance,Distance between the objective lens pole piece and the specimen surface in millimetres.,Basic,Editable,Numeric (mm),"e.g., 4 | 8 | 10 | 15",,2026-08-27,(none),"Affects spatial resolution, depth of focus, EDS X-ray take-off angle, and EBSD geometry.",Y,Y,Y,Y,Y,Y,Y,Y,Y,Y,Y,,0.5–5.4 mm,5.4 mm (eucentric height for electron and ion columns),N,N,N,N,N,~10 mm,N,N,N,N,N,N,N,N,N,8 mm,N,N,N,4 mm,N,N,N,N,N,N,N,N,N,N,N,N,N
Chamber Pressure,Chamber pressure and gas type during analysis. Required for variable pressure (VP-SEM) and environmental SEM (ESEM) modes. Report value and unit (Pa or Torr) and gas composition. Use 'None' for standard high-vacuum operation.,Advanced,Editable,Numeric + unit,"e.g., '30 Pa (H2O vapor, ESEM)' | '130 Pa (N2, VP-SEM)' | 'None (high vacuum)'",,2026-05-21,(none),,Y,Y,Y,Y,Y,Y,Y,Y,Y,N,N,,N,N/A,N,N,25 Pa (variable pressure mode),N,N,High vacuum,N,N,N,N,N/A,High vacuum,High vacuum,N,N,High vacuum,High vacuum,High vacuum,N,N/A,N,N,N,N,N,N/A,N/A,N/A,N,N,N,N/A,N/A
Image Pixel Size,"Physical size of each image pixel at the sample surface, in nm or µm. For large-area mosaic imaging, report the pixel size of individual tiles and the number and arrangement of tiles.",Advanced,Basic,Numeric + unit,"e.g., '5 nm' | '50 nm' | '500 nm' | '2 µm (mosaic: 19x16 tiles)'",,2026-08-27,(none),Defines spatial sampling of SE or BSE images.,Y,Y,N,N,N,N,N,N,N,N,N,,N,N/A,N,N/A,N/A,N/A,N/A,N/A,N,N/A,N,N/A,N/A,N,N,N,N/A,N,N/A,N/A,N,N/A,N,N/A,N,N,N/A,N/A,N/A,N/A,N/A,N/A,N,N/A,N/A
Dwell Time per Pixel,"Time the electron beam dwells on each pixel during raster scanning (imaging modes) or on each step position during compositional mapping (EDS and WDS mapping modes), in microseconds or milliseconds. For WDS mapping, the dwell time is per spectrometer per pixel.",Basic,Editable,Numeric + unit,"e.g., '400 ns' | '10 µs' | '1 ms'",,2026-08-27,channel,Longer dwell time improves signal-to-noise and counting statistics but increases total dose and can cause beam damage or contamination on sensitive materials.,Y,Y,N,Y,N,Y,N,N,N,N,Y,,N,N/A,N,N/A,N/A,N/A,N/A,N/A,N,N/A,N,N/A,N,N,N,N,N/A,N,N/A,N/A,N,N,N,N/A,N,N,N/A,N/A,N/A,N/A,N/A,N/A,N,N/A,N/A
EDS Acquisition Mode,"Spatial acquisition sub-strategy for EDS measurements: stationary-beam point acquisition, linescan (beam stepped along a transect at defined intervals), or area map (beam rastered over a pixel grid). Specifies how the beam is positioned during data collection within the declared Analytical Mode.",Basic,Read-Only,Controlled list,Point / spot | Line scan | Map | Automated mineralogy | Multiple (specify) | Other: specify | N/A | None,,2026-08-27,(none),Particularly important when a procedure includes linescans as a distinct acquisition approach not fully captured by the mode flag columns.,N,N,Y,Y,N,N,N,N,N,N,N,,N/A,N/A,N/A,N,N/A,N/A,N,N/A,N/A,Map,N/A,Point / spot; Map,N/A,N/A,N/A,N/A,N/A,N/A,Spot analysis,Element mapping,N/A,N/A,N/A,Point spectra (spot analysis),N/A,N/A,EDS mapping,N/A,N/A,N/A,N/A,N,N/A,N/A,N/A
Analyte,"The chemical species this procedure is designed to determine, recorded at whatever resolution the chemistry is resolved — element(s) for this technique; valence species where a procedure resolves oxidation state; compounds where it resolves molecules. Isotopes are not analytes: isotopes of an element are the same chemical species. The subset actually measured may be narrower than the registered suite where species were excluded due to interferences or scope reduction.",Basic,Editable,Text (free),"e.g., 'Si, Al, Fe, Mg, Ca, Na, K, Ti, Cr, Mn, Ni, S'",Source: Analyte module,2026-08-25,defines: analyte,,N,N,Y,Y,Y,Y,N,N,N,N,N,,N/A,N/A,N/A,N,N/A,N/A,N,N/A,N/A,N,N/A,N,N/A,N/A,N/A,N/A,N/A,N/A,"Mg, Si, Fe, Ni, S, Na, Ca, Al","Mg, Si, Fe, Ni, S, Na, Ca, Al (element mapping)",N/A,N/A,N/A,N,N/A,N/A,N,N/A,N/A,N/A,N/A,N,N/A,N/A,N/A
Reported Variables and Units,"The final variable(s) this procedure reports and their units — distinct from the fields recording what was *acquired* rather than what is reported. Record every reported variable, including intermediate quantities reported alongside final ones (e.g. both the 206Pb/238U ratio and the 206Pb/238U date). Where a reported variable is a nominal property with no magnitude (e.g. a mineral identification), record the variable and give the unit as 'N/A — nominal property'.",Basic,Read-Only,Text (free),"e.g., 'Element concentration (ppm); oxide (wt%)' | 'd56Fe (permil vs IRMM-014); d57Fe (permil vs IRMM-014)' | '206Pb/238U date (Ma); 207Pb/206Pb date (Ma)' | 'Mineral identity (N/A — nominal property); match score (0-1)'",Source: Core module,2026-08-25,defines: reported property,A procedure may acquire many channels and report a small number of derived quantities; without this field a data consumer cannot tell which.,Y,Y,Y,Y,Y,Y,Y,Y,Y,Y,Y,,,,,,,,,,,,,,,,,,,,,,,,,,,,,,,,,,,,
Technique per Analyte,Records which X-ray detection technique (EDS or WDS) was used to collect the measurement. Required when a procedure employs both EDS and WDS simultaneously. List in the same order as the Analyte field.,Basic,Read-Only,Controlled list,WDS | EDS | Other: specify | N/A | None,,2026-08-27,analyte,"Each element is assigned to the detector appropriate to its concentration range, line overlap situation, or required precision.",N,N,Y,Y,Y,Y,N,N,N,N,N,,,,,,,,,,,,,,,,,,,,,,,,,,,,,,,,,,,,
X-ray Line,X-ray emission line measured.,Basic,Read-Only,Controlled list,Ka | Kb | La | Lb | Lg | Ma | Mb | Other: specify | N/A | None,,2026-08-27,channel,"Line choice affects sensitivity, matrix correction accuracy, and susceptibility to peak overlap and spectral interference.",N,N,Y,Y,Y,Y,N,N,N,N,N,,N/A,N/A,N/A,N,N/A,N/A,N,N/A,N/A,N,N/A,N,N/A,N/A,N/A,N/A,N/A,N/A,N,N,N/A,N/A,N/A,N,N/A,N/A,N,N/A,N/A,N/A,N/A,N,N/A,N/A,N/A
EDS Live Time per Point or Pixel,EDS spectral acquisition live time per analysis point or per pixel in seconds.,Basic,Editable,Numeric (s),"e.g., 20 | 60 | 120 | 0.005 (fast mapping)",,2026-08-27,(none),Longer live time improves counting statistics but increases beam damage risk and total acquisition time.,N,N,Y,Y,N,N,N,N,N,N,N,,N/A,N/A,N/A,N,N/A,N/A,N,N/A,N/A,N,N/A,N,N/A,N/A,N/A,N/A,N/A,N/A,30 s live time per spot analysis,5 ms dwell time per pixel,N/A,N/A,N/A,20 to 200 s (per point),N/A,N/A,N,N/A,N/A,N/A,N/A,N,N/A,N/A,N/A
Step Size / Pixel Size,Centre-to-centre distance between adjacent measurement points (WDS mapping) or pixels (EDS mapping) in µm.,Basic,Editable,Numeric (µm) / Text,"e.g., '0.5 µm' | '1 µm' | '2.5 µm' | '10 µm (automated mineralogy)'",,2026-08-27,(none),"Defines the spatial sampling interval of the map and, together with the pixel-grid dimensions, determines the total mapped area. Smaller step sizes increase spatial resolution but extend acquisition time.",N,N,N,Y,N,Y,N,N,N,N,N,,N/A,N/A,N/A,N/A,N/A,N/A,N/A,N/A,N/A,N,N/A,N/A,N/A,N/A,N/A,N/A,N/A,N/A,N/A,2.5 µm,N/A,N/A,N/A,N/A,N/A,N/A,N,N/A,N/A,N/A,N/A,N,N/A,N/A,N/A
EDS Map Dimensions,Number of pixels in the EDS map in the X and Y directions. Based on the area of interest and selected pixel size.,N/A,Basic,Numeric pair (pixels x pixels),"e.g., 512x512 | 1024x768 | 2048x2048",,2026-08-27,(none),,N,N,N,Y,N,N,N,N,N,N,N,,N/A,N/A,N/A,N/A,N/A,N/A,N/A,N/A,N/A,N,N/A,N/A,N/A,N/A,N/A,N/A,N/A,N/A,N/A,1024 × 768 pixels,N/A,N/A,N/A,N/A,N/A,N/A,N,N/A,N/A,N/A,N/A,N,N/A,N/A,N/A
Map Area,"Physical area covered by the map in µm² or mm², calculated as (map width in pixels × step size) × (map height in pixels × step size). Complements the map's pixel-grid dimensions by recording the physical scale of the mapped region.",N/A,Basic,Numeric + unit,'500 × 400 µm' | '0.2 mm²',,2026-08-27,(none),Useful for direct comparison across datasets acquired with different step sizes.,N,N,N,Y,N,Y,N,N,N,N,N,,,,,,,,,,,,,,,,,,,,,,,,,,,,,,,,,,,,
Diffracting Crystal,Analyzing crystal (monochromator).,Basic,Read-Only,Controlled list,LIF | LLIF | LIFL | LIFH | PET | LPET | PETL | PETH | TAP | TAPL | TAPH | LDE1 | LDE2 | LDE3 | RAP | KAP | Other: specify | Unknown | N/A | None,,2026-08-27,channel,Crystal choice determines the detectable wavelength range and dispersion.,N,N,N,N,Y,Y,N,N,N,N,N,,N/A,N/A,N/A,N/A,N/A,N/A,N/A,N/A,N/A,N/A,N/A,N/A,N/A,N/A,N/A,N/A,N/A,N/A,N/A,N/A,N/A,N/A,N/A,N/A,N/A,N/A,N/A,N/A,N/A,N/A,N/A,N/A,N/A,N/A,N/A
WDS Spectrometer Channel,"WDS spectrometer position(s) assigned to each analyte, one entry per assignment. An analyte may be assigned to more than one spectrometer with intensities aggregated (aggregate intensity counting), and one spectrometer serves several analytes across a run, so the assignment — not the analyte — is the unit carrying the spectrometer setup.",Advanced,Read-Only,Text (free),"e.g., 'Si=Sp1; Ti=Sp2; Cr=Sp2+Sp3 (aggregate intensity counting); Fe=Sp3' | 'Mg=Sp1; Ca=Sp4; Na=Sp5'",,2026-08-27,defines: channel per analyte,Different spectrometers may have different crystal configurations.,N,N,N,N,Y,Y,N,N,N,N,N,,N/A,N/A,N/A,N/A,N/A,N/A,N/A,N/A,N/A,N/A,N/A,N/A,N/A,N/A,N/A,N/A,N/A,N/A,N/A,N/A,N/A,N/A,N/A,N/A,N/A,N/A,N/A,N/A,N/A,N/A,N/A,N/A,N/A,N/A,N/A
Sequence,"Order in which spectrometer assignments are acquired during point analysis. Not applicable to X-ray mapping, where all assigned spectrometers collect simultaneously at each pixel.",Advanced,Read-Only,Integer,"e.g., 1 | 2 | 3 | 4",,2026-08-27,channel,Relevant for minimizing beam damage (volatile elements measured first) and for sequential multi-channel setups.,N,N,N,N,Y,Y,N,N,N,N,N,,N/A,N/A,N/A,N/A,N/A,N/A,N/A,N/A,N/A,N/A,N/A,N/A,N/A,N/A,N/A,N/A,N/A,N/A,N/A,N/A,N/A,N/A,N/A,N/A,N/A,N/A,N/A,N/A,N/A,N/A,N/A,N/A,N/A,N/A,N/A
Proportional Counter / Detector,Type of detector used.,Advanced,Read-Only,Controlled list,High Pressure P10 Flow | Low Pressure P10 Flow | Xe Sealed | SDD | Si(Li) | Other: specify | Unknown | N/A | None,,2026-08-27,channel,Affects sensitivity and count rate linearity.,N,N,N,N,Y,Y,N,N,N,N,N,,N/A,N/A,N/A,N/A,N/A,N/A,N/A,N/A,N/A,N/A,N/A,N/A,N/A,N/A,N/A,N/A,N/A,N/A,N/A,N/A,N/A,N/A,N/A,N/A,N/A,N/A,N/A,N/A,N/A,N/A,N/A,N/A,N/A,N/A,N/A
WDS PHA Setting,Pulse height analyzer (PHA) setting for the WDS detector. Integral mode accepts all pulses above a threshold; Differential mode selects a narrow energy window to reject higher-order reflections and escape peaks.,Advanced,Read-Only,Controlled list,Integral | Differential | Other: specify | Unknown | N/A | None,,2026-08-12,channel,,N,N,N,N,Y,Y,N,N,N,N,N,,N/A,N/A,N/A,N/A,N/A,N/A,N/A,N/A,N/A,N/A,N/A,N/A,N/A,N/A,N/A,N/A,N/A,N/A,N/A,N/A,N/A,N/A,N/A,N/A,N/A,N/A,N/A,N/A,N/A,N/A,N/A,N/A,N/A,N/A,N/A
Peak Counting Time,"Time spent counting X-ray intensity at the peak position, in seconds. Adjustments stay within procedure-defined bounds.",Basic,Editable,Numeric (s),"e.g., 10 | 20 | 30 | 60",,2026-08-27,channel,,N,N,N,N,Y,N,N,N,N,N,N,,N/A,N/A,N/A,N/A,N/A,N/A,N/A,N/A,N/A,N/A,N/A,N/A,N/A,N/A,N/A,N/A,N/A,N/A,N/A,N/A,N/A,N/A,N/A,N/A,N/A,N/A,N/A,N/A,N/A,N/A,N/A,N/A,N/A,N/A,N/A
Background Counting Time,"Total time spent counting at off-peak background position(s) in seconds, summed across all background positions.",Basic,Editable,Numeric (s),"e.g., 5 | 10 | 20",,2026-08-12,channel,,N,N,N,N,Y,N,N,N,N,N,N,,N/A,N/A,N/A,N/A,N/A,N/A,N/A,N/A,N/A,N/A,N/A,N/A,N/A,N/A,N/A,N/A,N/A,N/A,N/A,N/A,N/A,N/A,N/A,N/A,N/A,N/A,N/A,N/A,N/A,N/A,N/A,N/A,N/A,N/A,N/A
Background Position(s),"Location(s) of off-peak background measurement(s) relative to the peak, in mm or sin-theta, and whether on the high- or low-energy side.",Advanced,Editable,Text (free),"e.g., '+5 mm (High), -5 mm (Low)' | 'High only (+4 mm)' | 'MAN method (no off-peak positions)'",,2026-08-12,channel,,N,N,N,N,Y,N,N,N,N,N,N,,N/A,N/A,N/A,N/A,N/A,N/A,N/A,N/A,N/A,N/A,N/A,N/A,N/A,N/A,N/A,N/A,N/A,N/A,N/A,N/A,N/A,N/A,N/A,N/A,N/A,N/A,N/A,N/A,N/A,N/A,N/A,N/A,N/A,N/A,N/A
CL Acquisition Mode,CL data collection strategy. Panchromatic: total light intensity collected by PMT across the full detector wavelength range. Spectral point: full CL spectrum at discrete point locations. Hyperspectral map: full CL spectrum acquired at each pixel of a raster scan.,Basic,Read-Only,Controlled list,Panchromatic | Spectral point | Hyperspectral map | Multi-channel pseudo-color | Multiple (specify) | Other: specify | N/A | None,,2026-08-11,(none),,N,N,N,N,N,N,Y,Y,N,N,N,,N/A,N/A,N/A,N/A,N/A,Panchromatic; Spectral point,N/A,Multi-channel pseudo-color,N/A,N/A,N/A,N/A,N/A,N/A,N/A,N/A,N/A,N/A,N/A,N/A,N/A,N/A,N/A,N/A,N/A,N/A,N/A,N/A,N/A,N/A,Panchromatic imaging; hyperspectral analysis; monochromatic imaging,N/A,N/A,N/A,N/A
CL Wavelength Range,Detection wavelength range of the CL system in nm.,Basic,Read-Only,Numeric pair (nm),"e.g., '190-900 nm (PMT)' | '300-850 nm (CCD)' | '200-800 nm'",,2026-08-27,(none),The range is set by the detector sensitivity and any optical filters installed.,N,N,N,N,N,N,Y,Y,N,N,N,,N/A,N/A,N/A,N/A,N/A,N,N/A,"300–850 nm (UV ~300-400, Blue ~400-500, Green ~500-600, Red ~600-850)",N/A,N/A,N/A,N/A,N/A,N/A,N/A,N/A,N/A,N/A,N/A,N/A,N/A,N/A,N/A,N/A,N/A,N/A,N/A,N/A,N/A,N/A,N,N/A,N/A,N/A,N/A
CL Grating,"Diffraction grating specification for spectral or hyperspectral CL acquisition, including groove density and blaze wavelength. Not applicable to panchromatic-only acquisition.",Advanced,Read-Only,Text (free),"e.g., '1200 gr/mm, 500 nm blaze' | '300 gr/mm, 500 nm blaze' | '150 gr/mm (near-IR)' | 'N/A (panchromatic only)'",,2026-08-11,(none),,N,N,N,N,N,N,Y,Y,N,N,N,,N/A,N/A,N/A,N/A,N/A,"1200 gr/mm, focal length 0.3 m, F/4.2, resolution 0.5 nm, slit width 4 mm (Oxford MonoCL2)",N/A,N,N/A,N/A,N/A,N/A,N/A,N/A,N/A,N/A,N/A,N/A,N/A,N/A,N/A,N/A,N/A,N/A,N/A,N/A,N/A,N/A,N/A,N/A,N,N/A,N/A,N/A,N/A
CL Integration Time,"Acquisition time per pixel (hyperspectral map mode) or per spectrum (spectral point mode), in ms or s.",Basic,Editable,Numeric + unit,"e.g., '800 µs (hyperspectral map)' | '30 s (spectral point)' | '80 ms (panchromatic map)'",,2026-08-27,(none),Longer integration improves signal-to-noise but increases beam dose and acquisition time.,N,N,N,N,N,N,Y,Y,N,N,N,,N/A,N/A,N/A,N/A,N/A,N,N/A,80–500 ms per pixel (varied based on IR luminescence duration in carbonates),N/A,N/A,N/A,N/A,N/A,N/A,N/A,N/A,N/A,N/A,N/A,N/A,N/A,N/A,N/A,N/A,N/A,N/A,N/A,N/A,N/A,N/A,N,N/A,N/A,N/A,N/A
Sample Tilt Angle,"Sample tilt angle for EBSD acquisition in degrees, measured from horizontal.",Basic,Read-Only,Numeric (degrees),"e.g., 70",,2026-08-27,(none),Standard EBSD geometry uses 70 degrees tilt toward the EBSD camera to maximise diffracted electron signal.,N,N,N,N,N,N,N,N,Y,N,N,,N/A,N/A,N/A,N/A,70 degrees,N/A,N/A,N/A,N/A,N/A,N/A,N/A,N/A,N/A,N/A,N/A,N,N/A,N/A,N/A,N/A,N/A,N/A,N/A,N/A,N/A,N/A,N/A,N/A,N/A,N/A,N/A,N/A,N/A,N/A
EBSD Step Size,Distance between adjacent EBSD measurement points in the map in nm or µm. Must be smaller than the smallest grain of interest.,Basic,Editable,Numeric + unit,"e.g., '50 nm' | '200 nm' | '1 µm' | '5 µm'",,2026-08-27,(none),Only then are grain boundary positions and intragrain orientation gradients resolved.,N,N,N,N,N,N,N,N,Y,N,N,,N/A,N/A,N/A,N/A,N,N/A,N/A,N/A,N/A,N/A,N/A,N/A,N/A,N/A,N/A,N/A,N,N/A,N/A,N/A,N/A,N/A,N/A,N/A,N/A,N/A,N/A,N/A,N/A,N/A,N/A,N/A,N/A,N/A,N/A
EBSD Frame Time,Acquisition time per EBSD diffraction pattern frame in milliseconds.,Advanced,Editable,Numeric (ms),"e.g., 15 | 50 | 100",,2026-08-27,(none),Longer frame time improves pattern quality and indexing rate but increases total acquisition time.,N,N,N,N,N,N,N,N,Y,N,N,,N/A,N/A,N/A,N/A,N,N/A,N/A,N/A,N/A,N/A,N/A,N/A,N/A,N/A,N/A,N/A,N,N/A,N/A,N/A,N/A,N/A,N/A,N/A,N/A,N/A,N/A,N/A,N/A,N/A,N/A,N/A,N/A,N/A,N/A
EBSD Phase List,Mineral phases included in the EBSD reference pattern library for this procedure. Phases may be added for specific sample compositions beyond the expected suite for the target material.,Basic,Editable,Text (free),"e.g., 'Olivine (Fo90); enstatite; augite; plagioclase; ilmenite' | 'Troilite; pyrrhotite; kamacite; taenite'",,2026-08-27,(none),,N,N,N,N,N,N,N,N,Y,N,N,,N/A,N/A,N/A,N/A,N,N/A,N/A,N/A,N/A,N/A,N/A,N/A,N/A,N/A,N/A,N/A,"Hollisterite (C2/m FeAl3); kryachkoite (Cmc21 (Al,Cu)Fe6); stolperite (Pm3m AlCu)",N/A,N/A,N/A,N/A,N/A,N/A,N/A,N/A,N/A,N/A,N/A,N/A,N/A,N/A,N/A,N/A,N/A,N/A
Protective Coating Deposition,"Type and deposition conditions of the protective coating applied to the sample surface before FIB milling. E-beam deposition should be applied as the initial layer. Typical coatings: platinum (Pt) or carbon (C). State material, deposition method, beam conditions, and approximate thickness.",Basic,Editable,Text (free),"e.g., 'E-beam Pt (5 kV, 1.5 nA, ~500 nm) then Ga+ ion-beam Pt (30 kV, 0.3 nA, ~2 µm)' | 'E-beam C (5 kV) + ion-beam C (2-3 µm total)'",,2026-08-27,(none),It causes less surface damage than ion-beam deposition.,N,N,N,N,N,N,N,N,N,Y,Y,,N/A,N,N/A,N/A,N/A,N/A,N/A,N/A,N/A,N/A,N/A,N/A,No coating applied; not sputtered with gold or other materials,N/A,N/A,N/A,N/A,N/A,N/A,N/A,N/A,N,N/A,N/A,N/A,N/A,N/A,12-µm wide × 4-µm tall carbon capping layer deposited on matrix areas,N,Electron-beam deposited carbon (~0.5–1 µm); followed by ion beam-deposited carbon (~2–3 µm capping layer),N/A,N/A,N/A,N,N
Coarse Milling Conditions,Ion beam voltage and current used for bulk material removal during FIB milling. For TEM specimen preparation: bulk trenching to isolate the lamella and intermediate thinning. For 3D tomography: face preparation and initial slice removal.,Basic,Editable,Text (free),"e.g., '30 kV, 2.5 nA (bulk trenching); 16 kV, 0.8 nA (intermediate thinning)'",,2026-08-11,(none),,N,N,N,N,N,N,N,N,N,Y,Y,,N/A,"30 kV, 10 pA Ga beam",N/A,N/A,N/A,N/A,N/A,N/A,N/A,N/A,N/A,N/A,N,N/A,N/A,N/A,N/A,N/A,N/A,N/A,N/A,N,N/A,N/A,N/A,N/A,N/A,"Standard stair step; 30 keV, currents 2.5 to 0.8 nA",Ga+ ion beam at 16–30 keV (coarse milling),Ga+ ion beam at 30 kV (initial milling); 16 kV (intermediate),N/A,N/A,N/A,N,N
Fine Polishing Conditions,Ion beam voltage and current for final thinning and surface polishing of the TEM lamella.,Basic,Editable,Text (free),"e.g., '5 kV, 0.3 nA; final polish: 2 kV, 72 pA' | '1 kV, 0.1 nA final step'",,2026-08-27,(none),"Low-voltage polishing (2 kV or below) minimises Ga implantation depth, surface amorphisation, and curtaining artifacts.",N,N,N,N,N,N,N,N,N,Y,N,,N/A,N,N/A,N/A,N/A,N/A,N/A,N/A,N/A,N/A,N/A,N/A,N/A,N/A,N/A,N/A,N/A,N/A,N/A,N/A,N/A,N/A,N/A,N/A,N/A,N/A,N/A,N,Various voltages down to 1 keV (polishing),Ga+ ion beam at 5 kV (final thinning) until ~100 nm thick,N/A,N/A,N/A,N,N
Foil Thickness,"Target thickness of the electron-transparent TEM lamella after final FIB polishing, in nanometres. Actual thickness may differ from target.",Basic,Editable,Numeric + unit,"e.g., '~100 nm' | '50-80 nm' | '100-200 nm'",,2026-08-27,(none),Typical range: 50-150 nm for standard TEM/STEM; 200-600 nm for XANES or tomography sections.,N,N,N,N,N,N,N,N,N,Y,N,,N/A,N,N/A,N/A,N/A,N/A,N/A,N/A,N/A,N/A,N/A,N/A,N/A,N/A,N/A,N/A,N/A,N/A,N/A,N/A,N/A,N/A,N/A,N/A,N/A,N/A,N/A,N,"<100 to 600 nm (variable, depending on targeted experiment)",~100 nm,N/A,N/A,N/A,N,N
Lift-out Method,Method used to transfer the FIB-prepared lamella to the TEM support grid. In-situ lift-out uses a micromanipulator inside the FIB-SEM chamber.,Basic,Read-Only,Controlled list,"In-situ (micromanipulator, Cu or Mo TEM half-grid) | Ex-situ | Other: specify | N/A | None",,2026-08-27,(none),It is the standard method for small or precious specimens.,N,N,N,N,N,N,N,N,N,Y,N,,N/A,N,N/A,N/A,N/A,N/A,N/A,N/A,N/A,N/A,N/A,N/A,N/A,N/A,N/A,N/A,N/A,N/A,N/A,N/A,N/A,N/A,N/A,N/A,N/A,N/A,N/A,In-situ lift-out (standard stair step),N,In-situ lift-out; ion beam-deposited Pt weld to Cu half grids,N/A,N/A,N/A,N,N
Ion Milling Conditions (3D Tomography),Ion beam voltage and current used to mill each slice during FIB-SEM serial sectioning.,Basic,Editable,Text (free),"e.g., 'Ga+ 30 kV, 2.5 nA (slice milling)'",,2026-08-27,(none),These parameters determine material removal rate per slice and exposed surface quality.,N,N,N,N,N,N,N,N,N,N,Y,,N/A,N/A,N/A,N/A,N/A,N/A,N/A,N/A,N/A,N/A,N/A,N/A,N,N/A,N/A,N/A,N/A,N/A,N/A,N/A,N/A,N,N/A,N/A,N/A,N/A,N/A,N/A,N/A,N/A,N/A,N/A,N/A,N/A,N/A
Slice Thickness,Thickness of each FIB-milled slice during serial sectioning in nanometres.,Basic,Editable,Numeric (nm),"e.g., 10 | 20 | 50 | 100",,2026-08-27,(none),Controls the Z-axis resolution of the 3D reconstruction.,N,N,N,N,N,N,N,N,N,N,Y,,N/A,N/A,N/A,N/A,N/A,N/A,N/A,N/A,N/A,N/A,N/A,N/A,15 nm (single layer scanning thickness = 9.0 µm total / 600 slices),N/A,N/A,N/A,N/A,N/A,N/A,N/A,N/A,N,N/A,N/A,N/A,N/A,N/A,N/A,N/A,N/A,N/A,N/A,N/A,N/A,N/A
Voxel Size and Image Stack Dimensions,"X, Y, Z dimensions of the reconstructed 3D voxel in nanometres (X-Y pixel size from SEM image calibration; Z from slice thickness), and the total number of slices in the stack.",N/A,Basic,Text (free),"e.g., '14.6 x 8.3 x 10.0 nm, 600 slices' | '14.8 x 14.8 x 20 nm, 800 slices'",,2026-08-27,(none),,N,N,N,N,N,N,N,N,N,N,Y,,N/A,N/A,N/A,N/A,N/A,N/A,N/A,N/A,N/A,N/A,N/A,N/A,9.8 × 9.8 × 15 nm voxel size; 600 slices; 7.8 × 7.8 µm scanning area; 9.0 µm total thickness,N/A,N/A,N/A,N/A,N/A,N/A,N/A,N/A,14.8×14.8 nm pixel size (XY); ~800 total slices; sub-volumes: SC=5.609×3.08×5.446 µm; HBC=4.679×3.2×4.24 µm; SEM image resolution 2.5 nm,N/A,N/A,N/A,N/A,N/A,N/A,N/A,N/A,N/A,N/A,N/A,N/A,N/A
,,,,,,,,,,,,,,,,,,,,,,,,,,,,,,,,,,,,,,,,,,,,,,,,,,,,,,,,
5. Data Processing,,,,,,,,,,N,N,N,N,N,N,N,N,N,N,N,N,N,N,N,N,N,N,N,N,N,N,N,N,N,N,N,N,N,N,N,N,N,N,N,N,N,N,N,N,N,N,N,N,N,N,N
Matrix Correction Method,"X-ray matrix correction algorithm applied during quantitative EDS or WDS data reduction. For X-ray mapping, applies when raw count maps are converted to quantitative concentration maps.",Basic,Read-Only,Controlled list,XPP (Simplified PAP) | PAP (Pouchou & Pichoir Full) | ZAF | CITZAF (Armstrong 1995) | Phi-rho-z (EPQ-91) | Other: specify | Unknown | N/A | None,,2026-08-12,(none),,N,N,Y,Y,Y,Y,N,N,N,N,N,,N/A,N/A,N/A,XPP (Simplified PAP),N/A,N/A,N,N/A,N/A,N,N/A,N,N/A,N/A,N/A,N/A,N/A,N/A,N,N,N/A,N/A,N/A,N,N/A,N/A,N,N/A,N/A,N/A,N/A,N,N/A,N/A,N/A
Mass Absorption Coefficients (MACs),Database of mass absorption coefficients used in the matrix correction.,Basic,Read-Only,Controlled list,LINEMU | CITZMU | MCMASTER | MAC30 | MACJTA | FFAST | Other: specify | Unknown | N/A | None,,2026-08-27,(none),"MAC database choice affects accuracy particularly for light elements (B, C, N, O, F, Na).",N,N,Y,Y,Y,Y,N,N,N,N,N,,N/A,N/A,N/A,N,N/A,N/A,N,N/A,N/A,N,N/A,N,N/A,N/A,N/A,N/A,N/A,N/A,N,N,N/A,N/A,N/A,N,N/A,N/A,N,N/A,N/A,N/A,N/A,N,N/A,N/A,N/A
Background Correction Method,Method used to estimate and subtract background X-ray intensity beneath the peak. For WDS: typically 2-point off-peak linear interpolation or Mean Atomic Number (MAN) background model. For EDS: spectral background fitting or top-hat filter applied during spectral processing.,Basic,Editable,Controlled list,2-point off-peak linear | 2-point off-peak exponential | Mean Atomic Number (MAN) | EDS background fit | Top-hat filter | Other: specify | N/A | None,,2026-08-12,(none),,N,N,Y,Y,Y,Y,N,N,N,N,N,,N/A,N/A,N/A,N,N/A,N/A,N,N/A,N/A,N,N/A,N,N/A,N/A,N/A,N/A,N/A,N/A,N,N,N/A,N/A,N/A,N,N/A,N/A,N,N/A,N/A,N/A,N/A,N,N/A,N/A,N/A
Time-Dependent Intensity Correction,"Type of time-dependent intensity (TDI) correction applied to compensate for beam-induced volatilisation or migration of sensitive elements (e.g., Na, K, F in glasses, feldspars, carbonates).",Advanced,Editable,Controlled list,None | Linear | Exponential | Double exponential | Other: specify | Unknown | N/A,,2026-08-27,analyte,Most commonly applied in WDS point analysis; uncommon for EDS or X-ray mapping.,N,N,Y,Y,Y,Y,N,N,N,N,N,,N/A,N/A,N/A,N,N/A,N/A,N,N/A,N/A,N,N/A,N,N/A,N/A,N/A,N/A,N/A,N/A,N,N,N/A,N/A,N/A,N,N/A,N/A,N,N/A,N/A,N/A,N/A,N,N/A,N/A,N/A
Analyte Estimation Method,"Whether elemental concentrations were calculated directly from measured X-ray intensities, or estimated by cation stoichiometry (e.g., oxygen calculated from cation proportions in silicates; carbon from stoichiometry in carbonates).",Advanced,Read-Only,Controlled list,Direct (measured) | Stoichiometry from cations | By difference | Other: specify | Unknown | N/A | None,,2026-08-11,analyte,,N,N,Y,Y,Y,Y,N,N,N,N,N,,N/A,N/A,N/A,N,N/A,N/A,N,N/A,N/A,N,N/A,N,N/A,N/A,N/A,N/A,N/A,N/A,Virtual standards preloaded within Oxford INCA Energy software,Virtual standards preloaded within Oxford INCA Energy software,N/A,N/A,N/A,N,N/A,N/A,N,N/A,N/A,N/A,N/A,N,N/A,N/A,N/A
Halogen Correction on Oxygen,"Whether oxygen content was adjusted to account for halogen substitution (F and/or Cl replacing OH) in halogen-bearing phases such as apatite, amphibole, and mica, where oxygen is calculated by stoichiometry.",Advanced,Editable,Boolean,Yes | No | N/A,,2026-08-11,(none),,N,N,Y,N,Y,Y,N,N,N,N,N,,N/A,N/A,N/A,N/A,N/A,N/A,N/A,N/A,N/A,N/A,N/A,N/A,N/A,N/A,N/A,N/A,N/A,N/A,N/A,N/A,N/A,N/A,N/A,N/A,N/A,N/A,N/A,N/A,N/A,N/A,N/A,N/A,N/A,N/A,N/A
EDS Spectral Processing Type,"Method used to process EDS spectra and extract net peak intensities from raw spectral data. Applied before quantification (see Matrix Correction Method). Common approaches include background fitting and subtraction followed by peak integration, and filter fit or Gaussian deconvolution for overlapping peaks.",Advanced,Read-Only,Controlled list,Background fitting | Peak deconvolution | Top-hat filter | Gaussian fit | Filter fit | Other: specify | Unknown | N/A | None,,2026-08-12,(none),,N,N,Y,Y,N,N,N,N,N,N,N,,N/A,N/A,N/A,N,N/A,N/A,N,N/A,N/A,N,N/A,N,N/A,N/A,N/A,N/A,N/A,N/A,Semi-quantitative analysis with virtual standards (Oxford INCA Energy); mineral phase determination from atomic % of constituent elements,Semi-quantitative analysis with virtual standards (Oxford INCA Energy); mineral phase determination from atomic % of constituent elements,N/A,N/A,N/A,N,N/A,N/A,N,N/A,N/A,N/A,N/A,N,N/A,N/A,N/A
Blank Correction,"Method and reference material(s) used to determine and subtract blank signal contributions (e.g., carbon coat contribution to C signal, or background contamination for trace elements).",Advanced,Editable,Text (free),"e.g., 'Blank C signal subtracted using carbon-coated polished glass reference' | 'None'",,2026-08-11,analyte,,N,N,Y,Y,Y,Y,N,N,N,N,N,,N/A,N/A,N/A,N,N/A,N/A,N,N/A,N/A,N,N/A,N,N/A,N/A,N/A,N/A,N/A,N/A,N,N,N/A,N/A,N/A,N,N/A,N/A,N,N/A,N/A,N/A,N/A,N,N/A,N/A,N/A
Normalization / Standards-Based Correction,"Post-acquisition normalization applied to the reported data beyond the primary calibration — for example correction to a reference value derived from secondary reference materials, or correction for a systematic bias those materials reveal. Record 'None' if no additional normalization is applied.",Advanced,Editable,Text (free),"e.g., 'Normalization to accepted values of Kakanui kaersutite run as secondary standard' | 'None'",Source: Composition QC module,2026-08-27,reported property,,N,N,Y,Y,Y,Y,N,N,N,N,N,,N/A,N/A,N/A,N,N/A,N/A,N,N/A,N/A,N,N/A,N,N/A,N/A,N/A,N/A,N/A,N/A,N,N,N/A,N/A,N/A,N,N/A,N/A,N,N/A,N/A,N/A,N/A,N,N/A,N/A,N/A
WDS Dead Time Correction,Method used to correct for WDS proportional counter dead time at high count rates. Unlike EDS dead time — which is hardware-managed and reported as a session QC percentage (see EDS Dead Time) — WDS dead time correction is a user-selectable algorithm in the data reduction software. No separate measured WDS dead time value is reported; the correction is applied transparently during intensity-to-concentration conversion.,Basic,Read-Only,Controlled list,Default constant (manufacturer) | Adjusted constant | High-precision (Probe for EPMA) | Logarithmic | Other: specify | Unknown | N/A | None,,2026-08-27,(none),"Dead time errors are most significant for major elements with high count rates (e.g., Si, Fe, Ca).",N,N,N,N,Y,Y,N,N,N,N,N,,N/A,N/A,N/A,N/A,N/A,N/A,N/A,N/A,N/A,N/A,N/A,N/A,N/A,N/A,N/A,N/A,N/A,N/A,N/A,N/A,N/A,N/A,N/A,N/A,N/A,N/A,N/A,N/A,N/A,N/A,N/A,N/A,N/A,N/A,N/A
EBSD Indexing Method,Algorithm used to index EBSD diffraction patterns and assign crystal orientations. Hough-transform methods fit Kikuchi band positions analytically; dictionary indexing (DI) matches experimental patterns to a pre-computed library of simulated patterns.,Basic,Read-Only,Controlled list,Hough transform | Dictionary indexing (DI) | Neural network | Other: specify | Unknown | N/A | None,,2026-08-11,(none),,N,N,N,N,N,N,N,N,Y,N,N,,N/A,N/A,N/A,N/A,N,N/A,N/A,N/A,N/A,N/A,N/A,N/A,N/A,N/A,N/A,N/A,N,N/A,N/A,N/A,N/A,N/A,N/A,N/A,N/A,N/A,N/A,N/A,N/A,N/A,N/A,N/A,N/A,N/A,N/A
Crystal Structure Database,Crystal structure database used for EBSD phase identification and Kikuchi pattern simulation.,Basic,Editable,Text (free),"e.g., 'ICSD (Inorganic Crystal Structure Database)' | 'COD (Crystallography Open Database)' | 'Oxford AZtec Crystal built-in library'",,2026-08-11,(none),,N,N,N,N,N,N,N,N,Y,N,N,,N/A,N/A,N/A,N/A,ICSD (Inorganic Crystal Structure Database),N/A,N/A,N/A,N/A,N/A,N/A,N/A,N/A,N/A,N/A,N/A,"Literature crystal structures: Black et al. 1961 (Cmc21 (Al,Cu)Fe6 for kryachkoite); Zhang et al. 2005 (Pm3m AlCu for stolperite)",N/A,N/A,N/A,N/A,N/A,N/A,N/A,N/A,N/A,N/A,N/A,N/A,N/A,N/A,N/A,N/A,N/A,N/A
EBSD Pattern Quality Threshold,Minimum pattern quality or confidence index threshold applied during EBSD data processing to exclude unreliably indexed points from orientation maps. Include metric name and threshold value.,Advanced,Editable,Text (free),"e.g., 'Mean Angular Deviation (MAD) < 1.0 deg' | 'Confidence Index (CI) > 0.1' | 'Band contrast > 80'",,2026-08-11,(none),,N,N,N,N,N,N,N,N,Y,N,N,,N/A,N/A,N/A,N/A,N,N/A,N/A,N/A,N/A,N/A,N/A,N/A,N/A,N/A,N/A,N/A,N,N/A,N/A,N/A,N/A,N/A,N/A,N/A,N/A,N/A,N/A,N/A,N/A,N/A,N/A,N/A,N/A,N/A,N/A
3D Image Registration,"Method used to align consecutive SEM image slices in the 3D stack to correct for drift, vibration, and curtaining artifacts. Include software used.",Basic,Editable,Text (free),"e.g., 'Cross-correlation (FIJI/ImageJ)' | 'Fiducial marker alignment' | 'Auto Slice and View G3 built-in drift correction' | 'Avizo drift correction'",,2026-08-11,(none),,N,N,N,N,N,N,N,N,N,N,Y,,N/A,N/A,N/A,N/A,N/A,N/A,N/A,N/A,N/A,N/A,N/A,N/A,N,N/A,N/A,N/A,N/A,N/A,N/A,N/A,N/A,Fiji/ImageJ StackReg and TurboReg plugins used for slice realignment,N/A,N/A,N/A,N/A,N/A,N/A,N/A,N/A,N/A,N/A,N/A,N/A,N/A
Segmentation Method,"Method and software used to separate distinct phases or features in the reconstructed 3D volume, turning the grayscale volume into labelled regions.",Basic,Editable,Controlled list / Text,Global threshold (single grayscale boundary) | Multi-threshold (separate range per phase) | Manual threshold per phase | Semi-automated: threshold + morphological filtering | Region growing | Manual tracing | Machine learning (specify model) | N/A | None,,2026-08-26,(none),The method must be reported for any quantitative result to be reproducible.,N,N,N,N,N,N,N,N,N,N,Y,,N/A,N/A,N/A,N/A,N/A,N/A,N/A,N/A,N/A,N/A,N/A,N/A,"Image denoising, binarization, and segmentation; 3D model established using Avizo 7 and Multiple-point geostatistics",N/A,N/A,N/A,N/A,N/A,N/A,N/A,N/A,Semi-automatic porosity segmentation by grayscale thresholding; pore volume reconstruction using FEI Avizo Fire 8.1.1; connected component analysis for pore network extraction (PNE),N/A,N/A,N/A,N/A,N/A,N/A,N/A,N/A,N/A,N/A,N/A,N/A,N/A
Calibration Factor and Determination Method,"An externally-calibrated factor that converts the measured quantity into the reported quantity, how it was determined, and its uncertainty. Applies where the conversion depends on a factor calibrated against a reference of independently known value, rather than on the instrument response alone. Distinct from the fields that name the calibration material and that state which approach applies to which analyte, where the technique has them: this field records the resulting factor itself.",Basic,Editable,Text (free),,Source: Calibration Factor module,2026-08-25,reported property,,Y,Y,Y,Y,Y,Y,Y,Y,Y,Y,Y,,,,,,,,,,,,,,,,,,,,,,,,,,,,,,,,,,,,
Procedural Blank Level,"The measured level of the analytical blank in the session, and — where the reported quantity is a ratio — its composition, since a blank subtracted from a ratio biases the result unless its own composition is known. Companion to the blank correction method.",N/A,Basic,Text (free),,Source: Blank module,2026-08-25,(none),Follows the criterion-versus-measurement split the library applies wherever a procedure sets a threshold and an analysis reports a value against it.,Y,Y,Y,Y,Y,Y,Y,Y,Y,Y,Y,,,,,,,,,,,,,,,,,,,,,,,,,,,,,,,,,,,,
Analysis Inclusion and Rejection Criteria,"The rules determining which individual analyses contribute to a reported aggregate result, together with the outcome of applying them: how many analyses were acquired, how many were included, and on what grounds any were excluded. Distinct from within-analysis outlier filtering, which removes anomalous points inside a single analysis: this field decides which whole analyses enter the reported value.",Basic,Basic,Text (free),,Source: Aggregation module,2026-08-25,(none),"Criteria and outcome are combined in one field because neither is interpretable without the other, following the precision/accuracy precedent.",Y,Y,Y,Y,Y,Y,Y,Y,Y,Y,Y,,,,,,,,,,,,,,,,,,,,,,,,,,,,,,,,,,,,
Constants and Reference Values Used,"Physical constants and reference values used in data reduction to calculate the final reported quantity (e.g., decay constants for age calculation, standard isotope ratios, or other citable reference values used in a correction or calculation), together with their source. Distinct from the Group 6 reference-material fields, which document accepted values for specific calibration/validation materials rather than universal physical constants. Record ""None"" if no citable, revisable physical constants feed into this procedure's data reduction.",Basic,Editable,Text (free),"e.g., ""λ238U = 1.55125×10⁻¹⁰ yr⁻¹, λ235U = 9.8485×10⁻¹⁰ yr⁻¹ (Jaffey et al. 1971); 238U/235U = 137.818 (Hiess et al. 2012)"" | ""None""",Source: Core module,2026-08-25,(none),,Y,Y,Y,Y,Y,Y,Y,Y,Y,Y,Y,,,,,,,,,,,,,,,,,,,,,,,,,,,,,,,,,,,,
,,,,,,,,,,,,,,,,,,,,,,,,,,,,,,,,,,,,,,,,,,,,,,,,,,,,,,,,
6. Quality Control & Uncertainty,,,,,,,,,,N,N,N,N,N,N,N,N,N,N,N,N,N,N,N,N,N,N,N,N,N,N,N,N,N,N,N,N,N,N,N,N,N,N,N,N,N,N,N,N,N,N,N,N,N,N,N
Primary Calibration Standard Name,"Name(s) of the primary reference material(s) used for intensity calibration in EDS or WDS quantification. Include the material name, its source or supplier, and a citation for the accepted values used, since results calibrated against different published values for the same material are not directly comparable.",Basic,Editable,Text (free),"e.g., 'Smithsonian anorthite (Si, Al, Ca)' | 'Synthetic fayalite (Fe)' | 'Pure element standards (Cu, Al foil)' | 'Alloy standards (Micro-Analysis Consultants)'",,2026-08-11,analyte,,N,N,Y,Y,Y,Y,N,N,N,N,N,,N/A,N/A,N/A,Oxford factory internal standards,N/A,N/A,N,N/A,N/A,N,N/A,N,N/A,N/A,N/A,N/A,N/A,N/A,N,N,N/A,N/A,N/A,N,N/A,N/A,N,N/A,N/A,N/A,N/A,N,N/A,N/A,N/A
Secondary Reference Materials,"Quality-control reference material(s) measured as unknowns alongside samples to assess accuracy independently and to monitor drift. Give the material name, its source, and a citation for the accepted or reference values used for comparison.",Basic,Editable,Text (free),"e.g., 'USNM San Carlos olivine (Mg, Fe, Si; n=5; within 2% of GeoReM)' | 'Kakanui kaersutite (multiple elements)'",Source: Composition QC module,2026-08-27,defines: standard,,N,N,Y,Y,Y,Y,N,N,N,N,N,,N/A,N/A,N/A,N,N/A,N/A,N,N/A,N/A,N,N/A,N,N/A,N/A,N/A,N/A,N/A,N/A,N,N,N/A,N/A,N/A,N,N/A,N/A,N,N/A,N/A,N/A,N/A,N,N/A,N/A,N/A
Interference Corrections Applied,"Whether a spectral interference correction was applied. Common interferences include Ti Kb on V Ka, Cr Kb on Mn Ka, and Ba La on Ti Ka.",Basic,Read-Only,Boolean,Yes | No | N/A,,2026-08-27,analyte,,N,N,Y,Y,Y,Y,N,N,N,N,N,,N/A,N/A,N/A,N,N/A,N/A,N,N/A,N/A,N,N/A,N,N/A,N/A,N/A,N/A,N/A,N/A,N,N,N/A,N/A,N/A,N,N/A,N/A,N,N/A,N/A,N/A,N/A,N,N/A,N/A,N/A
Interfering Elements,"Element(s) whose X-ray lines overlap with the measured peak, requiring a correction.",Advanced,Read-Only,Text (free),"e.g., 'Ti Kb overlaps V Ka' | 'Cr Kb overlaps Mn Ka' | 'S Ka overlaps Mo La'",,2026-08-27,analyte,,N,N,Y,Y,Y,Y,N,N,N,N,N,,N/A,N/A,N/A,N,N/A,N/A,N,N/A,N/A,N,N/A,N,N/A,N/A,N/A,N/A,N/A,N/A,N,N,N/A,N/A,N/A,N,N/A,N/A,N,N/A,N/A,N/A,N/A,N,N/A,N/A,N/A
Interference Correction Standard,Reference material used to quantify and calibrate the interference correction.,Advanced,Read-Only,Text (free),"e.g., 'Synthetic TiO2 (for Ti Kb on V correction)' | 'Chromite USNM 117075 (for Cr Kb on Mn correction)'",,2026-08-27,analyte,,N,N,Y,Y,Y,Y,N,N,N,N,N,,N/A,N/A,N/A,N,N/A,N/A,N,N/A,N/A,N,N/A,N,N/A,N/A,N/A,N/A,N/A,N/A,N,N,N/A,N/A,N/A,N,N/A,N/A,N,N/A,N/A,N/A,N/A,N,N/A,N/A,N/A
Detection Limit,"Detection limit, one per reported concentration variable (one per analyte, these being the same set). State the units and whether the values are procedure-typical estimates or session-specific measured values. The calculation method is recorded separately in Detection Limit Method. Record 'N/A' where the procedure reports no concentrations.",Advanced,Basic,Numeric + unit / Text,"e.g., 'SiO2: 0.04 wt% (3-sigma counting statistics)' | 'Na2O: 0.03 wt%' | 'FeO: 0.05 wt%'",Source: Composition QC module,2026-08-27,reported property,,N,N,Y,Y,Y,Y,N,N,N,N,N,,N/A,N/A,N/A,N,N/A,N/A,N,N/A,N/A,~0.5 wt% for most elements,N/A,N,N/A,N/A,N/A,N/A,N/A,N/A,N,N,N/A,N/A,N/A,N,N/A,N/A,N,N/A,N/A,N/A,N/A,N,N/A,N/A,N/A
Detection Limit Method,"Formula or approach used to calculate the detection limits, with a citation for the method where one exists. Must be consistent with the values reported in Detection Limit.",Basic,Read-Only,Controlled list / Text,3σ blank | 3σ background | 3σ counting statistics | 3× blank mean | Poisson statistics | N/A | None,Source: Composition QC module,2026-08-27,reported property,,N,N,Y,Y,Y,Y,N,N,N,N,N,,N/A,N/A,N/A,N,N/A,N/A,N,N/A,N/A,N,N/A,N,N/A,N/A,N/A,N/A,N/A,N/A,N,N,N/A,N/A,N/A,N,N/A,N/A,N,N/A,N/A,N/A,N/A,N,N/A,N/A,N/A
Analytical Precision,"Reproducibility of repeated measurements on the same or equivalent reference material, expressed as 1-sigma relative standard deviation (%). Include reference material name, number of analyses (n), and the measured value.",Advanced,Basic,Text (free),"e.g., 'SiO2: 0.8% 1-sigma RSD (n=10, San Carlos olivine)' | 'FeO: 1.5%'",,2026-08-27,standard x reported property,,N,N,Y,Y,Y,Y,N,N,N,N,N,,N/A,N/A,N/A,N,N/A,N/A,N,N/A,N/A,N,N/A,N,N/A,N/A,N/A,N/A,N/A,N/A,N,N,N/A,N/A,N/A,N,N/A,N/A,N,N/A,N/A,N/A,N/A,N,N/A,N/A,N/A
Analytical Accuracy,"Offset between measured and accepted reference values for secondary standards, expressed as percent relative bias. Include reference material, reference value source, and the measured value.",Advanced,Basic,Text (free),"e.g., 'SiO2: +0.5% relative to GeoReM accepted value (San Carlos olivine)' | 'FeO: -1.2%'",,2026-08-27,standard x reported property,,N,N,Y,Y,Y,Y,N,N,N,N,N,,N/A,N/A,N/A,N,N/A,N/A,N,N/A,N/A,N,N/A,N,N/A,N/A,N/A,N/A,N/A,N/A,N,N,N/A,N/A,N/A,N,N/A,N/A,N,N/A,N/A,N/A,N/A,N,N/A,N/A,N/A
Counting Statistics Error,"Uncertainty predicted from counting statistics — the theoretical limit set by the Poisson distribution of the counts accumulated — for each reported quantity per analysis, with the sigma level stated. Derived from the counts on the analyte together with those on any background or blank subtracted from it. Distinct from the scatter actually observed within a measurement or between repeated measurements, which is recorded separately: where a procedure reports both, agreement indicates the measurement is shot-noise limited, and a larger observed scatter indicates a further source of variance.",Advanced,Basic,Text (free),"e.g., 'SiO2: +-0.04 wt% (1-sigma)' | 'Na2O: +-0.03 wt% (1-sigma)'",Source: Composition QC module,2026-08-27,sample > sampling unit x reported property,,N,N,Y,Y,Y,Y,N,N,N,N,N,,N/A,N/A,N/A,N,N/A,N/A,N,N/A,N/A,N,N/A,N,N/A,N/A,N/A,N/A,N/A,N/A,N,N,N/A,N/A,N/A,N,N/A,N/A,N,N/A,N/A,N/A,N/A,N,N/A,N/A,N/A
EDS Dead Time,"Percent dead time reported by the EDS detector during the session — the fraction of total acquisition time the detector spent processing rather than counting. This field documents the resulting percentage as a session QC metric. Unlike WDS dead time (see WDS Dead Time Correction), no user-selectable correction algorithm is required.",N/A,Basic,Numeric (%),"e.g., 10 | 25 | <40",,2026-08-27,(none),Values above ~40% indicate excessive count rate and may degrade spectral quality and quantitative accuracy. EDS dead time correction is managed automatically by the detector electronics.,N,N,Y,Y,N,N,N,N,N,N,N,,N/A,N/A,N/A,N,N/A,N/A,N,N/A,N/A,N,N/A,N,N/A,N/A,N/A,N/A,N/A,N/A,N,N,N/A,N/A,N/A,N,N/A,N/A,N,N/A,N/A,N/A,N/A,N,N/A,N/A,N/A
EBSD Mean Angular Deviation,Mean angular deviation (MAD) of the EBSD pattern indexing solution in degrees. MAD quantifies the misfit between experimental Kikuchi band positions and the best-fit crystal orientation.,N/A,Basic,Numeric (degrees),"e.g., 0.5 | 0.8 | 1.0",,2026-08-27,(none),Values above ~1.5 degrees typically indicate unreliable indexing.,N,N,N,N,N,N,N,N,Y,N,N,,N/A,N/A,N/A,N/A,N,N/A,N/A,N/A,N/A,N/A,N/A,N/A,N/A,N/A,N/A,N/A,"0.30°~0.45° (all three mineral phases: hollisterite, kryachkoite, stolperite)",N/A,N/A,N/A,N/A,N/A,N/A,N/A,N/A,N/A,N/A,N/A,N/A,N/A,N/A,N/A,N/A,N/A,N/A
EBSD Indexing Rate,"Fraction of EBSD map points successfully indexed, expressed as a percentage of total map points.",N/A,Basic,Numeric (%),"e.g., 95 | 82 | 60",,2026-08-27,(none),"Low indexing rate may indicate surface damage, amorphisation, severe deformation, or phase misidentification.",N,N,N,N,N,N,N,N,Y,N,N,,N/A,N/A,N/A,N/A,N,N/A,N/A,N/A,N/A,N/A,N/A,N/A,N/A,N/A,N/A,N/A,N,N/A,N/A,N/A,N/A,N/A,N/A,N/A,N/A,N/A,N/A,N/A,N/A,N/A,N/A,N/A,N/A,N/A,N/A
CL Wavelength Calibration Reference,Reference light source or standard material used to calibrate the wavelength axis of the CL spectrometer. Required for quantitative spectral CL and hyperspectral mapping.,Advanced,Editable,Text (free),"e.g., 'Mercury lamp (Hg line 546.1 nm)' | 'Neon discharge lamp' | 'None'",,2026-08-11,(none),,N,N,N,N,N,N,Y,Y,N,N,N,,N/A,N/A,N/A,N/A,N/A,N,N/A,N,N/A,N/A,N/A,N/A,N/A,N/A,N/A,N/A,N/A,N/A,N/A,N/A,N/A,N/A,N/A,N/A,N/A,N/A,N/A,N/A,N/A,N/A,N,N/A,N/A,N/A,N/A
Goodness-of-Fit or Dispersion Statistic,"The statistic reported to show whether scatter among the contributing analyses exceeds what analytical uncertainty alone predicts, together with its value. The procedure may still state an acceptance threshold, which belongs with the inclusion criteria.",N/A,Basic,Text (free),,Source: Aggregation module,2026-08-25,reported property,Answers whether a reported aggregate is defensible as a single population. The value cannot be known before the analysis.,Y,Y,Y,Y,Y,Y,Y,Y,Y,Y,Y,,,,,,,,,,,,,,,,,,,,,,,,,,,,,,,,,,,,
Additional Notes,"Any procedure- or analysis-specific information not captured by a structured field anywhere in this TAPP — including anomalies, deviations from the registered procedure, instrument modifications, and supplementary context. Scope is the whole document, not Group 6: this is the last field of the TAPP and covers all six groups. Use sparingly; a structured field is preferred for anything that can be formally categorised.",Advanced,Advanced,Text (free),Free text,Source: Core module,2026-08-25,(none),,Y,Y,Y,Y,Y,Y,Y,Y,Y,Y,Y,,Sample imaged without coating; initial ~5% beam-induced shrinkage observed upon first e-beam exposure; sample stable thereafter; focusing performed away from particles of interest to minimise beam exposure,N,N,N,EBSD done in variable pressure mode (25 Pa) to suppress charging on tilted sample; spatial resolution ~30 nm stated; calibrated with single-crystal silicon standard,"CL color imaging also done with separate luminoscope ELM-3R (cold cathode, 10 kV, 0.5 mA, <100 Torr) — standalone CL system, not SEM-based; spectrum deconvolution via Peak Analyzer in OriginPro 8J SR2",Described as semiquantitative; BSE images also captured with this instrument at same conditions; EPMA (JEOL JXA-8900R WDS) used for quantitative analyses (out of scope),Digiscan II beam controller used for CL raster; multi-channel color CL distinguishes ~4 spectral bands; beam-induced CL may persist from long-lived IR emission in carbonates,N,"Full spectral imaging (Quartz XOne): all X-rays recorded per pixel, allowing post-hoc spectral analysis",N,Additional BSE and EDX analyses also carried out with Hitachi S-4300SE/N (Texas Tech) and Hitachi SU6600 (UWO) — not captured as separate assessment columns,N,Pore and mineral sizes >0.1 µm measured; minerals analyzed via EDS (surface energy spectrum analysis); magnification range 10³ to 10⁴,Pore and mineral sizes >20 nm to <5 µm measured; EDS also used for mineral analysis; magnification range 10³ to 10⁵,"BSE images obtained from both ZEISS 1550VP FE-SEM and JEOL 8200 electron microprobe (EPMA); quantitative EPMA on JEOL 8200 at 12 kV, 5 nA (out of scope for SEM TAPP)",EBSD performed at Caltech GPS Analytical Facility; EPMA (JEOL 8200) used for quantitative chemical analysis (out of scope for SEM TAPP),10 BSE images acquired at ×138 magnification and mosaicked (4 consecutive per row) to cover ~9.7 mm area matching SPIM imagery,"Spot analysis: 20 kV, 30 µm aperture, 30 s live time per spot, maximum process time (Oxford INCA Energy)","EDS mapping: 20 kV, 60 µm aperture, 5 ms dwell per pixel, 1024×768 pixels, 2.5 µm pixel size, ~10 h total; element maps co-registered with BSE images","SE imaging used for topographic examination; instrument capability: up to ×200,000 magnification, 5 nm resolution; SE acquired before EDS to minimize charging effects",Stage tilt 52° between electron and ion columns; SEM range 20V–30kV and FIB range 500V–30kV (system specs); destriping filter xStripes.jar applied; deconvolves y-axis by y/sin(52°) for pixel scale correction,SE and BSE imaging; EDS point spectra; Oxford AZtec system; EDS detector: Oxford Instruments Ultim Max SDD 170 mm²,N,Cold FEG; system range 0.5-30 keV; SE and BSE imaging detectors; also equipped with Oxford Instruments Aztec Live/x-stream/Ultimax 170 SDD EDS; specific operating voltage not stated,Cold FEG; system range 0.5-30 keV; SE and BSE imaging; EDS mapping; specific operating voltage not stated,"Compositional heterogeneity assessed through EDS mapping; no specific kV, current, dwell time stated for S-4800 EDS",Sections thinned to electron transparency; BSE/SE images acquired before and after sectioning; methods follow refs. 72-75,Thicker sections (<100 nm) for TEM; sections up to 600 nm for Fe-L XANES and tomography,"Multi-step milling: e-beam C deposition then FIB C capping, 30 kV → 16 kV → 5 kV; Pt weld to Cu half grids","CL emitting volume at 5 keV: up to 230 nm depth, 200 nm sideways (assuming 100-nm graphite coating); recording below focal plane for magnifications <×500 to minimize hotspot effect","SEM-EDS (referred to as SEM-EDX in Extended Data Fig. 8) used to confirm phase identifications of two O-rich presolar grains identified by NanoSIMS isotope mapping: one grain confirmed as ferromagnesian silicate; one confirmed as Al,Mg-bearing oxide (Barnes et al. 2025, p.2 and Extended Data Fig. 8 caption). No instrument name, accelerating voltage, beam current, or sample preparation specifics stated for the JSC SEM-EDS step in this paper.","No BSE imaging with FEI Quanta 3D DualBeam or Helios DualBeam at NASA JSC described in this paper (Barnes et al. 2025). BSE mosaic imaging was performed using a Hitachi TM4000plus at the University of Arizona (K-ALFAA) at 15-keV electron beam to identify suitable matrix areas for NanoSIMS analysis (Methods, p.11). No JSC BSE imaging conditions or instrument stated.","No FIB-based TEM sample preparation at NASA JSC described in this paper (Barnes et al. 2025). This paper does not include TEM analysis or FIB-SEM-based sample preparation. FIB-based TEM foil preparation using FEI Helios G4 and related instruments at NASA JSC is described in the companion paper Zega et al. 2025 (Nat. Geosci., ref. 7 therein).","No FIB-based TEM sample preparation at NASA JSC described in this paper (Barnes et al. 2025). This paper does not include TEM analysis or FIB-SEM-based sample preparation. TEM foil preparation using FEI Helios 660 G3 and related instruments at NASA JSC is described in the companion paper Zega et al. 2025 (Nat. Geosci., ref. 7 therein)."
