Metadata Item,Description,Procedure-Level Tier,Analysis-Level Tier,Data Type,Example / Allowed Content,Comments,Last Update,Keyed By,Purpose,SE Imaging,BSE Imaging,CL Point Analysis,CL Mapping,EBSD,Literature Assessment,Garvie et al. 2008 | Tagish Lake (C2) nanoglobules | SE Imaging (FEI Nova 200 NanoLab),"Genge et al. 2025 | Micrometeorite NG-1 (CV3-like) | BSE Imaging (ZEISS Sigma 1550VP, 10 kV)","Genge et al. 2025 | Micrometeorite NG-1 (CV3-like) | EBSD (ZEISS Sigma 1550VP, 20 kV)","Gucsik et al. 2013 | Forsterite, Kaba meteorite (CV3) | CL Mapping (JEOL JSM-5410LV)",Izawa et al. 2010 | Tagish Lake (C2) meteorite | CL Mapping (Hitachi S-2500C),Izawa et al. 2010 | Tagish Lake (C2) meteorite | BSE Imaging (Leo 440),Izawa et al. 2010 | Tagish Lake (C2) meteorite | BSE Imaging (Leo 1540 FIB/SEM CrossBeam),Liu et al. 2017 | High-rank coal (Qinshui basin) | SE Imaging (ESEM Quanta 250),Liu et al. 2017 | High-rank coal (Qinshui basin) | SE Imaging (FESEM SUPRA 55),Ma et al. 2017 | Khatyrka CV3 chondrite (metal phases) | BSE Imaging (ZEISS 1550VP FE-SEM),"Ma et al. 2017 | Khatyrka CV3 chondrite (metal phases) | EBSD (ZEISS 1550VP FE-SEM, HKL system, 20 kV)","Pascucci et al. 2026 | NWA 7317 CR6 chondrite | BSE Imaging (Zeiss Supra 40 FE-SEM, 20 kV)",Pascucci et al. 2026 | NWA 7317 CR6 chondrite | SE Imaging (Zeiss Supra 40 FE-SEM),"Zega et al. 2025 | Bennu asteroid particles (OSIRIS-REx) | BSE Imaging (JEOL 7600F, NASA JSC, 15 kV)","Zega et al. 2025 | Bennu asteroid particles (OSIRIS-REx) | SE Imaging (Hitachi S-4800, U Arizona)","Zega et al. 2025 | Bennu asteroid particles (OSIRIS-REx) | BSE Imaging (Hitachi S-4800, U Arizona)","Zega et al. 2025 | Bennu asteroid particles (OSIRIS-REx) | CL Mapping (JEOL JSM-7000F, Universite Cote d'Azur, 5 keV)","Barnes et al. 2025 | Bennu asteroid particles (OSIRIS-REx) | BSE Imaging (FEI Quanta 3D DualBeam + Helios DualBeam, NASA JSC)"
1. Procedure Identification,,,,,,,,,,N,N,N,N,N,N,N,N,N,N,N,N,N,N,N,N,N,N,N,N,N,N,N,N
Procedure Name,"A short descriptive name for this analytical procedure, including a version number. Should identify the instrument, the technique, and the scope of what is measured — analyte, material, or feature.",Basic,Read-Only,Text (free),"e.g., 'SEM-BSE/EDS Mineral Phase Mapping, JEOL 7600F, Bennu Astromaterials' | 'FIB-SEM 3D Tomography, Helios NanoLab 660, Organic-Rich Chondrite Matrix'",Source: Core module,2026-07-24,(none),,Y,Y,Y,Y,Y,,N,N,N,N,N,N,N,N,N,N,N,N,N,N,N,N,N,N
Technique,Top-level analytical technique identifier.,Basic,Read-Only,Controlled list,SEM | SEM/FIB-SEM,Source: Core module,2026-08-30,(none),,Y,Y,Y,Y,Y,,N,N,N,N,N,N,N,N,N,N,N,N,N,N,N,N,N,N
Procedure Author,Person(s) or laboratory responsible for developing and registering this procedure. ORCID recommended for individuals.,Basic,Read-Only,Text (free),"e.g., 'T.J. McCoy, Smithsonian NMNH' | 'ARES Electron Beam Analysis Laboratories, NASA JSC'",Source: Core module,2026-07-24,(none),,Y,Y,Y,Y,Y,,N,N,N,N,N,N,N,N,N,N,N,N,N,N,N,N,N,N
Laboratory,Name of the laboratory or institution hosting the instrument.,Basic,Editable,Text (free),"e.g., 'Electron Beam Analysis Laboratories, ARES, NASA Johnson Space Center' | 'K-ALFAA, University of Arizona'",Source: Core module,2026-05-21,(none),,Y,Y,Y,Y,Y,,"School of Earth and Space Exploration / School of Materials, Arizona State University","GPS Division Analytical Facility, California Institute of Technology","GPS Division Analytical Facility, California Institute of Technology",N,"Zircon and Accessory Phase Laboratory, University of Western Ontario",Surface Science Western,"Nanofabrication Laboratory, University of Western Ontario","China University of Mining and Technology, Xuzhou, China","China University of Mining and Technology, Xuzhou, China","Caltech GPS Analytical Facility, California Institute of Technology, Pasadena, CA, USA","Caltech GPS Analytical Facility, California Institute of Technology, Pasadena, CA, USA","CNR IMAA (Institute of Methodologies for Environmental Analysis), Italian National Research Council, Potenza, Italy","CNR IMAA (Institute of Methodologies for Environmental Analysis), Italian National Research Council, Potenza, Italy","NASA Johnson Space Center (JSC), Houston, TX, USA","K-ALFAA (Kuiper-Arizona Laboratory for Astromaterials Analysis), University of Arizona","K-ALFAA (Kuiper-Arizona Laboratory for Astromaterials Analysis), University of Arizona","Université Côte d'Azur / Observatoire de la Côte d'Azur, Valbonne, France",N
Laboratory ID,"Persistent identifier for the laboratory (e.g., ROR ID).",Advanced,Editable,URI / DOI,"e.g., 'https://ror.org/027ka1x80'",Source: Core module,2026-05-21,(none),,Y,Y,Y,Y,Y,,N,N,N,N,N,N,N,N,N,N,N,N,N,N,N,N,N,N
Procedure Start Date,First date this procedure configuration was used in production.,Basic,Read-Only,Date,YYYY-MM-DD,Source: Core module,2026-07-24,(none),,Y,Y,Y,Y,Y,,N,N,N,N,N,N,N,N,N,N,N,N,N,N,N,N,N,N
Funding Source for Procedure Development,"Grants and other funding sources that supported instrument acquisition, major upgrades, procedure development, and associated personnel time. Include grant numbers and funding agencies where applicable.",Advanced,Read-Only,Text (free),"e.g., 'NSF EAR-1234567' | 'NASA 80NSSC20K0371' | 'None'",Source: Core module,2026-07-24,(none),,Y,Y,Y,Y,Y,,N,N,N,N,N,N,N,N,N,N,N,N,N,N,N,N,N,N
Procedure Reference(s),"DOI or URL for peer-reviewed publications or technical reports describing, validating, or benchmarking this procedure.",Advanced,Read-Only,URI / DOI,"e.g., 'https://doi.org/10.1234/example'",Source: Core module,2026-07-24,(none),,Y,Y,Y,Y,Y,,N,N,N,N,N,N,N,N,N,N,N,N,N,N,N,N,N,N
Procedure DOI,"DOI or unique persistent identifier for the registered procedure used in this analysis, generated upon procedure submission to a data repository. If a DOI has been applied for but not yet minted, enter ""pending"".",N/A,Basic,URI / DOI,"e.g., 'https://doi.org/10.xxxxx/procedure-id' | 'pending'",Source: Core module,2026-08-25,(none),Encourages formal procedure registration and ensures traceability.,Y,Y,Y,Y,Y,,N,N,N,N,N,N,N,N,N,N,N,N,N,N,N,N,N,N
Session Identifier,"Identifier for the analytical session this record describes — the laboratory's own run, sequence or batch identifier as generated by the instrument or acquisition software. Distinct from any persistent identifier a repository mints on submission.",N/A,Basic,Text (free),,Source: Core module,2026-08-25,(none),"The analysis record corresponds to one session, which may cover several samples, and this is the link back to the raw instrument files.",Y,Y,Y,Y,Y,,,,,,,,,,,,,,,,,,,
Analyst,Name(s) of the analyst(s) who performed the analysis session. ORCID is recommended for persistent identification.,N/A,Basic,Text (free),"e.g., 'T.J. McCoy' | 'Sara Singerling'",Source: Core module,2026-08-25,(none),,Y,Y,Y,Y,Y,,N,N,N,N,N,N,N,N,N,N,N,N,N,N,N,N,N,N
Analysis Start Date,"Date on which the analytical session began. For sessions spanning multiple days, use the date of the first session. Format: YYYY-MM-DD.",N/A,Basic,Date,YYYY-MM-DD,Source: Core module,2026-08-25,(none),,Y,Y,Y,Y,Y,,N,N,N,N,N,N,N,N,N,N,N,N,N,N,N,N,N,N
Analysis End Date,Date on which the analytical session ended. May equal Analysis Start Date for single-day sessions. Format: YYYY-MM-DD.,N/A,Basic,Date,YYYY-MM-DD,Source: Core module,2026-08-25,(none),,Y,Y,Y,Y,Y,,N,N,N,N,N,N,N,N,N,N,N,N,N,N,N,N,N,N
Funding Source for Analysis,"Grants and other funding sources that supported the specific sample analyses and data collection reported here. Include grant numbers and funding agencies. Distinct from procedure development funding, which may have been awarded years earlier.",N/A,Basic,Text (free),"e.g., 'NSF EAR-2345678' | 'NASA 80NSSC23K0415' | 'None'",Source: Core module,2026-08-25,(none),,Y,Y,Y,Y,Y,,NASA NNG06GE37G (LAJG); NASA NNG06GF08G (PRB),N,N,N,N,N,N,N,N,NSF EAR-0318518; NSF DMR-0080065 (supporting Caltech GPS Analytical Facility),NSF EAR-0318518; NSF DMR-0080065 (supporting Caltech GPS Analytical Facility),N,N,NASA award NNH09ZDA007O; contract NNM10AA11C (OSIRIS-REx New Frontiers),NASA PSEF 80NSSC23K0327; NSF MRI 1531243 and 0619599,NASA PSEF 80NSSC23K0327; NSF MRI 1531243 and 0619599,N,N
Coupled Technique(s),"Other analytical techniques applied to the same sample(s) whose results are intended to be interpreted together with data from this procedure. Document coupling with any technique whose results are functionally linked to this dataset — providing calibration inputs, complementary spatial context, or required companion measurements. Use the same controlled vocabulary as the Technique field. Enter ""None"" if no coupling is intended.",Advanced,Editable,Controlled list / Text,"e.g., 'TEM/STEM (FIB sections)' | 'EPMA; NanoSIMS' | 'XCT (pre-SEM overview)' | 'None' | N/A",Source: Core module,2026-08-25,(none),,Y,Y,Y,Y,Y,,FIB milling and TEM cross-section preparation (same instrument),"EDS (same session, same instrument); EBSD (same instrument); EPMA (JEOL JXA-iHP200F, WDS, out of scope)",BSE Imaging and EDS (same instrument); SIMS (University of Wisconsin-Madison); EPMA (out of scope),"EDS and BSE Imaging (same instrument); EPMA with WDS (JEOL JXA-8900R, out of scope)",SEM-EDX (Leo 440; Leo 1540); BSE Imaging; micro-XRD; EPMA-WDS (out of scope),EDS (same instrument); CL (Hitachi S-2500C); BSE Imaging (Leo 1540); micro-XRD; EPMA (out of scope),EDS (same instrument); BSE Imaging (Leo 440); CL (Hitachi S-2500C); micro-XRD; EPMA (out of scope),FIB-SEM (Crossbeam 540) for 3D tomography; EDS for mineral analysis,FIB-SEM (Crossbeam 540) for 3D tomography; EDS for mineral analysis,"EBSD (ZEISS 1550VP FE-SEM); EPMA (JEOL 8200, separate instrument)","BSE Imaging (ZEISS 1550VP FE-SEM); EPMA (JEOL 8200, separate instrument)","EDS (Zeiss Supra 40 FE-SEM); SE Imaging (Zeiss Supra 40 FE-SEM); EMPA-WDS (JEOL JXA-8230, separate instrument); VIS-IR spectroscopy (SPIM)","BSE Imaging (Zeiss Supra 40 FE-SEM); EDS (Zeiss Supra 40 FE-SEM); EMPA-WDS (JEOL JXA-8230, separate instrument); VIS-IR spectroscopy (SPIM)","EDS (JEOL 7600F, JSC); SE Imaging (JEOL 7600F, JSC); FIB-SEM TEM prep (Quanta3D600, JSC)","BSE Imaging (Hitachi S-4800, U Arizona); EDS (Hitachi S-4800, U Arizona); FIB-SEM TEM prep (Helios G3, U Arizona); EMPA (Cameca SX-100 Ultra, out of scope)","SE Imaging (Hitachi S-4800, U Arizona); EDS (Hitachi S-4800, U Arizona); FIB-SEM TEM prep (Helios G3, U Arizona); EMPA (Cameca SX-100 Ultra, out of scope)","BSE/EDS (JEOL 7600F, JSC); SE/BSE/EDS (Hitachi S-4800, U Arizona)",N
Coupling Description,"Description of how this procedure is coupled with the technique(s) listed above. Include: (1) the functional relationship — what data or context flows between techniques, or how results are combined (e.g. which output from the coupled technique serves as input to data reduction for this technique); and (2) the analytical sequence — which technique is performed first and why (e.g. non-destructive before destructive). Required when Coupled Technique(s) is not ""None"".",Advanced,Editable,Text (free),"e.g., 'SEM-BSE/EDS used for phase identification and target selection before FIB lift-out; FIB performed after SEM survey because lift-out is destructive. TEM-EDS provides nanoscale chemistry of FIB-prepared sections.'",Source: Core module,2026-08-25,(none),,Y,Y,Y,Y,Y,,N,N,N,N,N,N,N,N,N,N,N,N,N,N,N,N,N,N
Coupled Procedure DOI,"Registered procedure DOI for the coupled technique named above. If the coupled procedure has not yet been registered, enter the DOI of a publication describing the coupled method, or ""pending"". Enter ""None"" if no coupling is planned.",N/A,Advanced,URI / DOI,"e.g., 'https://doi.org/10.xxxxx/coupled-procedure' | 'pending' | 'None'",Source: Core module,2026-08-25,(none),"Provides a stable, citable link to the companion method independent of whether a dataset has been deposited.",Y,Y,Y,Y,Y,,N,N,N,N,N,N,N,N,N,N,N,N,N,N,N,N,N,N
Coupled Dataset or Publication Reference,"DOI or other persistent identifier for the co-registered dataset or publication where both datasets are reported together. Accepts: a dedicated dataset DOI (if separately deposited), a shared dataset DOI (if co-submitted in the same package), or a publication DOI. Use ""same submission"" if the coupled dataset is included in this data package, or ""pending"" if not yet assigned. If coupling is documented through a shared sample identifier only, that information is already captured in Sample Persistent Identifier (Group 2).",N/A,Advanced,URI / DOI / Text,"e.g., 'https://doi.org/10.xxxxx/dataset' | 'same submission' | 'pending' | 'None'",Source: Core module,2026-08-25,(none),,Y,Y,Y,Y,Y,,N,N,N,N,N,N,N,N,N,N,N,N,N,N,N,N,N,N
2. Samples,,,,,,,,,,N,N,N,N,N,N,N,N,N,N,N,N,N,N,N,N,N,N,N,N,N,N,N,N
Target Material,General description of the material type(s) this procedure is designed to analyse.,Basic,Read-Only,Controlled list / Text,Silicate mineral | Oxide | Sulfide | Carbonate | Phosphate | Metal alloy | Organic matter | Glass | Regolith | Whole rock / polished section | Porous material | N/A | None,Source: Core module,2026-08-30,(none),"Used for discoverability and procedure matching, and because the material type constrains sample preparation, calibration and matrix-matching requirements.",Y,Y,Y,Y,Y,,"Carbonaceous nanoglobules, Tagish Lake (C2) meteorite (HCl/HF acid residue concentrate)","Micrometeorite NG-1, Al-Cu-alloy-bearing, CV3-like composition; Democratic Republic of Congo","Micrometeorite NG-1, Al-Cu-alloy-bearing, CV3-like composition; Democratic Republic of Congo",Forsterite grains from Kaba (CV3) carbonaceous chondrite thin section,Tagish Lake (C2) ungrouped carbonaceous chondrite; polished thin sections,Tagish Lake (C2) ungrouped carbonaceous chondrite; polished thin sections,Tagish Lake (C2) ungrouped carbonaceous chondrite; polished thin sections,"High-rank coal (anthracite from Bofang Mine; lean coal from Yuwu Mine), southern Qinshui basin, China","High-rank coal (anthracite from Bofang Mine; lean coal from Yuwu Mine), southern Qinshui basin, China","Khatyrka CV3 carbonaceous chondrite; Al-Cu-Fe alloy metal phases (hollisterite, kryachkoite, stolperite, khatyrkite, icosahedrite) in section 126A","Khatyrka CV3 carbonaceous chondrite; Al-Cu-Fe alloy metal phases (hollisterite, kryachkoite, stolperite, khatyrkite, icosahedrite) in section 126A","NWA 7317 CR6 carbonaceous chondrite; polished slab (~10×6 mm fragment, 10.01g)","NWA 7317 CR6 carbonaceous chondrite; polished slab (~10×6 mm fragment, 10.01g)",Asteroid (101955) Bennu particles (OSIRIS-REx sample return); hummocky and angular particles,Asteroid (101955) Bennu particles (OSIRIS-REx sample return); polished sections,Asteroid (101955) Bennu particles (OSIRIS-REx sample return); polished sections,Asteroid (101955) Bennu particles (OSIRIS-REx sample return); olivine and carbonate grains,N
Sample Preparation Method,"The form in which the sample is presented to the instrument, and the preparation that brought it to that form — for example mounting, sectioning, polishing, coating, crushing, fusion, or extraction of an electron-transparent section. Record 'None' where the material is analysed as received.",Basic,Editable,Controlled list / Text,"Polished thin section | Polished thick section | Polished block or epoxy mount | Grain mount | Fragments or particles on conductive tape | Bulk specimen, polished face | Acid-dissolution residue | N/A | None",Source: Core module,2026-08-27,(none),,Y,Y,Y,Y,Y,,HCl and HF acid dissolution residue from pristine Tagish Lake pieces; deposited on lacey C TEM grid attached to Al-SEM stub; uncoated,N,N,N,Carbon-coated polished thin sections; high vacuum analysis,N,N,Bulk coal polished to ~10 mm × 2-3 mm using polishing and burnishing machine; further polished with cross section polisher; thin gold coating applied by sputtering,Bulk coal polished to ~10 mm × 2-3 mm using polishing and burnishing machine; further polished with cross section polisher; thin gold coating applied by sputtering,Polished thin section (section 126A prepared from Grain 126); no coating or SEM-specific preparation stated,Polished thin section (section 126A prepared from Grain 126); no coating or EBSD-specific preparation stated,"Embedded in epoxy, polished to ¼ µm level, sputtered with 30-nm-thick carbon film","Embedded in epoxy, polished to ¼ µm level, sputtered with 30-nm-thick carbon film",Attached to Al cylinder SEM mount with double-sided C tape; sputter coated with ~5 nm carbon,Polished sections; coated with 0.1 nm carbon for charge mitigation,Polished sections; coated with 0.1 nm carbon for charge mitigation,Polished thin sections; ~100 nm graphite coating (as stated in CL emitting volume calculation),N
Sample Name,"Name or identifier of each sample analysed in this session, as used in the laboratory — a sample mount, section or aliquot counts as one entry where that is what the laboratory tracks. Should match the identifier used in associated publications or data tables.",N/A,Basic,Text (free),"e.g., 'Bennu OREX-800045-103' | 'NWA 8657 polished thin section 1'",Source: Core module,2026-08-25,defines: sample,The analysis record corresponds to one session and may cover several samples.,Y,Y,Y,Y,Y,,N,N,N,N,N,N,N,N,N,Section 126A (USNM 7908),Section 126A (USNM 7908),NWA 7317,NWA 7317,N,N,N,N,N
Sampling Unit,"The physical subdivision of the sample to which one row of reported values corresponds — the unit that is analysed and reported, as distinct from the sample as a whole. Where units nest (e.g. confined tracks within grains), state both levels.",Basic,Basic,Controlled list / Text,Whole sample | Aliquot | Grain | Spot | Analysis point | Phase | Sub-volume | Region of interest | N/A | None,Source: Core module,2026-08-30,defines: sampling unit,,Y,Y,Y,Y,Y,,,,,,,,,,,,,,,,,,,
Sample Persistent Identifier,"Globally unique, persistent identifier for each sample listed in Sample Name. IGSN (International Geo Sample Number) is the recommended standard for geological and cosmochemical samples, as used by Astromat, EarthChem and SESAR. Where a sample and its sub-samples are separately registered, record the identifier at the level actually analysed.",Advanced,Advanced,URI / IGSN,"e.g., 'IGSN:AU1234567'",Source: Core module,2026-08-25,sample,,Y,Y,Y,Y,Y,,N,N,N,N,N,N,N,N,N,USNM 7908 (section 126A),USNM 7908 (section 126A),N,N,N,N,N,N,N
Target Selection Criteria,"The rules governing which part of the sample is analysed, and why. Covers the criteria applied when choosing grains, aliquots, spots, or a region of interest — size, morphology, clarity, freedom from inclusions or alteration, phase identity, or spatial position. Distinct from Target Material, which states the material type the procedure is designed for: this field states how, within such a sample, the analysed portion is picked out.",Basic,Editable,Text (free),,Source: Target Selection module,2026-08-25,(none),,Y,Y,Y,Y,Y,,,,,,,,,,,,,,,,,,,
Pre-Analysis Imaging and Screening,"Imaging or other characterisation performed before the measurement in order to select or locate the analysed target, including the technique, instrument and settings used, and how individual analyses are linked back to the images. Distinct from any imaging the procedure performs as its own measurement. Where the imaging is performed on a separate instrument, it should also be recorded in the Group 1 coupling fields.",Advanced,Editable,Text (free),,Source: Target Selection module,2026-08-25,sample,,Y,Y,Y,Y,Y,,,,,,,,,,,,,,,,,,,
3. Instrument & Software,,,,,,,,,,N,N,N,N,N,N,N,N,N,N,N,N,N,N,N,N,N,N,N,N,N,N,N,N
Instrument Manufacturer,"Manufacturer of the instrument that performs the measurement, recorded as a controlled value. Where a procedure couples a sample-introduction system to an analysing instrument, this records the analysing instrument. Instrument Model gives the specific designation.",Basic,Read-Only,Controlled list,JEOL | Zeiss | FEI / Thermo Fisher Scientific | Hitachi | Tescan | Phenom | Unknown | N/A | None,Source: Core module,2026-08-30,(none),Recording it as a controlled value lets procedures be found by vendor.,Y,Y,Y,Y,Y,,FEI,Zeiss,Zeiss,JEOL,Hitachi,Other: Leo Electron Microscopy (now Zeiss),Zeiss,"FEI Company, USA",Carl Zeiss,ZEISS (Carl Zeiss),ZEISS (Carl Zeiss),ZEISS (Carl Zeiss),ZEISS (Carl Zeiss),JEOL,Hitachi,Hitachi,JEOL,N
Instrument Model,"Model designation of the instrument that performs the measurement, including any generation or configuration suffix. Conventionally written with the manufacturer name included; Instrument Manufacturer records the vendor separately, as a controlled value, so that procedures remain findable by vendor.",Basic,Read-Only,Text (free),"e.g., 'JEOL JSM-7600F' | 'Zeiss Supra 55 FEG-SEM' | 'FEI Quanta 650 FEG' | 'Thermo Fisher Quattro S' | 'FEI Helios NanoLab 660' | 'Zeiss Crossbeam 540'",Source: Core module,2026-08-25,(none),,Y,Y,Y,Y,Y,,Nova 200 NanoLab DualBeam,ZEISS 1550VP,ZEISS 1550VP,JSM-5410LV,S-2500C,Leo 440,Leo 1540 FIB/SEM CrossBeam,Quanta 250,SUPRA 55,1550VP,1550VP,Supra 40,Supra 40,7600F,S-4800,S-4800,JSM-7000F,N
Electron Source,Type of electron gun used in the instrument.,Basic,Read-Only,Controlled list,Cold-FEG | Schottky FEG (X-FEG) | Schottky FEG (standard) | Field emission gun (FEG) — subtype not specified | LaB6 / CeB6 | Tungsten (W) | Unknown | N/A | None,,2026-08-30,(none),,Y,Y,Y,Y,Y,,Other: FEG (type not specified in paper),Other: FEG (type not specified in paper),Other: FEG (type not specified in paper),N,Tungsten (W),N,Other: FEG (type not specified),N,Field emission gun (FEG),Field emission gun (FEG),Field emission gun (FEG),Field emission gun (FEG),Field emission gun (FEG),Field emission gun (FEG),Cold field emission gun (cold FEG),Cold field emission gun (cold FEG),Field emission gun (FEG),N
Instrument Variant,"Broad platform type of the instrument. 'Standard SEM': dedicated electron-only SEM column. 'FIB-SEM dual-beam': combined focused ion beam and SEM columns (enables TEM specimen preparation, 3D serial sectioning, ion-beam milling). 'VP-SEM / ESEM': variable-pressure or environmental SEM for imaging uncoated, hydrated, or charging specimens. An instrument may combine categories (e.g., FIB-SEM with VP capability).",Basic,Read-Only,Controlled list,Standard SEM | FIB-SEM dual-beam | VP-SEM / ESEM | FIB-SEM dual-beam + VP | N/A | None,,2026-08-30,(none),,Y,Y,Y,Y,Y,,FIB-SEM dual-beam,VP-SEM / ESEM,VP-SEM / ESEM,Standard SEM,Standard SEM,Standard SEM,FIB-SEM dual-beam,ESEM (Environmental SEM),FESEM (Field Emission SEM),VP (Variable Pressure),VP (Variable Pressure),FESEM (Field Emission SEM),FESEM (Field Emission SEM),N,N,N,N,N
SE Detector Type,Type of secondary electron detector used. Everhart-Thornley (ET) detector is the standard off-axis collector sensitive to SE2 and some BSE; in-lens (TLD) detectors collect high-resolution SE1 signal at short working distances; GSED/ESED detectors operate in VP/ESEM mode by using the chamber gas as the signal amplification medium.,Basic,Read-Only,Controlled list,Everhart-Thornley (ET) | In-lens / TLD (through-the-lens) | GSED (VP/ESEM) | ESED (VP/ESEM) | N/A | None,,2026-08-30,(none),,Y,N,N,N,N,,In-lens / TLD (through-the-lens),N/A,N/A,N/A,N/A,N/A,N/A,N,N,N/A,N/A,N/A,N,N/A,N,N/A,N/A,N/A
BSE Detector Type,Type of backscattered electron detector. Segmented detectors can operate in composition mode (segments summed) or topography mode (differential signal between segments).,Basic,Read-Only,Controlled list,"Solid-state diode (single) | Solid-state diode (segmented, composition mode) | Solid-state diode (segmented, topography mode) | Solid-state diode (segmented, mode not specified) | Solid-state diode (type not specified) | In-lens BSE | YAG scintillator | N/A | None",,2026-08-30,(none),Solid-state diode detectors (single or segmented) are standard; YAG scintillator detectors offer high sensitivity at low voltage. In-lens BSE detectors provide improved BSE collection at short working distances.,N,Y,N,N,N,,N/A,N,N/A,N/A,N,N,N,N/A,N/A,Solid-state BSE detector,N/A,Quadrant Backscatter Detector (QBSD),N/A,N,N/A,N,N/A,N
CL Detector Configuration,"CL detector type, manufacturer, model, collection optics (e.g., parabolic mirror, elliptical mirror, light guide), and spectral detection configuration (PMT for panchromatic, CCD/EMCCD for spectral, multi-channel for pseudo-color CL).",Advanced,Read-Only,Text (free),"e.g., 'Gatan MonoCL4, parabolic mirror, PMT 190-900 nm + CCD spectrometer 300-800 nm' | 'Gatan ChromaCL2, 4-channel RGBV PMT' | 'Oxford Instruments MonoCL'",,2026-08-11,(none),,N,N,Y,Y,N,,N/A,N/A,N/A,"Mini-CL (Gatan, multialkali PMT) for scanning CL images; Oxford MonoCL2 grating monochromator with Hamamatsu R2228 PMT and parabolic mirror (75% efficiency) for spectral CL","Gatan ChromaCL detector; 4-channel pseudo-color detection (UV: ~300-400nm, Blue: ~400-500nm, Green: ~500-600nm, Red: ~600-850nm including near-IR ~700-850nm); Robinson Backscatter detector also present",N/A,N/A,N/A,N/A,N/A,N/A,N/A,N/A,N/A,N/A,N/A,"MonoCL4 GATAN monochromator; high-sensitivity array detector and photomultiplier; paraboloidal mirror collection (CRHEA Valbonne, France)",N/A
EBSD Detector Configuration,"EBSD detector manufacturer, model, and camera resolution. Include whether EBSD and EDS are acquired simultaneously (common on modern combined EBSD-EDS systems).",Basic,Read-Only,Text (free),"e.g., 'Oxford AZtec Symmetry EBSD camera, 1244x1024 px' | 'Oxford Nordlys Nano' | 'Bruker QUANTAX EBSD e-Flash' | 'EDAX Hikari'",,2026-08-11,(none),,N,N,N,N,Y,,N/A,N/A,N,N/A,N/A,N/A,N/A,N/A,N/A,N/A,N,N/A,N/A,N/A,N/A,N/A,N/A,N/A
Acquisition Software,"Instrument control, automation and data acquisition software used to collect the raw data, including version number. Distinct from Data Processing Software(s), which covers everything applied to the data after acquisition.",Basic,Editable,Text (free),"e.g., 'JEOL Analysis Station v3.5' | 'Oxford AZtec 6.0' | 'Zeiss SmartSEM 6.06' | 'Thermo Fisher Auto Slice and View G4 (3D tomography)'",Source: Core module,2026-08-25,(none),,Y,Y,Y,Y,Y,,N,N,N,N,Gatan DigitalMicrograph (CL image assembly),N,N,N,N,N,N,Oxford INCA Energy,N,Oxford AZtec (Point & ID programme),N,N,N,N
Data Processing Software(s),"All software applied to the data after acquisition in order to produce the reported quantities, including version numbers. List every package used. Distinct from Acquisition Software, which controls the instrument and collects the raw data.",Basic,Editable,Text (free),"e.g., 'Oxford AZtec 6.0 (EDS quantification); Oxford AZtec Crystal 2.1 (EBSD); Gatan DigitalMicrograph 3.5 (CL); FIJI 2.15 (image processing); Avizo 2023 (3D segmentation)'",Source: Core module,2026-08-25,(none),,Y,Y,Y,Y,Y,,N,N,N,N,Gatan DigitalMicrograph,N,N,N,N,N,N,N,N,N,N,N,N,N
4. Measurement Information,,,,,,,,,,N,N,N,N,N,N,N,N,N,N,N,N,N,N,N,N,N,N,N,N,N,N,N,N
Analytical Mode,Primary analytical mode(s) executed under this procedure. Records one value for a single-mode procedure and all applicable modes for a multi-mode one. Applies even where a procedure defines no mode flag columns.,Basic,Read-Only,Controlled list,'SE Imaging' | 'BSE Imaging' | 'CL Point Analysis' | 'CL Mapping' | 'EBSD' | 'SE Imaging; BSE Imaging',Source: Core module,2026-08-25,(none),"Serves as the procedure-level declaration of measurement type, distinct from the mode flag columns, which state per-field applicability. Ensures every procedure record is self-describing and comparable across the library.",Y,Y,Y,Y,Y,,SE Imaging,BSE Imaging,EBSD,CL Mapping,CL Mapping,BSE Imaging,BSE Imaging,SE Imaging,SE Imaging,BSE Imaging,EBSD,BSE Imaging,SE Imaging,BSE Imaging,SE Imaging,BSE Imaging,CL Mapping,BSE Imaging
Reported Variables and Units,"The final variable(s) this procedure reports and their units — distinct from the fields recording what was *acquired* rather than what is reported. Record every reported variable, including intermediate quantities reported alongside final ones (e.g. both the 206Pb/238U ratio and the 206Pb/238U date). Where a reported variable is a nominal property with no magnitude (e.g. a mineral identification), record the variable and give the unit as 'N/A — nominal property'.",Basic,Read-Only,Text (free),"e.g., 'Element concentration (ppm); oxide (wt%)' | 'd56Fe (permil vs IRMM-014); d57Fe (permil vs IRMM-014)' | '206Pb/238U date (Ma); 207Pb/206Pb date (Ma)' | 'Mineral identity (N/A — nominal property); match score (0-1)'",Source: Core module,2026-08-25,defines: reported property,A procedure may acquire many channels and report a small number of derived quantities; without this field a data consumer cannot tell which.,Y,Y,Y,Y,Y,,,,,,,,,,,,,,,,,,,
Accelerating Voltage,Electron beam accelerating voltage in kilovolts.,Basic,Editable,Numeric (kV),"e.g., 2 | 5 | 10 | 15 | 20",,2026-08-27,(none),"Affects X-ray generation depth (EDS/WDS), EBSD pattern quality, imaging resolution, and beam penetration. Low voltages (1-5 kV) improve surface sensitivity and reduce beam damage; high voltages (15-20 kV) improve X-ray generation for quantitative analysis.",Y,Y,Y,Y,Y,,500 V; 1 kV; 5 kV,10 kV,20 kV,N,15–20 kV,N,N,N,N,N,N,20 kV,N,15 kV,N,N,5 keV,N
Beam Current,"Electron beam probe current. For sub-nA values use decimal notation (e.g., 0.4 nA).",Basic,Editable,Numeric (nA),"e.g., 0.4 | 0.9 | 2 | 5 | 10 | 20",,2026-08-27,(none),"Higher current improves signal-to-noise for X-ray analysis (EDS/WDS, EBSD) and CL but may increase beam damage and reduce spatial resolution.",Y,Y,Y,Y,Y,,70 fA (500 V); 1.4 pA (1 kV); 98 pA (5 kV),N,6 nA,N,N,N,N,N,N,N,N,N,N,N,N,N,1 to 4 nA,N
Working Distance,Distance between the objective lens pole piece and the specimen surface in millimetres.,Basic,Editable,Numeric (mm),"e.g., 4 | 8 | 10 | 15",,2026-08-27,(none),"Affects spatial resolution, depth of focus, EDS X-ray take-off angle, and EBSD geometry.",Y,Y,Y,Y,Y,,0.5–5.4 mm,N,N,N,~10 mm,N,N,N,N,N,N,8 mm,N,N,N,N,N,N
Chamber Pressure,Chamber pressure and gas type during analysis. Required for variable pressure (VP-SEM) and environmental SEM (ESEM) modes. Report value and unit (Pa or Torr) and gas composition. Use 'None' for standard high-vacuum operation.,Advanced,Editable,Numeric + unit,"e.g., '30 Pa (H2O vapor, ESEM)' | '130 Pa (N2, VP-SEM)' | 'None (high vacuum)'",,2026-05-21,(none),,Y,Y,Y,Y,Y,,N,N,25 Pa (variable pressure mode),N,High vacuum,N,N,High vacuum,High vacuum,N,N,High vacuum,N,N,N,N,N,N
Image Pixel Size,"Physical size of each image pixel at the sample surface, in nm or µm. For large-area mosaic imaging, report the pixel size of individual tiles and the number and arrangement of tiles.",Advanced,Basic,Numeric + unit,"e.g., '5 nm' | '50 nm' | '500 nm' | '2 µm (mosaic: 19x16 tiles)'",,2026-08-27,(none),Defines spatial sampling of SE or BSE images.,Y,Y,N,N,N,,N,N,N/A,N/A,N/A,N,N,N,N,N,N/A,N,N,N,N,N,N/A,N
Dwell Time per Pixel,"Time the electron beam dwells on each pixel during raster scanning, or on each step position during mapping, in microseconds or milliseconds.",Basic,Editable,Numeric + unit,"e.g., '400 ns' | '10 µs' | '1 ms'",,2026-08-27,(none),Longer dwell time improves signal-to-noise and counting statistics but increases total dose and can cause beam damage or contamination on sensitive materials.,Y,Y,N,N,N,,N,N,N/A,N/A,N/A,N,N,N,N,N,N/A,N,N,N,N,N,N/A,N
CL Acquisition Mode,CL data collection strategy. Panchromatic: total light intensity collected by PMT across the full detector wavelength range. Spectral point: full CL spectrum at discrete point locations. Hyperspectral map: full CL spectrum acquired at each pixel of a raster scan.,Basic,Read-Only,Controlled list,Panchromatic | Monochromatic imaging | Spectral point | Hyperspectral map | Multi-channel pseudo-color | N/A | None,,2026-08-30,(none),,N,N,Y,Y,N,,N/A,N/A,N/A,Panchromatic; Spectral point,Multi-channel pseudo-color,N/A,N/A,N/A,N/A,N/A,N/A,N/A,N/A,N/A,N/A,N/A,Panchromatic imaging; hyperspectral analysis; monochromatic imaging,N/A
CL Wavelength Range,Detection wavelength range of the CL system in nm.,Basic,Read-Only,Numeric pair (nm),"e.g., '190-900 nm (PMT)' | '300-850 nm (CCD)' | '200-800 nm'",,2026-08-27,(none),The range is set by the detector sensitivity and any optical filters installed.,N,N,Y,Y,N,,N/A,N/A,N/A,N,"300–850 nm (UV ~300-400, Blue ~400-500, Green ~500-600, Red ~600-850)",N/A,N/A,N/A,N/A,N/A,N/A,N/A,N/A,N/A,N/A,N/A,N,N/A
CL Grating,"Diffraction grating specification for spectral or hyperspectral CL acquisition, including groove density and blaze wavelength. Not applicable to panchromatic-only acquisition.",Advanced,Read-Only,Text (free),"e.g., '1200 gr/mm, 500 nm blaze' | '300 gr/mm, 500 nm blaze' | '150 gr/mm (near-IR)' | 'N/A (panchromatic only)'",,2026-08-11,(none),,N,N,Y,Y,N,,N/A,N/A,N/A,"1200 gr/mm, focal length 0.3 m, F/4.2, resolution 0.5 nm, slit width 4 mm (Oxford MonoCL2)",N,N/A,N/A,N/A,N/A,N/A,N/A,N/A,N/A,N/A,N/A,N/A,N,N/A
CL Integration Time,"Acquisition time per pixel (hyperspectral map mode) or per spectrum (spectral point mode), in ms or s.",Basic,Editable,Numeric + unit,"e.g., '800 µs (hyperspectral map)' | '30 s (spectral point)' | '80 ms (panchromatic map)'",,2026-08-27,(none),Longer integration improves signal-to-noise but increases beam dose and acquisition time.,N,N,Y,Y,N,,N/A,N/A,N/A,N,80–500 ms per pixel (varied based on IR luminescence duration in carbonates),N/A,N/A,N/A,N/A,N/A,N/A,N/A,N/A,N/A,N/A,N/A,N,N/A
Sample Tilt Angle,"Sample tilt angle for EBSD acquisition in degrees, measured from horizontal.",Basic,Read-Only,Numeric (degrees),"e.g., 70",,2026-08-27,(none),Standard EBSD geometry uses 70 degrees tilt toward the EBSD camera to maximise diffracted electron signal.,N,N,N,N,Y,,N/A,N/A,70 degrees,N/A,N/A,N/A,N/A,N/A,N/A,N/A,N,N/A,N/A,N/A,N/A,N/A,N/A,N/A
EBSD Step Size,Distance between adjacent EBSD measurement points in the map in nm or µm. Must be smaller than the smallest grain of interest.,Basic,Editable,Numeric + unit,"e.g., '50 nm' | '200 nm' | '1 µm' | '5 µm'",,2026-08-27,(none),Only then are grain boundary positions and intragrain orientation gradients resolved.,N,N,N,N,Y,,N/A,N/A,N,N/A,N/A,N/A,N/A,N/A,N/A,N/A,N,N/A,N/A,N/A,N/A,N/A,N/A,N/A
EBSD Frame Time,Acquisition time per EBSD diffraction pattern frame in milliseconds.,Advanced,Editable,Numeric (ms),"e.g., 15 | 50 | 100",,2026-08-27,(none),Longer frame time improves pattern quality and indexing rate but increases total acquisition time.,N,N,N,N,Y,,N/A,N/A,N,N/A,N/A,N/A,N/A,N/A,N/A,N/A,N,N/A,N/A,N/A,N/A,N/A,N/A,N/A
EBSD Phase List,Mineral phases included in the EBSD reference pattern library for this procedure. Phases may be added for specific sample compositions beyond the expected suite for the target material.,Basic,Editable,Text (free),"e.g., 'Olivine (Fo90); enstatite; augite; plagioclase; ilmenite' | 'Troilite; pyrrhotite; kamacite; taenite'",,2026-08-27,(none),,N,N,N,N,Y,,N/A,N/A,N,N/A,N/A,N/A,N/A,N/A,N/A,N/A,"Hollisterite (C2/m FeAl3); kryachkoite (Cmc21 (Al,Cu)Fe6); stolperite (Pm3m AlCu)",N/A,N/A,N/A,N/A,N/A,N/A,N/A
5. Data Processing,,,,,,,,,,N,N,N,N,N,N,N,N,N,N,N,N,N,N,N,N,N,N,N,N,N,N,N,N
EBSD Indexing Method,Algorithm used to index EBSD diffraction patterns and assign crystal orientations. Hough-transform methods fit Kikuchi band positions analytically; dictionary indexing (DI) matches experimental patterns to a pre-computed library of simulated patterns.,Basic,Read-Only,Controlled list,Hough transform | Dictionary indexing (DI) | Neural network | Unknown | N/A | None,,2026-08-30,(none),,N,N,N,N,Y,,N/A,N/A,N,N/A,N/A,N/A,N/A,N/A,N/A,N/A,N,N/A,N/A,N/A,N/A,N/A,N/A,N/A
Crystal Structure Database,Crystal structure database used for EBSD phase identification and Kikuchi pattern simulation.,Basic,Editable,Text (free),"e.g., 'ICSD (Inorganic Crystal Structure Database)' | 'COD (Crystallography Open Database)' | 'Oxford AZtec Crystal built-in library'",,2026-08-11,(none),,N,N,N,N,Y,,N/A,N/A,ICSD (Inorganic Crystal Structure Database),N/A,N/A,N/A,N/A,N/A,N/A,N/A,"Literature crystal structures: Black et al. 1961 (Cmc21 (Al,Cu)Fe6 for kryachkoite); Zhang et al. 2005 (Pm3m AlCu for stolperite)",N/A,N/A,N/A,N/A,N/A,N/A,N/A
EBSD Pattern Quality Threshold,Minimum pattern quality or confidence index threshold applied during EBSD data processing to exclude unreliably indexed points from orientation maps. Include metric name and threshold value.,Advanced,Editable,Text (free),"e.g., 'Mean Angular Deviation (MAD) < 1.0 deg' | 'Confidence Index (CI) > 0.1' | 'Band contrast > 80'",,2026-08-11,(none),,N,N,N,N,Y,,N/A,N/A,N,N/A,N/A,N/A,N/A,N/A,N/A,N/A,N,N/A,N/A,N/A,N/A,N/A,N/A,N/A
Constants and Reference Values Used,"Physical constants and reference values used in data reduction to calculate the final reported quantity (e.g., decay constants for age calculation, standard isotope ratios, or other citable reference values used in a correction or calculation), together with their source. Distinct from the Group 6 reference-material fields, which document accepted values for specific calibration/validation materials rather than universal physical constants. Record ""None"" if no citable, revisable physical constants feed into this procedure's data reduction.",Basic,Editable,Text (free),"e.g., ""λ238U = 1.55125×10⁻¹⁰ yr⁻¹, λ235U = 9.8485×10⁻¹⁰ yr⁻¹ (Jaffey et al. 1971); 238U/235U = 137.818 (Hiess et al. 2012)"" | ""None""",Source: Core module,2026-08-25,(none),,Y,Y,Y,Y,Y,,,,,,,,,,,,,,,,,,,
6. Quality Control & Uncertainty,,,,,,,,,,N,N,N,N,N,N,N,N,N,N,N,N,N,N,N,N,N,N,N,N,N,N,N,N
EBSD Mean Angular Deviation,Mean angular deviation (MAD) of the EBSD pattern indexing solution in degrees. MAD quantifies the misfit between experimental Kikuchi band positions and the best-fit crystal orientation.,N/A,Basic,Numeric (degrees),"e.g., 0.5 | 0.8 | 1.0",,2026-08-27,(none),Values above ~1.5 degrees typically indicate unreliable indexing.,N,N,N,N,Y,,N/A,N/A,N,N/A,N/A,N/A,N/A,N/A,N/A,N/A,"0.30°~0.45° (all three mineral phases: hollisterite, kryachkoite, stolperite)",N/A,N/A,N/A,N/A,N/A,N/A,N/A
EBSD Indexing Rate,"Fraction of EBSD map points successfully indexed, expressed as a percentage of total map points.",N/A,Basic,Numeric (%),"e.g., 95 | 82 | 60",,2026-08-27,(none),"Low indexing rate may indicate surface damage, amorphisation, severe deformation, or phase misidentification.",N,N,N,N,Y,,N/A,N/A,N,N/A,N/A,N/A,N/A,N/A,N/A,N/A,N,N/A,N/A,N/A,N/A,N/A,N/A,N/A
CL Wavelength Calibration Reference,Reference light source or standard material used to calibrate the wavelength axis of the CL spectrometer. Required for quantitative spectral CL and hyperspectral mapping.,Advanced,Editable,Text (free),"e.g., 'Mercury lamp (Hg line 546.1 nm)' | 'Neon discharge lamp' | 'None'",,2026-08-11,(none),,N,N,Y,Y,N,,N/A,N/A,N/A,N,N,N/A,N/A,N/A,N/A,N/A,N/A,N/A,N/A,N/A,N/A,N/A,N,N/A
Additional Notes,"Any procedure- or analysis-specific information not captured by a structured field anywhere in this TAPP — including anomalies, deviations from the registered procedure, instrument modifications, and supplementary context. Scope is the whole document, not Group 6: this is the last field of the TAPP and covers all six groups. Use sparingly; a structured field is preferred for anything that can be formally categorised.",Advanced,Advanced,Text (free),Free text,Source: Core module,2026-08-25,(none),,Y,Y,Y,Y,Y,,Sample imaged without coating; initial ~5% beam-induced shrinkage observed upon first e-beam exposure; sample stable thereafter; focusing performed away from particles of interest to minimise beam exposure,N,EBSD done in variable pressure mode (25 Pa) to suppress charging on tilted sample; spatial resolution ~30 nm stated; calibrated with single-crystal silicon standard,"CL color imaging also done with separate luminoscope ELM-3R (cold cathode, 10 kV, 0.5 mA, <100 Torr) — standalone CL system, not SEM-based; spectrum deconvolution via Peak Analyzer in OriginPro 8J SR2",Digiscan II beam controller used for CL raster; multi-channel color CL distinguishes ~4 spectral bands; beam-induced CL may persist from long-lived IR emission in carbonates,N,N,Pore and mineral sizes >0.1 µm measured; minerals analyzed via EDS (surface energy spectrum analysis); magnification range 10³ to 10⁴,Pore and mineral sizes >20 nm to <5 µm measured; EDS also used for mineral analysis; magnification range 10³ to 10⁵,"BSE images obtained from both ZEISS 1550VP FE-SEM and JEOL 8200 electron microprobe (EPMA); quantitative EPMA on JEOL 8200 at 12 kV, 5 nA (out of scope for SEM TAPP)",EBSD performed at Caltech GPS Analytical Facility; EPMA (JEOL 8200) used for quantitative chemical analysis (out of scope for SEM TAPP),10 BSE images acquired at ×138 magnification and mosaicked (4 consecutive per row) to cover ~9.7 mm area matching SPIM imagery,"SE imaging used for topographic examination; instrument capability: up to ×200,000 magnification, 5 nm resolution; SE acquired before EDS to minimize charging effects",SE and BSE imaging; EDS point spectra; Oxford AZtec system; EDS detector: Oxford Instruments Ultim Max SDD 170 mm²,Cold FEG; system range 0.5-30 keV; SE and BSE imaging detectors; also equipped with Oxford Instruments Aztec Live/x-stream/Ultimax 170 SDD EDS; specific operating voltage not stated,Cold FEG; system range 0.5-30 keV; SE and BSE imaging; EDS mapping; specific operating voltage not stated,"CL emitting volume at 5 keV: up to 230 nm depth, 200 nm sideways (assuming 100-nm graphite coating); recording below focal plane for magnifications <×500 to minimize hotspot effect","No BSE imaging with FEI Quanta 3D DualBeam or Helios DualBeam at NASA JSC described in this paper (Barnes et al. 2025). BSE mosaic imaging was performed using a Hitachi TM4000plus at the University of Arizona (K-ALFAA) at 15-keV electron beam to identify suitable matrix areas for NanoSIMS analysis (Methods, p.11). No JSC BSE imaging conditions or instrument stated."
