Metadata Item,Description,Procedure-Level Tier,Analysis-Level Tier,Data Type,Example / Allowed Content,Comments,Last Update,Keyed By,Purpose,TEM Imaging,STEM Imaging,Electron Diffraction,Literature Assessment,Chaves2023 | Synthetic magnetite | TEM+STEM imaging + EDS,Zega2025 | Bennu particles | STEM+EDS+SAED (U of A HF5000),Zega2025 | Bennu particles | STEM+EDS (UCB TitanX),Zega2025 | Bennu particles | TEM+STEM+EDS+SAED (Goethe Talos F200X),Zega2025 | Bennu particles | STEM+EDS+HRTEM+SAED (JSC JEOL 2500SE),Matsumoto2021 | Lunar soil | BF/DF TEM + ADF-STEM + SAED (Jena FEI Tecnai G2 FEG),Matsumoto2021 | Lunar soil | TEM + EDS quantitative (Kyushu JEOL JEM-3200FSK),Matsumoto2021 | Lunar soil | STEM-EDS mapping + HR-STEM (Kyushu JEOL JEM-ARM200F),KellerBerger2014 | Itokawa regolith grains | STEM + EDS spectrum imaging (JSC JEOL 2500SE),Zeng2024 | Chang'e-5 lunar glass bead | HAADF-STEM + EDS mapping (Guangdong FEI Talos F200S),Dobrica2022 | Antarctic micrometeorite 03-36-46 | STEM + nanodiffraction + EDS (UH Manoa Titan G2),Dobrica2022 | Antarctic micrometeorite 03-36-46 | STEM-EDS hyperspectral mapping (Mol. Foundry TitanX),Singerling2025 | Bennu OREX-800045-102 | BF-TEM + HAADF-STEM + SAED + EDS (Goethe TS Talos F200X G2),Thompson2020 | Murchison CM2 (laser-irradiated) | BF/DF-STEM + HRTEM + STEM-EDX (JSC JEOL 2500SE),Xing2023 | REVIEW: TEM methods for nanoscale mineralogy in NEPS | No original protocol data,Seifert2026 | Bennu OREX-803173-100 apatite | BF/DF-STEM + EDS (JSC JEOL 2500SE),"Seifert2026 | Bennu OREX-803173-100 apatite | HAADF-STEM + dual EDS + TEM/SAED (K-ALFAA UA Hitachi HF5000, probe Cs-corrected)",Cymes2023 | Apollo 17 soil 71501 pyroxene (1pyx + 2pyx) | BF/EFTEM + SAED + HRTEM (NRL JEOL JEM-2200FS),Cymes2023 | Apollo 17 soil 71501 pyroxene (1pyx + 2pyx) | HAADF-STEM + Dual EELS + EDS (NRL Nion UltraSTEM200-X),Mo2022 | Chang'E-5 lunar soil CE5C0400YJFM00505 | HAADF-STEM + EDS (SINANO CAS FEI Talos F200X),Mo2022 | Chang'E-5 lunar soil CE5C0400YJFM00505 | TEM-EELS (Shanghai Institute of Ceramics CAS Hitachi HF5000)
1. Procedure Identification,,,,,,,,,,N,N,N,N,N,N,N,N,N,N,N,N,N,N,N,N,N,N,N,N,N,N,N,N,N
Procedure Name,"A short descriptive name for this analytical procedure, including a version number. Should identify the instrument, the technique, and the scope of what is measured — analyte, material, or feature.",Basic,Read-Only,Text (free),"e.g., 'TEM/STEM Imaging and Diffraction, FEI Titan 300 kV, Planetary Materials' | 'STEM-EDS/EELS Organic Matter Analysis, Nion UltraSTEM 60 kV'",Source: Core module,2026-07-24,(none),,Y,Y,Y,,N,N,N,N,N,N,N,N,N,N,N,N,N,N,N/A,N,N,N,N,N,N
Technique,Top-level analytical technique identifier.,Basic,Read-Only,Controlled list,TEM | STEM | TEM/STEM,Source: Core module,2026-08-30,(none),,Y,Y,Y,,TEM/STEM,TEM/STEM,TEM/STEM,TEM/STEM,TEM/STEM,TEM/STEM,TEM/STEM,TEM/STEM,TEM/STEM,TEM/STEM,TEM/STEM,TEM/STEM,TEM/STEM,Scanning Transmission Electron Microscopy (STEM); High-Resolution TEM (HRTEM); STEM-EDS spectrum imaging,N/A,Scanning Transmission Electron Microscopy (STEM); Energy-Dispersive X-ray Spectroscopy (EDS),Scanning Transmission Electron Microscopy (STEM); Energy-Dispersive X-ray Spectroscopy (EDS),Transmission Electron Microscopy (TEM); Energy-Filtered TEM (EFTEM); Selected Area Electron Diffraction (SAED); High-Resolution TEM (HRTEM),Scanning Transmission Electron Microscopy (STEM); Electron Energy Loss Spectroscopy (EELS); Energy-Dispersive X-ray Spectroscopy (EDS); STEM-EELS Fe oxidation state mapping,Scanning Transmission Electron Microscopy (STEM); Energy-Dispersive X-ray Spectroscopy (EDS),Transmission Electron Microscopy (TEM); Electron Energy Loss Spectroscopy (EELS); TEM-EELS iron valence state analysis
Procedure Author,Person(s) or laboratory responsible for developing and registering this procedure. ORCID recommended for individuals.,Basic,Read-Only,Text (free),"e.g., 'Hope Ishii, University of Hawai'i at Manoa' | 'AEMC, University of Hawai'i'",Source: Core module,2026-07-24,(none),,Y,Y,Y,,N,N,N,N,N,N,N,N,N,N,N,N,N,N,N/A,N,N,N,N,N,N
Laboratory,Name of the laboratory or institution hosting the instrument.,Basic,Editable,Text (free),"e.g., 'Advanced Electron Microscopy Center (AEMC), University of Hawai'i at Manoa' | 'Molecular Foundry, Lawrence Berkeley National Laboratory'",Source: Core module,2026-05-18,(none),,Y,Y,Y,,Purdue University,"K-ALFAA (Kuiper-Arizona Laboratory for Astromaterials Analysis), University of Arizona","Molecular Foundry, Lawrence Berkeley National Laboratory","Schwiete Cosmochemistry Laboratory, Goethe University Frankfurt","ARES Division, NASA Johnson Space Center","Institute for Geosciences, Friedrich Schiller University Jena, Germany","Ultramicroscopy Research Center, Kyushu University, Japan","Ultramicroscopy Research Center, Kyushu University, Japan","Robert M. Walker Laboratory for Space Science, Code KR, Astromaterials Research and Exploration Science (ARES), NASA Johnson Space Center","Analysis and Test Center, Guangdong University of Technology, Guangzhou, China","Advanced Electron Microscopy Center (AEMC), University of Hawai'i at Manoa, USA","Molecular Foundry, Lawrence Berkeley National Laboratory, USA","Schwiete Cosmochemistry Laboratory, Goethe University, Frankfurt, Germany","ARES, NASA Johnson Space Center, Houston, TX, USA",N/A,"Electron Beam Analysis Laboratories, ARES, NASA Johnson Space Center, Houston, TX, USA","Kuiper-Arizona Laboratory for Astromaterials Analysis (K-ALFAA), Lunar and Planetary Laboratory, University of Arizona, Tucson, AZ, USA","Naval Research Laboratory, Washington, D.C., USA","Naval Research Laboratory, Washington, D.C., USA","Suzhou Institute of Nano-tech and Nano-bionics (SINANO), Chinese Academy of Sciences, Suzhou, China","Shanghai Institute of Ceramics, Chinese Academy of Sciences, Shanghai, China"
Laboratory ID,"Persistent identifier for the laboratory (e.g., ROR ID).",Advanced,Editable,URI / DOI,"e.g., 'https://ror.org/01tmqtf75' (University of Hawai'i at Manoa ROR)",Source: Core module,2026-05-18,(none),,Y,Y,Y,,N,N,N,N,N,N,N,N,N,N,N,N,N,N,N/A,N,N,N,N,N,N
Procedure Start Date,First date this procedure configuration was used in production.,Basic,Read-Only,Date,YYYY-MM-DD,Source: Core module,2026-07-24,(none),,Y,Y,Y,,N,N,N,N,N,N,N,N,N,N,N,N,N,N,N/A,N,N,N,N,N,N
Funding Source for Procedure Development,"Grants and other funding sources that supported instrument acquisition, major upgrades, procedure development, and associated personnel time. Include grant numbers and funding agencies where applicable.",Advanced,Read-Only,Text (free),"e.g., 'NSF EAR-1234567' | 'NASA 80NSSC20K0371' | 'None'",Source: Core module,2026-07-24,(none),,Y,Y,Y,,N/A,N/A,N/A,N/A,N/A,N/A,N/A,N/A,N/A,N/A,N/A,N/A,N/A,N/A,N/A,N/A,N/A,N/A,N/A,N/A,N/A
Procedure Reference(s),"DOI or URL for peer-reviewed publications or technical reports describing, validating, or benchmarking this procedure.",Advanced,Read-Only,URI / DOI,"e.g., 'https://doi.org/10.1234/example'",Source: Core module,2026-07-24,(none),,Y,Y,Y,,N,N,N,N,N,N,N,N,N,N,N,N,N,N/A,N/A,N/A,N/A,N/A,N/A,N/A,N/A
Procedure DOI,"DOI or unique persistent identifier for the registered procedure used in this analysis, generated upon procedure submission to a data repository. If a DOI has been applied for but not yet minted, enter ""pending"".",N/A,Basic,URI / DOI,"e.g., 'https://doi.org/10.xxxxx/procedure-id' | 'pending'",Source: Core module,2026-08-25,(none),Encourages formal procedure registration and ensures traceability.,Y,Y,Y,,N/A,N/A,N/A,N/A,N/A,N/A,N/A,N/A,N/A,N/A,N/A,N/A,N/A,N/A,N/A,N/A,N/A,N/A,N/A,N/A,N/A
Session Identifier,"Identifier for the analytical session this record describes — the laboratory's own run, sequence or batch identifier as generated by the instrument or acquisition software. Distinct from any persistent identifier a repository mints on submission.",N/A,Basic,Text (free),,Source: Core module,2026-08-25,(none),"The analysis record corresponds to one session, which may cover several samples, and this is the link back to the raw instrument files.",Y,Y,Y,,,,,,,,,,,,,,,,,,,,,,
Analyst,Name(s) of the analyst(s) who performed the analysis session. ORCID is recommended for persistent identification.,N/A,Basic,Text (free),"e.g., 'Hope Ishii'",Source: Core module,2026-08-25,(none),,Y,Y,Y,,N,N,N,N,N,N,N,N,Lindsay P. Keller; Eve L. Berger,Yanxue Wu; Xiaomei Zhao (TEM analysis; per author contributions section),E. Dobrica; K.K. Ohtaki; C. Engrand,E. Dobrica; K.K. Ohtaki; C. Engrand,S.A. Singerling; F.E. Brenker; B. Tkalcec (TEM data collection and analyses),M.S. Thompson; L.P. Keller; R. Christoffersen; Z. Rahman (FIB prep),N/A,L.B. Seifert; T.M. Erickson; L.P. Keller; K. Thomas-Keprta; L. Le; J. Gorce; Z. Rahman; T.J. Zega; H.C. Connolly Jr.; D.S. Lauretta,L.B. Seifert; T.M. Erickson; L.P. Keller; K. Thomas-Keprta; L. Le; J. Gorce; Z. Rahman; T.J. Zega; H.C. Connolly Jr.; D.S. Lauretta,B.A. Cymes; K.D. Burgess; R.M. Stroud,B.A. Cymes; K.D. Burgess; R.M. Stroud,B. Mo; Z. Guo; Y. Li; D. Zhu; X. Zeng; X. Li; J. Liu; Y. Wu,B. Mo; Z. Guo; Y. Li; D. Zhu; X. Zeng; X. Li; J. Liu; Y. Wu
Analysis Start Date,"Date on which the analytical session began. For sessions spanning multiple days, use the date of the first session. Format: YYYY-MM-DD.",N/A,Basic,Date,YYYY-MM-DD,Source: Core module,2026-08-25,(none),,Y,Y,Y,,N,N,N,N,N,N,N,N,N,N,N,N,December 2023,N,N/A,N,N,N,N,N,N
Analysis End Date,Date on which the analytical session ended. May equal Analysis Start Date for single-day sessions. Format: YYYY-MM-DD.,N/A,Basic,Date,YYYY-MM-DD,Source: Core module,2026-08-25,(none),,Y,Y,Y,,N,N,N,N,N,N,N,N,N,N,N,N,"December 2024 (four sessions total: Dec 2023, Jan 2024, May 2024, Dec 2024)",N,N/A,N,N,N,N,N,N
Funding Source for Analysis,"Grants and other funding sources that supported the specific sample analyses and data collection reported here. Include grant numbers and funding agencies. Distinct from procedure development funding, which may have been awarded years earlier.",N/A,Basic,Text (free),"e.g., 'NSF EAR-2345678' | 'NASA 80NSSC23K0415' | 'None'",Source: Core module,2026-08-25,(none),,Y,Y,Y,,NASA SSERVI LEADER #80NSSC20M0060; Solar Systems Working #80NSSC21K0170; FINESST #80NSSC20K1386 (L.C.),NASA NNH09ZDA007O; NNM10AA11C; PSEF 80NSSC23K0327; NSF MRI 1531243; Gordon & Betty Moore Foundation; AZ TRIF,DOE Office of Science Basic Energy Sciences DE-AC02-05CH11231,Dr. Rolf M. Schwiete Stiftung; DFG project 471212473,NASA NNH09ZDA007O; NNM10AA11C,JSPS Fellows (18J00579); JSPS Early Career Scientists (18K13610); JSPS KAKENHI (17K18807),JSPS Fellows (18J00579); JSPS Early Career Scientists (18K13610); JSPS KAKENHI (17K18807),JSPS Fellows (18J00579); JSPS Early Career Scientists (18K13610); JSPS KAKENHI (17K18807),NASA Laboratory Analysis of Returned Samples (LARS) program (grant to L.P. Keller),National Key R&D Programme China (2022YFF0503100); B-type Strategic Priority Programme CAS (XDB41000000); NSFC (42103036; 41931077; 42241104; 42203047; 42241108); Science and Technology Development Fund of Macau (0014/2022/A1); Science and Technology Planning Project of Guangzhou (2024A04J9999; 202102021184),"NASA grant NNH16ZDA001N (E. Dobrica PI); ANR Project COMETOR 18-CE31-0011; Region Ile-de-France (DIM-ACAV); PNP; CNES; IN2P3; Labex P2IO (France); US DOE Office of Science, Basic Energy Sciences (Molecular Foundry work)","NASA grant NNH16ZDA001N (E. Dobrica PI); ANR Project COMETOR 18-CE31-0011; Region Ile-de-France (DIM-ACAV); PNP; CNES; IN2P3; Labex P2IO (France); US DOE Office of Science, Basic Energy Sciences (Molecular Foundry work)",NASA Contract NNM10AA11C (New Frontiers Program / OSIRIS-REx); Dr. Rolf M. Schwiete Stiftung; DFG Grant INST 161/1021-1 (Goethe Univ instrument funding),NASA Postdoctoral Program at JSC (USRA); NASA Solar System Workings grant 80NSSC19K0960,N/A,NASA NNH09ZDA007O; NASA NNM10AA11C (New Frontiers OSIRIS-REx); NASA NPP (ORAU) for L.B. Seifert,NASA NNH09ZDA007O; NASA NNM10AA11C (New Frontiers OSIRIS-REx); NASA NPP (ORAU) for L.B. Seifert,NASA Astromaterials Next Generation Sample Analysis (ANGSA) 80HQTR19T0057; NASA Solar System Exploration Research Virtual Institute (SSERVI) 80NSSC19M0215; NRC Research Associateship Program,NASA Astromaterials Next Generation Sample Analysis (ANGSA) 80HQTR19T0057; NASA Solar System Exploration Research Virtual Institute (SSERVI) 80NSSC19M0215; NRC Research Associateship Program,Strategic Priority Research Program of CAS (XDB 41000000); National Natural Science Foundation of China (41931077); Technical Advanced Research Project of Civil Space (D020201); Youth Innovation Promotion Association CAS (2020395); Key Research Program of Frontier Sciences CAS (ZDBS-SSW-JSC007-10; QYZDY-SSW-DQC028),Strategic Priority Research Program of CAS (XDB 41000000); National Natural Science Foundation of China (41931077); Technical Advanced Research Project of Civil Space (D020201); Youth Innovation Promotion Association CAS (2020395); Key Research Program of Frontier Sciences CAS (ZDBS-SSW-JSC007-10; QYZDY-SSW-DQC028)
Coupled Technique(s),"Other analytical techniques applied to the same sample(s) whose results are intended to be interpreted together with data from this procedure. Document coupling with any technique whose results are functionally linked to this dataset — providing calibration inputs, complementary spatial context, or required companion measurements. Name the instrument, laboratory or purpose alongside each technique where known, and join multiple techniques with '; '. Enter ""None"" if no coupling is intended.",Advanced,Editable,Text (free),"e.g., 'EPMA (Brown University CAMECA SX-100)' | 'FIB-SEM (Crossbeam 540) for 3D tomography; EDS for mineral analysis' | 'NanoSIMS; STXM; Raman' | 'None' | 'N/A'",Source: Core module,2026-08-31,(none),,Y,Y,Y,,FIB-SEM; XPS; VNIR reflectance spectroscopy,FIB-SEM; SEM; EMPA; XRD; CL spectroscopy; XANES (synchrotron),FIB-SEM; XANES (synchrotron),None,FIB-SEM; SEM; XRD,SEM (JSM-7001F); SEM-EDX (Oxford Inca X-act); FIB (FEI Helios NanoLab G3 CX),SEM (JSM-7001F); SEM-EDX (Oxford Inca X-act); FIB (FEI Helios NanoLab G3 CX),SEM (JSM-7001F); SEM-EDX (Oxford Inca X-act); FIB (FEI Helios NanoLab G3 CX),N,FIB-SEM (FEI Scios dual-beam); SEM-BSE; SEM-EDS,FIB-SEM (Helios 660 dual-beam); SEM-BSE,FIB-SEM (Helios 660 dual-beam); SEM-BSE,N,Pulsed laser irradiation (space weathering simulation); VIS-NIR reflectance spectroscopy (ASD FieldSpec 3); FTIR (Bruker Vertex/Hyperion); Mössbauer spectroscopy (MIMOS-II); μL2MS (two-step laser mass spectrometry); FIB-SEM (FEI Quanta 3D at JSC),N/A,"SEM (JEOL 7600F + 7900F with Oxford EDS/EBSD/CL at JSC); EMPA (JEOL 8530 at JSC, 15 kV 20 nA 2 µm probe)","SEM (JEOL 7600F + 7900F with Oxford EDS/EBSD/CL at JSC); EMPA (JEOL 8530 at JSC, 15 kV 20 nA 2 µm probe)",FIB (FEI Helios G3 Dual Beam at NRL); HAADF-STEM + Dual EELS + EDS (Nion UltraSTEM200-X at NRL; coordinated with JEOL JEM-2200FS),FIB (FEI Helios G3 Dual Beam at NRL); BF/EFTEM/SAED/HRTEM (JEOL JEM-2200FS at NRL; coordinated with Nion UltraSTEM200-X),FIB-SEM (FEI Scios Dual-beam at IGCAS CAS); Auger electron spectroscopy (PHI 700/710 scanning Auger nanoprobe at Tsinghua University); TEM-EELS (Hitachi HF5000 at Shanghai Institute of Ceramics CAS; coordinated),FIB-SEM (FEI Scios Dual-beam at IGCAS CAS); HAADF-STEM + EDS (FEI Talos F200X at SINANO CAS; coordinated); Auger electron spectroscopy (PHI 700/710 at Tsinghua University)
Coupling Description,"Description of how this procedure is coupled with the technique(s) listed above. Include: (1) the functional relationship — what data or context flows between techniques, or how results are combined (e.g. which output from the coupled technique serves as input to data reduction for this technique); and (2) the analytical sequence — which technique is performed first and why (e.g. non-destructive before destructive). Required when Coupled Technique(s) is not ""None"".",Advanced,Editable,Text (free),"e.g., 'EPMA major element data used to identify target phases for FIB lift-out; FIB-SEM performed before TEM (destructive sequence). STXM C K-edge data acquired on adjacent grain for comparison with EELS.'",Source: Core module,2026-08-25,(none),,Y,Y,Y,,"FIB-SEM (Helios G4 UX, Purdue) prepared electron-transparent lamellae from irradiated pellets (performed before TEM, destructive prep step); XPS and VNIR spectroscopy performed in parallel on same irradiated pellets for chemical and spectral characterization","FIB-SEM (TS Helios G3, K-ALFAA) prepared TEM sections from SEM/EMPA-characterized particles; SEM/EMPA/XRD/CL provided mm–µm scale context before TEM; XANES at ALS beamline 5.3.2.2 acquired on FIB sections for Fe oxidation state","FIB-SEM (FEI Helios G4 UX, Molecular Foundry) prepared TEM sections; XANES acquired at ALS beamline 5.3.2.2 on same sections for C/Fe chemistry",N,FIB-SEM (FEI Quanta3D600) prepared TEM sections from particles characterized by SEM; XRD provided bulk mineralogy context,"SEM (JSM-7001F, Kyushu Univ, 2.0 kV secondary electron imaging) surveyed grain surfaces and selected iron sulfide targets; SEM-EDX (Oxford Inca X-act) identified mineral phases on grain surface; FIB (FEI Helios NanoLab G3 CX, Kyoto Univ) prepared electron-transparent foil (e-beam Pt 5 kV + Ga+ Pt 30 kV; thinned to ~100 nm; cleaned at 5 kV Ga+); additional Ar ion milling (Fischione NanoMill, ultra-low energy, Kyushu Univ) performed after FIB","SEM (JSM-7001F, Kyushu Univ, 2.0 kV secondary electron imaging) surveyed grain surfaces and selected iron sulfide targets; SEM-EDX (Oxford Inca X-act) identified mineral phases on grain surface; FIB (FEI Helios NanoLab G3 CX, Kyoto Univ) prepared electron-transparent foil (e-beam Pt 5 kV + Ga+ Pt 30 kV; thinned to ~100 nm; cleaned at 5 kV Ga+); additional Ar ion milling (Fischione NanoMill, ultra-low energy, Kyushu Univ) performed after FIB","SEM (JSM-7001F, Kyushu Univ, 2.0 kV secondary electron imaging) surveyed grain surfaces and selected iron sulfide targets; SEM-EDX (Oxford Inca X-act) identified mineral phases on grain surface; FIB (FEI Helios NanoLab G3 CX, Kyoto Univ) prepared electron-transparent foil (e-beam Pt 5 kV + Ga+ Pt 30 kV; thinned to ~100 nm; cleaned at 5 kV Ga+); additional Ar ion milling (Fischione NanoMill, ultra-low energy, Kyushu Univ) performed after FIB",N/A,"FEI Scios dual-beam FIB/SEM (Institute of Geochemistry, CAS, Guiyang): BSE and SE imaging at 5 kV/0.8 nA (7 mm WD); EDS mapping at 20 kV/1.6 nA; FIB foil preparation at 30 kV/0.4 nA; STEM imaging of FIB slice at 30 kV/0.4 nA using the same FIB/SEM instrument (all performed prior to TEM on Talos F200S)","Helios 660 dual-beam FIB-SEM (AEMC, UH Manoa): BSE imaging of polished, C-coated section for mineral identification; FIB preparation of 4 electron-transparent sections (Pt deposition: e-beam first, then ion beam; sections transferred to Cu TEM half-grids with micromanipulator; final thinning at 2 kV, 72 pA with section on TEM grid)","Helios 660 dual-beam FIB-SEM (AEMC, UH Manoa): BSE imaging of polished, C-coated section for mineral identification; FIB preparation of 4 electron-transparent sections (Pt deposition: e-beam first, then ion beam; sections transferred to Cu TEM half-grids with micromanipulator; final thinning at 2 kV, 72 pA with section on TEM grid)",N/A,"Multi-technique coordinated study; TEM/STEM used for microstructural and chemical characterization of FIB-extracted sections from laser-irradiated Murchison chips; STEM results correlated with reflectance, FTIR, and organic chemistry data",N/A,Coordinated SEM-EMPA-TEM study of Bennu apatite; TEM provides nanoscale crystallographic and chemical characterization of FIB section from apatite cluster; SAED confirms single-crystal vs. polycrystalline nature,Coordinated SEM-EMPA-TEM study of Bennu apatite; TEM provides nanoscale crystallographic and chemical characterization of FIB section from apatite cluster; SAED confirms single-crystal vs. polycrystalline nature,Petrographic and crystallographic characterization of exsolved lunar pyroxene (Apollo 17 soil); phase ID by SAED + simulation; Ca distribution by EFTEM; HRTEM lattice imaging; coordinated with EELS on Nion UltraSTEM200-X,Fe oxidation state mapping and Fe³⁺/ΣFe quantification in exsolved lunar pyroxene (Apollo 17 soil) using STEM-EELS; MLLS and integral white-line ratio methods; coordinated HAADF-STEM + EDS for compositional mapping,Nanoscale characterization of Fe-bearing phases in Chang'E-5 lunar soil; HAADF-STEM + EDS for phase morphology and composition mapping; coordinated with Auger (surface Fe valence) and EELS (bulk Fe valence),"In situ Fe valence state analysis in Chang'E-5 lunar soil by TEM-EELS; Fe L3,2 edge peak position and lineshape comparison to reference standards (Fe⁰, Fe²⁺, Fe³⁺); point analysis and line scan"
Coupled Procedure DOI,"Registered procedure DOI for the coupled technique named above. If the coupled procedure has not yet been registered, enter the DOI of a publication describing the coupled method, or ""pending"". Enter ""None"" if no coupling is planned.",N/A,Advanced,URI / DOI,"e.g., 'https://doi.org/10.xxxxx/coupled-procedure' | 'pending' | 'None'",Source: Core module,2026-08-25,(none),"Provides a stable, citable link to the companion method independent of whether a dataset has been deposited.",Y,Y,Y,,N/A,N/A,N/A,N/A,N/A,N/A,N/A,N/A,N/A,N/A,N/A,N/A,N/A,N/A,N/A,N/A,N/A,N/A,N/A,N/A,N/A
Coupled Dataset or Publication Reference,"DOI or other persistent identifier for the co-registered dataset or publication where both datasets are reported together. Accepts: a dedicated dataset DOI (if separately deposited), a shared dataset DOI (if co-submitted in the same package), or a publication DOI. Use ""same submission"" if the coupled dataset is included in this data package, or ""pending"" if not yet assigned. If coupling is documented through a shared sample identifier only, that information is already captured in Sample Persistent Identifier (Group 2).",N/A,Advanced,URI / DOI / Text,"e.g., 'https://doi.org/10.xxxxx/dataset' | 'same submission' | 'pending' | 'None'",Source: Core module,2026-08-25,(none),,Y,Y,Y,,N,Astromat (astromat.org); DOIs in Supplementary Table 1,Astromat (astromat.org); DOIs in Supplementary Table 1,Astromat (astromat.org); DOIs in Supplementary Table 1,Astromat (astromat.org); DOIs in Supplementary Table 1,N,N,N,N,Unprocessed SEM and TEM data for Figs. 1–3 available at https://doi.org/10.6084/m9.figshare.25244650,N,N,TEM data products at AstroMat (DOIs in Table A4 supplementary); full EDS and electron diffraction data in Tables A1–A2 supplementary; data also at Figshare: https://doi.org/10.6084/m9.figshare.29383433.v1,N/A,N/A,N/A,N/A,N/A,Zenodo repository: 10.5281/zenodo.7439174,N/A,N/A
,,,,,,,,,,,,,,,,,,,,,,,,,,,N,N,N,N,N,N,N,N
2. Samples,,,,,,,,,,N,N,N,N,N,N,N,N,N,N,N,N,N,N,N,N,N,N,N,N,N,N,N,N,N
Target Material,General description of the material type(s) this procedure is designed to analyse.,Basic,Read-Only,Controlled list / Text,Silicate mineral | Silicate glass | Oxide | Sulfide | Carbonate | Phosphate | Metal or alloy | Organic matter | Amorphous phase | Nanoparticle | N/A | None,Source: Core module,2026-08-31,(none),"Used for discoverability and procedure matching, and because the material type constrains sample preparation, calibration and matrix-matching requirements.",Y,Y,Y,,"Oxide (synthetic magnetite Fe3O4, 99.9% purity, Sigma Aldrich; dry-sieved <45 µm; pressed into pellets at 1500 psi)",Silicate mineral (sheet silicates: serpentine/saponite); Sulfide (pyrrhotite/pentlandite); Oxide (magnetite); Carbonate; Organic matter/IOM (C nanoglobules) — OSIRIS-REx Bennu returned samples,Silicate mineral (sheet silicates: serpentine/saponite); Sulfide (pyrrhotite/pentlandite); Oxide (magnetite); Carbonate; Organic matter/IOM (C nanoglobules) — OSIRIS-REx Bennu returned samples,Silicate mineral (sheet silicates: serpentine/saponite); Sulfide (pyrrhotite/pentlandite); Oxide (magnetite); Carbonate; Organic matter/IOM (C nanoglobules) — OSIRIS-REx Bennu returned samples,Silicate mineral (sheet silicates: serpentine/saponite); Sulfide (pyrrhotite/pentlandite); Oxide (magnetite); Carbonate; Organic matter/IOM (C nanoglobules) — OSIRIS-REx Bennu returned samples,"Lunar soil grains (iron sulfides: troilite, NC-pyrrhotite; pyroxene; Apollo 11 soil 10084; Apollo 17 soil 78481,49)","Lunar soil grains (iron sulfides: troilite, NC-pyrrhotite; pyroxene; Apollo 11 soil 10084; Apollo 17 soil 78481,49)","Lunar soil grains (iron sulfides: troilite, NC-pyrrhotite; pyroxene; Apollo 11 soil 10084; Apollo 17 soil 78481,49)","Itokawa olivine regolith grains (RA-QD02-0125, ~37 µm olivine single crystal; RA-QD02-0211, ~41 µm olivine single crystal); comparison: Apollo 17 lunar soil 71501 olivine grains (20–45 µm fraction)","Chang'e-5 lunar glass bead (basaltic impact glass, ~350×400 µm; CE5C0600YJFM00304; micrometeorite impact crater rim)","Antarctic micrometeorite 03-36-46 (hydrated fine-grained AMM, H-FgMM, 84×114 µm; carbonates, phyllosilicates, magnetite, sulfides, phosphates; Concordia snow collection 2002 campaign)","Antarctic micrometeorite 03-36-46 (hydrated fine-grained AMM, H-FgMM, 84×114 µm; carbonates, phyllosilicates, magnetite, sulfides, phosphates; Concordia snow collection 2002 campaign)","Bennu particle OREX-800045-102 (OSIRIS-REx sample): Na,Ca carbonates (gaylussite/pirssonite), phyllosilicates, sulfides","CM2 carbonaceous chondrite (Murchison); laboratory-simulated progressively space-weathered chips (1×, 2×, 5× pulsed-laser irradiation passes)",N/A,Bennu carbonaceous asteroid sample (OSIRIS-REx return); apatite grains in phyllosilicate-rich matrix,Bennu carbonaceous asteroid sample (OSIRIS-REx return); apatite grains in phyllosilicate-rich matrix,"Apollo 17 soil 71501 (<45 µm fraction); pyroxene grains ""1pyx"" (unexsolved augite) and ""2pyx"" (exsolved pigeonite-augite intergrowth); one FIB section analyzed on two instruments","Apollo 17 soil 71501 (<45 µm fraction); pyroxene grains ""1pyx"" (unexsolved augite) and ""2pyx"" (exsolved pigeonite-augite intergrowth); one FIB section analyzed on two instruments",Chang'E-5 lunar soil grain CE5C0400YJFM00505 (two grains selected); <50 µm; dispersed on Al double-sided tape in Ar-filled glovebox; coated with gold layer to prevent charging,Chang'E-5 lunar soil grain CE5C0400YJFM00505 (two grains selected); <50 µm; dispersed on Al double-sided tape in Ar-filled glovebox; coated with gold layer to prevent charging
Sample Preparation Method,"The form in which the sample is presented to the instrument, and the preparation that brought it to that form — for example mounting, sectioning, polishing, coating, crushing, fusion, or extraction of an electron-transparent section. Record 'None' where the material is analysed as received.",Basic,Editable,Controlled list / Text,FIB lift-out (Ga ion) | FIB lift-out (Xe plasma) | FIB lift-out (Ga) + ion mill | Ultramicrotomy | Crushing / dispersion on grid | Ion milling (non-FIB) | Electropolishing | Unknown | N/A | None,Source: Core module,2026-08-27,(none),,Y,Y,Y,,FIB lift-out (Ga ion),FIB lift-out (Ga ion),FIB lift-out (Ga ion),Crushing / dispersion on grid,FIB lift-out (Ga ion),FIB lift-out (Ga+),FIB lift-out (Ga+),FIB lift-out (Ga+),Ultramicrotomy,FIB lift-out (Ga+),FIB lift-out (Ga+),FIB lift-out (Ga+),Crushing / dispersion on grid,FIB lift-out (Ga+),Review covers: FIB (described as most important method in NEPS); ultramicrotomy; Ar ion milling; powder dispersion on carbon-film grid,FIB lift-out (Ga+),FIB lift-out (Ga+),FIB lift-out (Ga+),FIB lift-out (Ga+),FIB lift-out (Ga+),FIB lift-out (Ga+)
Sample Preparation Details,"Detailed description of section preparation conditions: FIB milling voltages and currents; final thinning conditions and target foil thickness; protective coating type and deposition method (e.g., e-beam vs. ion-beam Pt or C strip — e-beam deposition causes less surface damage); any post-FIB surface cleanup (e.g., low-energy Ar+ ion polishing in a Fischione NanoMill, final 0.5–2 kV Ga+ thinning); sample transfer and storage environment (ambient air, dry N₂ atmosphere, vacuum transfer holder, glovebox); plasma cleaning before loading. Includes session-specific observations and deviations from the procedure standard. Includes preparation artifacts noted (Ga implantation, amorphization, curtaining).",Advanced,Editable,Text (free),"e.g., 'FIB lift-out (FEI Helios G4, 30 kV Ga milling); Pt strap deposited; final thinning 5 kV to ~80 nm. Stored in N2 glove box.' | 'Ultramicrotomy (Leica UC7): sections 50–70 nm on lacey-carbon Cu grid; water bath used.' | 'Gentle plasma cleaning (Fischione 1020) immediately before TEM insertion.'",,2026-08-27,(none),,Y,Y,Y,,"~0.1 µm C coating deposited with e-beam (5 kV, 0.8 nA); ~4 µm W coating deposited with ion beam (30 kV, 0.26 nA); thinning: CCS mode 30 kV / 0.75 nA → 0.26 nA → 90 nA; final thinning: CCS mode 16 kV / 0.47 nA; target foil thickness not stated","ThermoScientific Helios G3 FIB-SEM (K-ALFAA); 12-µm × 4-µm C capping layer; lamellae thinned to electron transparency at 30 keV, 2.5 to 0.8 nA; standard stair-step method","FEI Helios G4 UX (Molecular Foundry, LBNL); Ga+ coarse milling 16–30 keV; polishing down to 1 keV; thickness <100 to 600 nm (thicker for Fe-L XANES and tomography; thinner for C-K and TEM)",Grain crushed; ethanol added to powder; copper mesh grid with lacey carbon support touched to suspension until all material picked up,FEI Quanta3D600 dual-beam FIB-SEM; e-beam C cap 0.5–1 µm + ion-beam C cap 2–3 µm; milling 30 kV Ga+ → 16 kV → 5 kV final; ~100 nm thick; ion-beam Pt weld to Cu half grids,"FEI Helios NanoLab G3 CX (Kyoto Univ): e-beam Pt coating at 5 kV; Ga+ Pt coating at 30 kV; section thinned to ~100 nm at 30 kV Ga+; cleaned at 5 kV Ga+; additional Ar ion milling (Fischione NanoMill, ultra-low energy, Kyushu Univ)","FEI Helios NanoLab G3 CX (Kyoto Univ): e-beam Pt coating at 5 kV; Ga+ Pt coating at 30 kV; section thinned to ~100 nm at 30 kV Ga+; cleaned at 5 kV Ga+; additional Ar ion milling (Fischione NanoMill, ultra-low energy, Kyushu Univ)","FEI Helios NanoLab G3 CX (Kyoto Univ): e-beam Pt coating at 5 kV; Ga+ Pt coating at 30 kV; section thinned to ~100 nm at 30 kV Ga+; cleaned at 5 kV Ga+; additional Ar ion milling (Fischione NanoMill, ultra-low energy, Kyushu Univ)",Particles embedded in low-viscosity epoxy; thin sections ~60 nm thick prepared by ultramicrotomy,"FEI Scios dual-beam FIB/SEM (Institute of Geochemistry, CAS): glass bead coated with gold prior to FIB; FIB slice ~15 µm length × ~10 µm width × 90–100 nm thick; 30 kV, 0.4 nA beam current","Helios 660 dual-beam FIB-SEM (AEMC, UH Manoa): particle polished and C-coated; Pt deposited by e-beam deposition then by ion beam deposition; sections (~2 µm thick) transferred to Cu TEM half-grids; final thinning at 2 kV, 72 pA with section on TEM grid; 4 FIB sections: UH-001 (carbonate region A), UH-002 (carbonate region B), UH-003 (Ca-phosphates), UH-006 (magnetite)","Helios 660 dual-beam FIB-SEM (AEMC, UH Manoa): particle polished and C-coated; Pt deposited by e-beam deposition then by ion beam deposition; sections (~2 µm thick) transferred to Cu TEM half-grids; final thinning at 2 kV, 72 pA with section on TEM grid; 4 FIB sections: UH-001 (carbonate region A), UH-002 (carbonate region B), UH-003 (Ca-phosphates), UH-006 (magnetite)",Particle crushed between two glass slides; ethanol dropped onto powder; TEM copper mesh grid with lacey carbon support touched to suspension; allowed to dry; gentle plasma cleaning performed before inserting into microscope,"FEI Quanta 3D FIB-SEM at JSC; four electron-transparent sections (<100 nm thick): (1) 1× matrix, (2) 5× matrix, (3) 5× sulfide grain, (4) 5× olivine grain",N/A,"FEI Quanta 3D FEG FIB-SEM at JSC; stair-step milling; in situ extraction; thinned to electron transparency (≤100 nm); techniques following Holzapfel et al. 2009, Seifert et al. 2022, Zega et al. 2007","FEI Quanta 3D FEG FIB-SEM at JSC; stair-step milling; in situ extraction; thinned to electron transparency (≤100 nm); techniques following Holzapfel et al. 2009, Seifert et al. 2022, Zega et al. 2007","FEI Helios G3 Dual Beam FIB-SEM at NRL; ~80 nm amorphous C coating applied to grain before FIB; 1–2 µm e-beam amorphous C protection strip; initial in situ thinning to ~1–2 µm, then Pt-welded to Cu TEM half-grid; thinned to ~80–100 nm; stored under N₂; baked 140°C for 8 h under vacuum before TEM","FEI Helios G3 Dual Beam FIB-SEM at NRL; ~80 nm amorphous C coating applied to grain before FIB; 1–2 µm e-beam amorphous C protection strip; initial in situ thinning to ~1–2 µm, then Pt-welded to Cu TEM half-grid; thinned to ~80–100 nm; stored under N₂; baked 140°C for 8 h under vacuum before TEM","FEI Scios Dual-beam FIB-SEM at Institute of Geochemistry, CAS (IGCAS), Guiyang; Wirth method (Wirth, 2009 Chem. Geol.); ultrathin foils <100 nm; characterized in sequence: FE-STEM → Auger nanoprobe → TEM-EELS; FIB foils cleaned with 1 keV Ar+ beam (PHI 710) before Auger and EELS analysis","FEI Scios Dual-beam FIB-SEM at Institute of Geochemistry, CAS (IGCAS), Guiyang; Wirth method (Wirth, 2009 Chem. Geol.); ultrathin foils <100 nm; characterized in sequence: FE-STEM → Auger nanoprobe → TEM-EELS; FIB foils cleaned with 1 keV Ar+ beam (PHI 710) before Auger and EELS analysis"
Sample Name,"Name or identifier of each sample analysed in this session, as used in the laboratory — a sample mount, section or aliquot counts as one entry where that is what the laboratory tracks. Should match the identifier used in associated publications or data tables.",N/A,Basic,Text (free),"e.g., 'Ryugu A0104-00600303 FIB foil 1' | 'Ivuna MZ2-TEM3' | 'Bennu OREX-803079-0 section A'",Source: Core module,2026-08-25,defines: sample,The analysis record corresponds to one session and may cover several samples.,Y,Y,Y,,N,N,N,N,N,"Apollo 11 soil 10084 (grain 11_5A); FIB section 11_5A_1; Apollo 17 soil 78481,49","Apollo 11 soil 10084 (grain 11_5A); FIB section 11_5A_1; Apollo 17 soil 78481,49","Apollo 11 soil 10084 (grain 11_5A); FIB section 11_5A_1; Apollo 17 soil 78481,49",RA-QD02-0125; RA-QD02-0211 (JAXA Hayabusa allocation); Apollo 17 soil 71501 (NASA JSC allocation),CE5C0600YJFM00304 (Chang'e-5 glass bead; CNSA allocation),"Antarctic micrometeorite 03-36-46; FIB sections UH-001, UH-002, UH-003, UH-006","Antarctic micrometeorite 03-36-46; FIB sections UH-001, UH-002, UH-003, UH-006","OREX-800045-102 (Bennu particle; OSIRIS-REx); Na,Ca carbonate grains 4, 11, 22, 27","Murchison CM2 (1×, 5× laser-irradiated); chips dry-cut with low-speed wafer-blade saw (2 cm × 3 cm, unpolished)",N/A,OREX-803173-100 (FIB section from particle OREX-803173-0; contains Ap. #1 and Ap. #2),OREX-803173-100 (FIB section from particle OREX-803173-0; contains Ap. #1 and Ap. #2),1pyx (unexsolved augite) and 2pyx (exsolved pigeonite-augite) — Apollo 17 soil 71501 (<45 µm fraction),1pyx (unexsolved augite) and 2pyx (exsolved pigeonite-augite) — Apollo 17 soil 71501 (<45 µm fraction),"CE5C0400YJFM00505 (Chang'E-5 lunar soil allocation, China National Space Administration)","CE5C0400YJFM00505 (Chang'E-5 lunar soil allocation, China National Space Administration)"
Sampling Unit,"The physical subdivision of the sample to which one row of reported values corresponds — the unit that is analysed and reported, as distinct from the sample as a whole. Where units nest (e.g. confined tracks within grains), state both levels.",Basic,Basic,Controlled list / Text,Whole sample | Aliquot | Grain | Spot | Analysis point | Phase | Sub-volume | Region of interest | N/A | None,Source: Core module,2026-08-30,defines: sampling unit,,Y,Y,Y,,,,,,,,,,,,,,,,,,,,,,
Sample Persistent Identifier,"Globally unique, persistent identifier for each sample listed in Sample Name. IGSN (International Geo Sample Number) is the recommended standard for geological and cosmochemical samples, as used by Astromat, EarthChem and SESAR. Where a sample and its sub-samples are separately registered, record the identifier at the level actually analysed.",Advanced,Advanced,URI / IGSN,"e.g., 'IGSN:AU1234567'",Source: Core module,2026-08-25,sample,,Y,Y,Y,,N/A,N/A,N/A,N/A,N/A,N,N,N,N,CE5C0600YJFM00304 (China National Space Administration allocation number),N,N,OREX-800045-102 (NASA OSIRIS-REx curation number),N,N/A,OREX-803173-100 (OSIRIS-REx curation number),OREX-803173-100 (OSIRIS-REx curation number),N,N,CE5C0400YJFM00505 (CAS allocation number),CE5C0400YJFM00505 (CAS allocation number)
Target Selection Criteria,"The rules governing which part of the sample is analysed, and why. Covers the criteria applied when choosing grains, aliquots, spots, or a region of interest — size, morphology, clarity, freedom from inclusions or alteration, phase identity, or spatial position. Distinct from Target Material, which states the material type the procedure is designed for: this field states how, within such a sample, the analysed portion is picked out.",Basic,Editable,Text (free),,Source: Target Selection module,2026-08-25,(none),,Y,Y,Y,,,,,,,,,,,,,,,,,,,,,,
Pre-Analysis Imaging and Screening,"Imaging or other characterisation performed before the measurement in order to select or locate the analysed target, including the technique, instrument and settings used, and how individual analyses are linked back to the images. Distinct from any imaging the procedure performs as its own measurement. Where the imaging is performed on a separate instrument, it should also be recorded in the Group 1 coupling fields.",Advanced,Editable,Text (free),,Source: Target Selection module,2026-08-25,sample,,Y,Y,Y,,,,,,,,,,,,,,,,,,,,,,
,,,,,,,,,,,,,,,,,,,,,,,,,,,N,N,N,N,N,N,N,N
3. Instrument & Software,,,,,,,,,,N,N,N,N,N,N,N,N,N,N,N,N,N,N,N,N,N,N,N,N,N,N,N,N,N
Instrument Manufacturer,"Manufacturer of the instrument that performs the measurement, recorded as a controlled value. Where a procedure couples a sample-introduction system to an analysing instrument, this records the analysing instrument. Instrument Model gives the specific designation.",Basic,Read-Only,Controlled list,JEOL | ThermoFisher Scientific (FEI) | Hitachi | Nion | Zeiss | Unknown | N/A | None,Source: Core module,2026-08-30,(none),Recording it as a controlled value lets procedures be found by vendor.,Y,Y,Y,,ThermoFisher Scientific (FEI),Hitachi,ThermoFisher Scientific (FEI),ThermoFisher Scientific,JEOL,ThermoFisher Scientific (FEI),JEOL,JEOL,JEOL,ThermoFisher Scientific (FEI),ThermoFisher Scientific (FEI),ThermoFisher Scientific (FEI),Thermo Scientific (TS),JEOL,N/A,JEOL,Hitachi,JEOL,Nion,FEI/Thermo Fisher Scientific,Hitachi
Instrument Model,"Model designation of the instrument that performs the measurement, including any generation or configuration suffix. Conventionally written with the manufacturer name included; Instrument Manufacturer records the vendor separately, as a controlled value, so that procedures remain findable by vendor.",Basic,Read-Only,Text (free),"e.g., 'JEM-ARM200F' | 'FEI Titan G2 80-300 (dual Cs-corrected)' | 'Titan Themis 300 S/TEM' | 'Hitachi HF5000' | 'Nion UltraSTEM 200-X' | 'Talos F200X G2'",Source: Core module,2026-08-25,(none),,Y,Y,Y,,FEI Talos 200 kV,Hitachi HF5000 (200 keV),FEI TitanX,ThermoScientific Talos F200-X G2 S/TEM,JEOL 2500SE (200 kV),FEI Tecnai G2 FEG,JEOL JEM-3200FSK,JEOL JEM-ARM200F,JEOL 2500SE 200-kV STEM,FEI Talos F200S,FEI Titan G2 analytical (S)TEM,"FEI TitanX 80–300 kV (""ChemiSTEM"")",Thermo Scientific Talos F200X G2 S/TEM,JEOL 2500SE,N/A,JEOL 2500SE,Hitachi HF5000,JEOL JEM-2200FS,Nion UltraSTEM200-X,FEI Talos F200X,Hitachi HF5000
Electron Source,Type of electron gun used in the instrument.,Basic,Read-Only,Controlled list,Cold-FEG | Schottky FEG (X-FEG) | Schottky FEG (standard) | Field emission gun (FEG) — subtype not specified | LaB6 / CeB6 | Tungsten (W) | Unknown | N/A | None,,2026-08-30,(none),,Y,Y,Y,,N,Cold-FEG,N,N,N,N,N,N,N,N,N,N,N,Schottky field emission gun (FEG),N/A,Schottky field emission gun (FEG),Cold-field emission gun (cold-FEG),N,Cold-field emission gun (cold-FEG),Field-emission gun (FEG),N
Aberration Corrector,Type of aberration corrector installed and active.,Basic,Read-Only,Controlled list,None | Probe Cs-corrected (STEM) | Image Cs-corrected (TEM) | Both probe and image corrected | Cs-corrected (type unknown) | Unknown | N/A | None,,2026-08-30,(none),Probe Cs-correction enables sub-Å STEM resolution and improved analytical signal; image Cs-correction reduces delocalization artifacts in HRTEM.,Y,Y,Y,,N,Probe Cs-corrected (STEM),N,N,N,N,N,N,N,N,N,N,N,N,N/A,N,Third-order spherical aberration (Cs) corrector for STEM mode (probe corrector),N,Aberration corrector (dedicated aberration-corrected STEM; 0.1 nm probe diameter),N,N
Monochromator,Whether a monochromator is installed and was active during this procedure. Record 'N/A' where EELS is not listed in Spectroscopic Detector(s) and EFTEM is not listed in Analytical Sub-mode.,Advanced,Read-Only,Controlled list,Yes — active | Yes — not used | No | Unknown | N/A | None,,2026-08-30,(none),Relevant for EELS energy resolution and EFTEM performance.,Y,Y,N,,N,N,N,N,N,N,N,N,N,N,N,N,N,N/A,N/A,N/A,N/A,N/A,N/A,N/A,N/A
Sample Holder,Type of specimen holder used.,Advanced,Editable,Controlled list / Text,Standard (room temperature) | Cryo — liquid N2 (~110 K) | Cryo — liquid He | Heating | Tomography | Unknown | N/A | None,,2026-08-30,(none),Cryo holders (liquid N2 to ~110 K) are critical for minimizing beam-induced damage to organic matter and beam-sensitive phases. Heating holders enable in-situ experiments.,Y,Y,Y,,N,N,N,N,N,N,N,N,N,N,N,N,N,N,N/A,N,N,N,N,N,N
Spectroscopic Detector(s),Spectroscopic detectors present and used under this procedure. EDS and EELS parameter fields in Group 4 apply only when the corresponding detector is listed here.,Basic,Editable,Controlled list,EDS only | EELS only | EDS and EELS | EELS and EFTEM | EDS and EELS and EFTEM | None | N/A,,2026-08-30,(none),,Y,Y,N,,EDS only,EDS and EELS,EDS only,EDS only,EDS and EELS,N/A,EDS only,EDS only,EDS only,EDS only,EDS only,EDS only,EDS only,EDS (thin-window Thermo EDX),N/A,EDS (JEOL 60 mm² SDD),"EDS (Oxford X-Max N 100 TLE, dual 100 mm² windowless SDDs)",N/A,"EELS (Gatan Enfinium ER Dual EELS); EDS (Bruker X-Flash windowless SDD, 0.7 sr solid angle)",EDS detector (model not specified),EELS (Gatan GIF Quantum ER System Model 965)
EDS Detector Configuration,"EDS detector type, manufacturer, number of detector elements, active area and solid angle, window type, and geometry (take-off angle, position). List multiple detectors separately. Record 'N/A' where the procedure has no EDS detector.",Basic,Read-Only,Text (free),"e.g., 'ThermoFisher Super-X 4-quadrant windowless SDD, ~0.7 sr (ChemiSTEM)' | 'Oxford X-Max N100 TLE dual windowless SDD, 2.0 sr' | 'Bruker XFlash 100, single windowless SDD, 0.7 sr' | N/A",,2026-08-27,(none),,Y,Y,N,,Super-X EDS system; four silicon drift detectors (SDD),Oxford Instruments X-Max N100 TLE EDS; dual 100 mm² windowless SDDs; Ω = 2.0 sr,Bruker quad SDD; Ω = 0.6 sr,Four windowless ThermoScientific EDS silicon drift detectors,JEOL 70 mm² SDD,N/A,JEOL JED-2300 EDX detector,JEOL JED-2300T EDX detector,Thermo-Noran thin-window energy-dispersive X-ray (EDX) spectrometer,Bruker xflash 6T 30 silicon drift detector,N,Four windowless silicon drift detectors (SDD); 0.7 sr solid angle,Super-X G2 EDS system: four windowless silicon drift detectors; collection solid angle up to 0.9 srad,Thin-window Thermo energy-dispersive X-ray spectrometer; 50 mm² detector; configured for large solid-angle X-ray collection,N/A,JEOL 60 mm² silicon-drift detector (SDD) for EDS,Oxford Instruments X-Max N 100 TLE EDS system; dual 100 mm² windowless silicon-drift detectors,N/A,Bruker X-Flash windowless silicon-drift detector (SDD); 0.7 sr solid angle,N,N/A
EELS Spectrometer,"EELS spectrometer manufacturer, model, and key capabilities including post-column GIF model and energy resolution. Record 'N/A' where EELS is not listed in Spectroscopic Detector(s).",Advanced,Read-Only,Text (free),"e.g., 'Gatan Quantum GIF ERS 966, post-column, energy resolution 0.3 eV (monochromated)' | 'Gatan Tridium 866 s GIF, monochromated, ~0.3 eV resolution' | 'Gatan GIF Quantum 966, energy resolution ~1.0 eV (non-monochromated)' | N/A",,2026-08-11,(none),,Y,Y,N,,N/A,Gatan Quantum EELS (post-column),N/A,N/A,Gatan Tridiem GIF,N/A,N/A,N/A,N/A,N/A,N/A,N/A,N/A,N/A,N/A,N/A,N/A,JEOL in-column Omega energy filter (EFTEM mode; 10-eV slit; used for Ca M-edge mapping at 35 eV energy loss),Gatan Enfinium ER Dual EELS spectrometer (simultaneous low-loss and core-loss),N/A,Gatan GIF Quantum ER System Model 965 parallel EELS spectrometer
Imaging and Diffraction Detectors,List of detectors available and used under this procedure for STEM imaging and TEM/SAED/CBED diffraction recording. Include HAADF/ABF/BF detector geometries and TEM/diffraction camera model.,Advanced,Read-Only,Text (free),"e.g., 'HAADF: Fischione Model 3000 (~50–200 mrad); ABF: ~8–18 mrad; BF: on-axis. TEM/diffraction camera: Gatan OneView 4k CMOS. SAED camera: Gatan Ultrascan 1000 CCD.'",,2026-08-11,(none),,Y,Y,Y,,N,"BF, DF, SE STEM detectors; Gatan OneView 4096×4096 CMOS camera",N,ThermoScientific Ceta-S 4096×4096 16 M camera (TEM images and SAED patterns),"BF, DF, SE STEM detectors; Gatan OneView 4096×4096 CMOS camera (HRTEM and electron diffraction)",N,N,N,N,N,N,N,TS Ceta-S 4k × 4k 16M camera (TEM images and SAED),BF detector; DF (ADF) detector,N/A,BF STEM detector; DF STEM detector; SE STEM detector,BF STEM detector; DF STEM detector; SE STEM detector; Gatan OneView 4k×4k pixel CMOS camera (TEM imaging and SAED),"BF TEM detector; Gatan OneView CMOS camera (TEM imaging, SAED, HRTEM)",HAADF-STEM detector (DigiScan),HAADF-STEM detector; DF TEM detector,HAADF-STEM detector
4D-STEM Detector,"Direct electron detector used for 4D-STEM data acquisition, recording a full diffraction pattern at each probe position. If a GIF is used as the mounting platform (enabling energy-filtered 4D-STEM), specify this. Record 'N/A' where 4D-STEM is not listed in Analytical Sub-mode.",Advanced,Read-Only,Text (free),"e.g., 'Medipix3 Merlin hybrid-pixel direct electron detector (256×256 px, 1 kHz frame rate, mounted on GIF Quantum ERS enabling energy-filtered 4D-STEM)' | 'Gatan K3 camera in counting mode' | 'EMPAD' | 'N/A'",,2026-08-11,(none),,N,N,Y,,N/A,N/A,N/A,N/A,N/A,N/A,N/A,N/A,N/A,N/A,N/A,N/A,N/A,N/A,N/A,N/A,N/A,N/A,N/A,N/A,N/A
Acquisition Software,"Instrument control, automation and data acquisition software used to collect the raw data, including version number. Distinct from Data Processing Software(s), which covers everything applied to the data after acquisition.",Basic,Editable,Text (free),"e.g., 'Gatan DigitalMicrograph 3.53' | 'ThermoFisher Velox 3.14' | 'JEOL Analysis Station' | 'Nion Swift'",Source: Core module,2026-08-25,(none),,Y,Y,Y,,N,N,N,ThermoScientific Velox,Thermo System7,N,N,N,N,Velox Revision 2.14 (Thermo Fisher Scientific),N,N,TS Velox,N,N/A,N,Gatan DIFPack (SAED pattern measurement); SingleCrystal (simulated diffraction patterns),N,N,N,N
SAED Pattern Simulation Software,"Software used to simulate electron diffraction patterns for comparison with experimental SAED patterns during phase identification (e.g., SingleCrystal, CrystalMaker, JEMS, DIFPACK). Complements the Acquisition Software field, which covers data collection; simulation software is used at the interpretation and data processing step.",Advanced,Editable,Text (free),"SingleCrystal (CrystalMaker Software, Ltd., v4.3); JEMS; CrystalMaker; EMC; None",,2026-08-11,(none),,N,N,Y,,N,N,N,N,N,N,N,N,N,N/A,N,N,N,N/A,N/A,N/A,SingleCrystal (CrystalMaker Software),"SingleCrystal (CrystalMaker Software, Ltd., Oxford, UK)",N/A,N,N/A
Data Processing Software(s),"All software applied to the data after acquisition in order to produce the reported quantities, including version numbers. List every package used. Distinct from Acquisition Software, which controls the instrument and collects the raw data.",Basic,Editable,Text (free),"e.g., 'Gatan DigitalMicrograph 3.53 (EELS processing, FFT, d-spacing measurement from SAED); py4DSTEM v0.14 (4D-STEM Bragg mapping, ACOM); Bruker Esprit 1.9 (EDS quantification, Cliff-Lorimer); WinHREM 3.0 (diffraction simulation and indexing)'",Source: Core module,2026-08-25,(none),,Y,Y,Y,,N,CRISP (SAED analysis); Adobe Photoshop (d-spacing measurement from calibrated camera constants),Python (sequential map combination),ThermoScientific Velox,Thermo System7 (EDS quantification),N,N,N,N,Velox Revision 2.14 (Thermo Fisher Scientific),N,Bruker Esprit 1.9,TS Velox,N,N/A,N,N,N,N,N,N
,,,,,,,,,,,,,,,,,,,,,,,,,,,N,N,N,N,N,N,N,N
4. Measurement Information,,,,,,,,,,N,N,N,N,N,N,N,N,N,N,N,N,N,N,N,N,N,N,N,N,N,N,N,N,N
Analytical Mode,Primary analytical mode(s) executed under this procedure. Records one value for a single-mode procedure and all applicable modes for a multi-mode one. Applies even where a procedure defines no mode flag columns.,Basic,Read-Only,Controlled list,'TEM Imaging' | 'STEM Imaging' | 'Electron Diffraction' | 'STEM Imaging; Electron Diffraction',Source: Core module,2026-08-25,(none),"Serves as the procedure-level declaration of measurement type, distinct from the mode flag columns, which state per-field applicability. Ensures every procedure record is self-describing and comparable across the library.",Y,Y,Y,,,,,,,,,,,,,,,,,,,,,,
Accelerating Voltage,Electron beam accelerating voltage in kilovolts (kV). Justify any deviation from the standard operating voltage.,Basic,Editable,Numeric (kV),"e.g., 60 | 80 | 100 | 120 | 200 | 300",,2026-08-27,(none),"For beam-sensitive materials (organic matter, phyllosilicates), 60–80 kV may be used to stay below the displacement threshold for C, N, O, and S. Key parameter for the beam damage regime.",Y,Y,Y,,200 kV,200 keV,80–300 keV (range; specific voltage per dataset not stated),200 kV,200 kV,N,N,N,200 kV,200 kV,300 kV,200 kV (EDS maps acquired at 200 kV; instrument range 80–300 kV),200 kV,200 kV,N/A,200 kV,200 kV,200 keV,200 keV,200 kV,200 kV
Analytical Sub-mode,Sub-mode(s) of imaging or diffraction performed under this procedure. Multiple values apply when the procedure covers more than one sub-mode within a given analytical mode.,Basic,Editable,Controlled list / Text,BF-TEM | DF-TEM | HRTEM | EFTEM (TEM Imaging); HAADF | ABF | BF-STEM | ADF | MAADF (STEM Imaging); SAED | CBED | Nanobeam diffraction | Precession ED | 4D-STEM (Electron Diffraction) | N/A | None,,2026-08-30,(none),,Y,Y,Y,,BF-TEM; HRTEM (TEM Imaging); HAADF-STEM (STEM Imaging),HAADF-STEM; BF-STEM (STEM Imaging); BF-TEM; HRTEM (TEM Imaging); SAED (Electron Diffraction),HAADF-STEM (STEM Imaging),HAADF-STEM (STEM Imaging); BF-TEM (TEM Imaging); SAED (Electron Diffraction),BF-STEM; DF-STEM (STEM Imaging); HRTEM (TEM Imaging); SAED (Electron Diffraction),BF-TEM; DF-TEM; ADF-STEM; SAED (Electron Diffraction),BF-TEM; ADF-STEM; STEM-EDS (line profiles; quantitative),HAADF-STEM (ADF imaging); STEM-EDS (spectrum image map); HR-STEM,BF-STEM; DF-STEM; HRTEM (TEM Imaging); SAED (Electron Diffraction); STEM-EDS (spectrum imaging),BF-TEM; HAADF-STEM; STEM-EDS (X-ray mapping),"DF-STEM; BF-STEM; BF-TEM; HRTEM (TEM Imaging); Nanodiffraction (STEM mode, near-parallel probe); SAED (Electron Diffraction)",HAADF-STEM (Z-contrast); STEM-EDS (hyperspectral map),BF-TEM; HAADF-STEM; SAED (Electron Diffraction); STEM-EDS (point; map),BF-STEM; DF-STEM; HRTEM; STEM-EDS spectrum imaging (maps + line profiles),N/A,BF-STEM; DF-STEM; HAADF-STEM; STEM-EDS mapping,BF-STEM; DF-STEM; HAADF-STEM; TEM (BF-TEM); SAED; STEM-EDS mapping,"BF-TEM; EFTEM (Ca M-edge, 35 eV loss, 10-eV slit); SAED; HRTEM",HAADF-STEM; STEM-EELS spectrum imaging; STEM-EDS spectrum imaging,HAADF-STEM; STEM-EDS mapping; BF-TEM (FFT lattice fringe analysis),HAADF-STEM; TEM-EELS point analysis; TEM-EELS line scan
TEM Objective Aperture,Objective aperture diameter used to select the imaging beam condition in TEM mode.,Advanced,Editable,Text (free),"e.g., '20 µm (BF-TEM, blocks diffracted beams)' | '10 µm displaced to select 002 reflection (DF-TEM)' | 'None (HRTEM)'",,2026-08-27,(none),"In BF-TEM, a small aperture blocks diffracted beams to enhance mass-thickness contrast; in DF-TEM, the aperture is displaced to select a specific diffracted beam; in HRTEM, no aperture is typically used.",Y,N,N,,N,N,N/A,N,N,N,N,N,N,N,N,N/A,N,N,N/A,N,N,N,N/A,N,N/A
EFTEM Energy Window,"Energy window(s) used for EFTEM elemental mapping: center energy, width, and acquisition method (three-window or jump-ratio). Record 'N/A' where EFTEM is not listed in Analytical Sub-mode.",Advanced,Editable,Text (free),"e.g., 'C K-edge: pre-edge 1 at 260–270 eV, pre-edge 2 at 272–279 eV, post-edge at 283–293 eV (three-window method)' | 'Fe L2,3: center 710 eV, 30 eV window (jump-ratio)' | N/A",,2026-08-11,(none),,Y,N,N,,N/A,N/A,N/A,N/A,N/A,N/A,N/A,N/A,N/A,N/A,N/A,N/A,N/A,N/A,N/A,N/A,N/A,10 eV (Ca M-edge EFTEM centered at 35 eV energy loss),N/A,N/A,N/A
HAADF Collection Angles,Inner and outer collection angles of the HAADF detector in milliradians (mrad). Inner angle can be derived from camera length and detector geometry.,Advanced,Editable,Text (free),"e.g., '50–200 mrad' | '70–180 mrad' | 'inner ~50 mrad (outer not specified)'",,2026-08-27,(none),"The inner angle determines the boundary between diffracted and thermally diffuse scattered electrons; larger inner angles yield stronger Z-contrast and reduced Bragg contrast. In HAADF-STEM a shorter camera length increases the inner angle, yielding more thermally diffuse (Z-contrast) and less Bragg-diffraction signal. The inner angle is the most critical.",N,Y,N,,N,N,N,Inner 58 mrad (HAADF),N,N,N,N,N,N,N,N,Convergence semi-angle 10.5 mrad; inner collection semi-angle 58 mrad,N,N/A,N,N,N/A,N,N,N
Convergence Semi-Angle,Semi-angle of the converged electron probe in milliradians.,Basic,Read-Only,Numeric (mrad),"e.g., 24 (standard Cs-corrected STEM) | 0.1 (near-parallel, 4D-STEM fine-grained phases) | 9.5 (nanobeam diffraction)",,2026-08-27,(none),"Controls probe size (smaller angle = larger probe but less coherent), depth of field, and in 4D-STEM, the size of diffraction discs vs. spatial resolution. For near-parallel-beam 4D-STEM (e.g., phyllosilicate phase mapping), values as small as 0.1 mrad are used.",N,Y,Y,,N,N,N,10.5 mrad,N,N,N,N,N,N,0.1–0.3 mrad (for nanodiffraction in STEM mode),N,10.5 mrad,N,N/A,N,N,N/A,N,N,N
STEM Probe Diameter,"Nominal or measured diameter of the focused electron probe at the sample, reported in nm. Related to, but distinct from, Convergence Semi-Angle: the two quantities are connected via aberration coefficients, defocus, and probe current, which are not always published. Report whichever is known; if both are known, report both fields. Also governs STEM-EDS and STEM-EELS acquisition where those detectors are used.",Advanced,Editable,Numeric (nm),0.1 nm (aberration-corrected Nion UltraSTEM); 2 nm (JEOL 2500SE STEM-EDS); 4 nm (JEOL 2500SE nanobeam),,2026-08-27,(none),Serves as a direct spatial resolution proxy for STEM imaging and STEM-EDS/EELS analysis.,N,Y,N,,N,N,N,N,N,N,N,N,4 nm,N,N,N,N,2 nm,N/A,N,N,N/A,0.1 nm,N,N
STEM Probe Current,Probe current in picoamperes (pA) or nanoamperes (nA). Also governs STEM-EDS and STEM-EELS acquisition where those detectors are used.,Advanced,Editable,Numeric (pA or nA),"e.g., '200 pA' | '0.2 nA' | '40 pA (low-dose, organic matter)'",,2026-08-27,(none),"Higher current improves EDS/EELS signal but increases beam damage risk, especially for organic matter and hydrous minerals.",N,Y,N,,N,N,<0.25 nA,N,N,N,N,N,9 nA,1–2 nA (stated as beam current for analysis conditions),N,N,N,N,N/A,N,N,N/A,40 pA,N,100 pA
Dwell Time per Pixel,"Time spent acquiring signal at each pixel during STEM scanning in milliseconds. For dose-sensitive materials, minimize dwell and compensate with frame averaging. Also governs STEM-EDS and STEM-EELS acquisition where those detectors are used. For 4D-STEM dwell time see '4D-STEM Dwell Time per Probe Position'.",Basic,Editable,Numeric + unit,"e.g., '8 µs' | '50 µs' | '1 ms'",,2026-08-30,(none),Longer dwell improves signal-to-noise but increases total specimen dose.,N,Y,N,,N,8 µs (EDS spectrum image frame time per pixel),N,N,50 µs,N,N,N,50 µs/pixel,N,N,N,N,50 µs (kept short to prevent beam damage),N/A,N,N,N/A,N,N,N
STEM Scan Dimensions,Number of pixels in the STEM scan frame (X × Y pixels). Also governs STEM-EDS and STEM-EELS acquisition where those detectors are used.,Advanced,Editable,Numeric pair (pixels x pixels),"e.g., 512x512 | 1024x1024 | 2048x2048",,2026-08-27,(none),"Combined with calibrated pixel size, defines the field of view.",N,Y,N,,N,512×512 pixels (EDS spectrum images),N,N,256×200 pixels (EDS spectrum images),N,N,N,256 × 204 pixels (typical; optimized to limit over- or under-sampling with 4-nm probe),N,N,N,N,N,N/A,N,N,N/A,N,N,N
STEM Frame Averaging,Number of frames averaged (with drift correction if applicable) to produce the final STEM image. Also governs STEM-EDS and STEM-EELS acquisition where those detectors are used.,Advanced,Editable,Text (free),"e.g., '1 (single frame)' | '4 frames averaged' | 'drift-corrected sum of 10 frames (SmartAlign or equivalent)'",,2026-08-27,(none),Averaging reduces noise while limiting per-frame dose.,N,Y,N,,N,N,Sequential acquisition several minutes to >1 h; combined using Python (light-element volatilization control),N,Successive frames until counting statistics <1% for major elements,N,N,N,Multiple consecutive spectrum image layers accumulated (target: >10% counting statistics per pixel for major elements),N,N,N,N,Successive scans accumulated until major element counts achieved 1% counting statistics,N/A,N,N,N/A,N,N,N
Camera Length,Nominal camera length in millimeters used for diffraction pattern acquisition. Must be calibrated to convert pixel distances to d-spacings. Calibration to absolute d-spacings is required — see 'Diffraction Calibration Reference'.,Basic,Editable,Numeric (mm),"e.g., 100 | 150 | 200 | 300 | 600",,2026-08-27,(none),"In STEM mode, also sets HAADF/ABF detector collection angles. Camera length choice affects HAADF Z-contrast purity: a shorter camera length (e.g. 30 mm) shifts the inner angle toward thermal diffuse scatter; a longer one (e.g. 150 mm) admits more Bragg scatter. Controls the mapping between reciprocal-space scattering angle and detector position.",N,Y,Y,,N/A,N,N/A,N,N,N,N/A,N/A,N,N/A,295 mm (stated for nanodiffraction),N/A,N,N/A,N/A,N,N,N,N/A,N/A,N/A
Selected-Area Aperture Size,"Diameter of the selected-area aperture used in SAED mode, defining the specimen region that contributes to the diffraction pattern.",Advanced,Editable,Text (free),"e.g., '10 µm aperture (projects to ~0.5 µm on specimen)' | '40 µm aperture' | 'None (CBED, nanobeam, or 4D-STEM mode)'",,2026-08-11,(none),,N,N,Y,,N/A,N,N/A,N,N,N,N/A,N/A,N,N/A,N,N/A,N,N/A,N/A,N,N,100 nm (SAED aperture),N/A,N/A,N/A
Precession Angle,"Precession semi-angle in degrees for precession electron diffraction (PED). Not applicable to SAED, CBED, or standard 4D-STEM. Record 'N/A' where Precession ED is not listed in Analytical Sub-mode.",Advanced,Editable,Numeric (degrees),"e.g., 0.5 | 1.0 | 1.5 | N/A (not PED)",,2026-08-27,(none),Hollow-cone illumination reduces dynamical diffraction effects and produces more kinematical-like intensities.,N,N,Y,,N/A,N/A,N/A,N/A,N/A,N/A,N/A,N/A,N/A,N/A,N/A,N/A,N/A,N/A,N/A,N/A,N/A,N/A,N/A,N/A,N/A
4D-STEM Scan Grid and Area,Number of probe positions in the 4D-STEM dataset (scan pixels × scan pixels) and the physical area covered. Probe step size is the physical area divided by scan pixel count. Record 'N/A' where 4D-STEM is not listed in Analytical Sub-mode.,Advanced,Editable,Text (free),"e.g., '128×128 probe positions over ~1×1 µm' | '256×256 over 500×500 nm (step size ~2 nm)' | N/A",,2026-08-11,(none),,N,N,Y,,N/A,N/A,N/A,N/A,N/A,N/A,N/A,N/A,N/A,N/A,N/A,N/A,N/A,N/A,N/A,N/A,N/A,N/A,N/A,N/A,N/A
4D-STEM Dwell Time per Probe Position,Time spent acquiring each diffraction pattern in the 4D-STEM dataset in milliseconds. Record 'N/A' where 4D-STEM is not listed in Analytical Sub-mode.,Advanced,Editable,Numeric (ms),"e.g., 3.5 | 10 | 20 | N/A",,2026-08-27,(none),"Longer dwell improves signal-to-noise for weakly diffracting phases (e.g., smectite 001 reflection at ~1.24 nm) but increases total specimen dose; risk of beam damage to phyllosilicates and organic matter must be balanced against data quality.",N,N,Y,,N/A,N/A,N/A,N/A,N/A,N/A,N/A,N/A,N/A,N/A,N/A,N/A,N/A,N/A,N/A,N/A,N/A,N/A,N/A,N/A,N/A
Diffraction Camera Length Calibration Method,Method used to calibrate the camera length constant and convert pixel distances in diffraction patterns to d-spacings or reciprocal lattice vectors.,Advanced,Editable,Controlled list / Text,"External standard (Au film, d111=0.2355 nm) | External standard (Al film) | In-situ Pt nanocrystals | Known phase in specimen (internal standard) | Manufacturer calibration constant | CIPS software | Unknown | N/A | None",,2026-08-30,(none),,N,N,Y,,N/A,N,N/A,"External standard (AGAR S106 cross grating, 3 mm)",N,N,N/A,N/A,N,N/A,N,N/A,External standard: Cross Grating 3 mm S106 from AGAR (image magnification and camera constant calibrations),N/A,N/A,N/A,N,N,N/A,N/A,N/A
EDS Acquisition Mode,"Spatial acquisition sub-strategy for EDS measurements: stationary-beam point acquisition, line scan (beam stepped along a transect at defined intervals), or area map / spectrum image (beam rastered over a pixel grid). Specifies how the beam is positioned during data collection within the declared analytical mode. Record 'N/A' where the procedure has no EDS detector. 'Point' covers what the literature also calls spot or point-spectrum analysis. 'Map' and 'Spectrum image' are distinct acquisitions, not synonyms: a map may retain element intensities alone, whereas a spectrum image retains a full spectrum at every pixel and can be requantified afterwards — record which was acquired. Where more than one mode was used, join them with '; ' rather than looking for a combined member.",Basic,Editable,Controlled list,Point | Line scan | Map | Spectrum image | Simultaneous EDS+EELS | N/A | None,,2026-08-31,(none),,Y,Y,N,,Line scan; Spectrum image (map),Spectrum image (map),Spectrum image (map),N,Spectrum image (map),N/A,Line scan; quantitative point analysis,Spectrum image (map),Spectrum image (map); line profile,Spectrum image (map),N,Spectrum image (hyperspectral map),Spectrum image (map); point analysis,Spectrum imaging (spatially resolved maps and line profiles); successive accumulated scans,N/A,Spectrum imaging (EDS elemental maps); false-color RGB maps,Spectrum imaging (EDS elemental maps); false-color maps,N/A,Spectrum imaging (SI): simultaneous EELS + EDS at each pixel; both low-loss and core-loss EELS collected,EDS chemical mapping (Fe distribution),N/A
EDS Live Time per Point or Pixel,"EDS spectral acquisition live time per analysis point (point/line mode) or per pixel (spectrum image) in seconds. Also referred to as ""EDS Acquisition Time"" in EPMA and some SEM-EDS contexts, where the per-pixel distinction is less relevant. Record 'N/A' where EDS is not listed in Spectroscopic Detector(s).",Advanced,Editable,Numeric (s),"e.g., 30 | 60 | 120 (point analysis) | 0.008 (per pixel in spectrum image map) | N/A",,2026-08-11,(none),,Y,Y,N,,N,N,N,N,N,N/A,N,N,N,N,N,N,N,N,N/A,N,N,N/A,N,N,N/A
EDS Energy Range,Energy range of EDS spectrum acquisition in keV. Record 'N/A' where EDS is not listed in Spectroscopic Detector(s).,Advanced,Editable,Text (free),"e.g., '0–20 keV (2048 channels)' | '0–10 keV (1024 channels)' | N/A",,2026-08-11,(none),,Y,Y,N,,N,20 keV (2048 channels),N,N,N,N/A,N,N,N,N,N,N,N,N,N/A,N,N,N/A,N,N,N/A
Matrix Correction Method,"X-ray matrix correction algorithm applied during quantitative EDS or WDS data reduction. For X-ray mapping, applies when raw count maps are converted to quantitative concentration maps. Where the k-factors or calibration constants themselves came from — measured standards, a vendor library, or theoretical cross-sections — is a separate question answered by this technique's calibration-standard field, not here; a procedure may be both absorption-corrected and standardless.",Basic,Read-Only,Controlled list / Text,Cliff-Lorimer (k-factor) | ζ-factor (zeta-factor) | Absorption-corrected Cliff-Lorimer | N/A | None,,2026-08-30,(none),,Y,Y,N,,Cliff-Lorimer (k-factor),N,N,N,Cliff-Lorimer (k-factor from well-characterized standards; Thermo System7),N/A,Cliff-Lorimer (thin film approximation); k-factors calibrated from reference standards,N,N,Brown–Powell ionization cross-section model (implemented in Velox 2.14),N,N,Cliff-Lorimer (k-factor) method; no absorption corrections,N,"EDS described as ""mostly semiquantitative""; standard-based quantification (matched thickness/composition standard) achieves ~0.1% error; quantitative EDS rarely performed without standards",N,N,N/A,Cliff-Lorimer method with detector-specific k-factors; no absorption correction (sample thin); pyroxene compositions calculated with assumed O stoichiometry of 60%,N,N/A
Analyte,"The chemical species this procedure is designed to determine, recorded at whatever resolution the chemistry is resolved — element(s) for this technique; valence species where a procedure resolves oxidation state; compounds where it resolves molecules. Isotopes are not analytes: isotopes of an element are the same chemical species. The subset actually measured may be narrower than the registered suite where species were excluded due to interferences or scope reduction.",Basic,Editable,Text (free),"e.g., 'Fe, O, Si, Mg, Ca, Al' | 'Fe, O, C, N' | 'Fe, O, Si, Mg, Ca, Al, Ti (EDS); Fe, O (EELS)'",Source: Analyte module,2026-08-25,defines: analyte,,Y,Y,N,,"Fe, O","Si, Mg, Al, Fe (sheet silicates); Fe, S, Ni (sulfides); C, Si, Fe (carbonates/nanoglobules)",N/A,N/A,N,N/A,"Fe, S, Ni","Fe, S, O, Si, Ca, Mg, Pt","Si, Mg, Fe, S, Al, Ca, Ti, O","Ti, O, Fe (also Cu Kα, Cu Kβ from TEM grid detected)","Mg, Ca, Fe, Mn, Si, C, O, S, P","Mg, Ca, Fe, Mn, Si, Al, Cr, C, O, S, P (from Table 1)","Na, Ca, C, O, Mg, Fe, Si, F, Cl (from Table 1 and A1)","Fe; Ni; S; Si; O; Mg; Ca (EDX maps of irradiated matrix, olivine, and sulfide sections)",N/A,Ca; P; Na; Mn; O; Mg; Si; F; Cl; Fe,Ca; P; Na; Mn; O; Mg; Si; F; Cl; Fe,N/A,Ca; Mg; Fe; Si; O; Al; Ti,Fe; O,Fe
Reported Variables and Units,"The final variable(s) this procedure reports and their units — distinct from the fields recording what was *acquired* rather than what is reported. Record every reported variable, including intermediate quantities reported alongside final ones (e.g. both the 206Pb/238U ratio and the 206Pb/238U date). Where a reported variable is a nominal property with no magnitude (e.g. a mineral identification), record the variable and give the unit as 'N/A — nominal property'.",Basic,Read-Only,Text (free),"e.g., 'Element concentration (ppm); oxide (wt%)' | 'd56Fe (permil vs IRMM-014); d57Fe (permil vs IRMM-014)' | '206Pb/238U date (Ma); 207Pb/206Pb date (Ma)' | 'Mineral identity (N/A — nominal property); match score (0-1)'",Source: Core module,2026-08-25,defines: reported property,A procedure may acquire many channels and report a small number of derived quantities; without this field a data consumer cannot tell which.,Y,Y,Y,,,,,,,,,,,,,,,,,,,,,,
EELS Acquisition Mode,Mode of EELS data acquisition. Record 'N/A' where EELS is not listed in Spectroscopic Detector(s).,Basic,Editable,Controlled list,Point spectrum | Line scan | Spectrum image (SI) | Dual-EELS (simultaneous low- and high-loss) | Simultaneous EDS+EELS | N/A | None,,2026-08-30,(none),,Y,Y,N,,N/A,N,N/A,N/A,N,N/A,N/A,N/A,N/A,N/A,N/A,N/A,N/A,N/A,N/A,N/A,N/A,N/A,Dual EELS spectrum imaging (simultaneous low-loss and core-loss),N/A,Point analysis and line scan EELS
EELS Edges,"Ionization edge(s) acquired by EELS, specified by element symbol and edge label (e.g., Fe L2,3; O K). Provides the EELS-specific counterpart to the Analyte field: while Analyte lists elements, EELS Edges documents which ionization edges were used and their approximate energy loss positions. The edge list may be narrowed at analysis time. Record 'N/A' where EELS is not listed in Spectroscopic Detector(s).",Basic,Editable,Text (free),"e.g., 'Fe L2,3 (707 eV), O K (532 eV)' | 'C K (283 eV), N K (401 eV), O K (532 eV)' | 'Fe L2,3 (707 eV), Mg K (1305 eV), Si K (1839 eV)' | N/A",,2026-08-27,defines: channel per analyte,,Y,Y,N,,N/A,N,N/A,N/A,N,N/A,N/A,N/A,N/A,N/A,N/A,N/A,N/A,N/A,N/A,N/A,N/A,N/A,"Fe L2,3 edge (700–735 eV); O K-edge (528–550 eV)",N/A,"Fe L3,2 edge (~707–709 eV; L3 peak at 707.7 eV for Fe⁰, 707.2 eV for Fe²⁺, 709.0 eV for Fe³⁺)"
EELS Collection Semi-Angle,Semi-angle of the EELS spectrometer entrance aperture in milliradians. Record 'N/A' where EELS is not listed in Spectroscopic Detector(s).,Basic,Read-Only,Numeric (mrad),"e.g., 34 | 60 | 100 | N/A",,2026-08-27,(none),Controls the fraction of inelastically scattered electrons collected and the spectral background level.,Y,Y,N,,N/A,N,N/A,N/A,N,N/A,N/A,N/A,N/A,N/A,N/A,N/A,N/A,N/A,N/A,N/A,N/A,N/A,Power-law background removal,N/A,N
EELS Energy Dispersion,Energy dispersion of the EELS spectrometer in eV per channel. Record 'N/A' where EELS is not listed in Spectroscopic Detector(s).,Advanced,Read-Only,Numeric (eV/channel),"e.g., 0.01 | 0.05 | 0.1 | 0.5 | N/A",,2026-08-27,(none),Controls the energy range acquired per readout and the effective energy resolution trade-off.,Y,Y,N,,N/A,N,N/A,N/A,N,N/A,N/A,N/A,N/A,N/A,N/A,N/A,N/A,N/A,N/A,N/A,N/A,N/A,"Double-arctan continuum removal (for Fe L2,3 white-line integration)",N/A,N
EELS Energy Resolution,"Full-width at half-maximum (FWHM) of the zero-loss peak in eV, measured at operating conditions. Record 'N/A' where EELS is not listed in Spectroscopic Detector(s).",Advanced,Read-Only,Numeric (eV FWHM),"e.g., 0.3 (monochromated, cold-FEG) | 0.7 | 1.0 | 1.5 (non-monochromated LaB6) | N/A",,2026-08-27,(none),Reflects combined electron source energy spread and monochromator effect (if active). Critical for ELNES fine-structure interpretation.,Y,Y,N,,N/A,N,N/A,N/A,N,N/A,N/A,N/A,N/A,N/A,N/A,N/A,N/A,N/A,N/A,N/A,N/A,N/A,N,N/A,0.5–0.7
EELS Acquisition Time per Spectrum,Exposure time per individual EELS spectrum (or per pixel for spectrum images) in seconds. Record 'N/A' where EELS is not listed in Spectroscopic Detector(s).,Basic,Editable,Numeric (s),"e.g., 0.5 | 1 | 5 | 30 | N/A",,2026-08-11,(none),,Y,Y,N,,N/A,N,N/A,N/A,N,N/A,N/A,N/A,N/A,N/A,N/A,N/A,N/A,N/A,N/A,N/A,N/A,N/A,"Fe (L2,3); O (K)",N/A,"Fe (L3,2)"
EELS Energy Loss Range,"Energy loss range acquired, defined by onset energy and width in eV. The target range covers the registered analyte edges; the actual range acquired may differ. Record 'N/A' where EELS is not listed in Spectroscopic Detector(s).",Basic,Editable,Text (free),"e.g., 'Low-loss: 0–100 eV; Core-loss: 250–750 eV (C K and Fe L2,3)' | 'Core-loss: 680–730 eV (Fe L2,3 only)' | 'Core-loss: 270–310 eV (C K-edge ELNES for carbonate identification)' | N/A",,2026-08-27,(none),,Y,Y,N,,N/A,N,N/A,N/A,N,N/A,N/A,N/A,N/A,N/A,N/A,N/A,N/A,N/A,N/A,N/A,N/A,N/A,"Fe (L2,3); O (K)",N/A,"Fe (L3,2)"
,,,,,,,,,,,,,,,,,,,,,,,,,,,N,N,N,N,N,N,N,N
5. Data Processing,,,,,,,,,,N,N,N,N,N,N,N,N,N,N,N,N,N,N,N,N,N,N,N,N,N,N,N,N,N
Phase Identification Method,"Method used to identify crystalline phases from electron diffraction patterns or d-spacings, whether from SAED patterns, spot diffraction, or diffraction data extracted from 4D-STEM datasets.",Basic,Read-Only,Text (free),"e.g., Manual d-spacing comparison to ICDD PDF database | JEMS simulation | CrystalMaker | WinHREM | py4DSTEM ACOM | ESPRIT CRYSTAL | ORIX | N/A | None",,2026-08-31,sample > sampling unit,,Y,Y,Y,,Manual d-spacing comparison: HRTEM lattice fringes; 2.5 Å → magnetite (311); 1.4 Å and 2.0 Å → metallic iron (110) and (200); 2.9 Å / 2.5 Å / 1.6 Å → magnetite (220)/(311)/(511),CRISP software (SAED patterns); Adobe Photoshop d-spacing measurement based on calibrated camera constants,N/A,Manual d-spacing comparison (SAED patterns; camera constant calibrated with AGAR S106 cross grating),N,SAED indexing: BCC structure for metallic iron; troilite 2C superstructure reflections vs NiAs 1C base reflections; NC-pyrrhotite non-integral superstructure spots (NC values 3.6–6.5); dark-field imaging using specific reflections to image phase distributions,"Quantitative EDX (Cliff-Lorimer): Fe/S atomic ratio to distinguish troilite (Fe/S ≈ 1.03 ± 0.04) from NC-pyrrhotite; EDX maps used to confirm elemental distributions (Fe, S, O, Si, Ca)",HR-STEM + FFT: imaging of (001) plane stacking and distortions in iron sulfides; qualitative lattice fringe analysis (no explicit d-spacing phase matching stated),HRTEM lattice fringes + SAED: metallic npFe0 grains (<5 nm) identified by bcc iron d-spacings (Fig. 6 FFT: iron 110 spacings); pyrrhotite superstructure reflections present in core and absent in disordered rim (SAED + FFT); olivine composition by TEM-EDX (Fo70),"FFT from BF-TEM images (no SAED): rutile (TiO2, polycrystalline 2–15 nm); trigonal Ti2O (P3̄m1, zone axis [1 1 2̄ 3]; a=2.983 Å, c=4.804 Å); triclinic Ti2O (P1, zone axis [5 16 12]; a=10.453 Å, b=10.895 Å, c=12.206 Å); d-spacings and zone axes matched to crystal structure parameters","Electron nanodiffraction (STEM mode, 0.1–0.3 mrad convergence, 295 mm camera length) + EDS; SAED for crystallographic characterization; FFT from HRTEM images (dolomite, ankerite, phosphide barringerite); d-spacing comparisons for carbonate phases",EDS quantification: compositions normalized to 100%; carbonate chemistry (MgCO3–CaCO3–(Fe+Mn)CO3 ternary) used for dolomite/ankerite ID; structural formulae from EDS spot analyses over 5–10 nm areas; detection limit <0.1 wt% (stated for TEM EDS measurements),SAED (few reflections due to beam sensitivity / poor crystallinity) matched against literature crystal structures (Dickens and Brown 1969 for gaylussite/pirssonite; McKie and Frankis 1977 for nyerereite); EDS cation ratios compared to theoretical mineral formulae (H and reliable O not measurable by EDS),"HRTEM lattice fringe imaging + FFT; EDS composition maps (no SAED; phase ID by d-spacings from HRTEM); phases identified: pentlandite, Fe-Ni-S, magnetite, serpentine, chrysotile, olivine, metallic Fe",Reviews SAED; NBD (nanobeam diffraction); CBED; HRTEM + FFT; aberration-corrected HAADF-STEM + FFT (atomic-resolution phase ID),N,SAED zone-axis patterns measured with Gatan DIFPack; compared to simulated diffraction patterns using SingleCrystal software package; confirms apatite single crystal (Ap.#1) and polycrystalline assemblage (Ap.#2),SAED zone-axis patterns; simulated SAED patterns using SingleCrystal (CrystalMaker Software); HRTEM lattice fringe imaging + FFT; inverse FFT with spot-pass filter (lattice deformation visualization),EELS oxidation state mapping by MLLS fitting; HAADF-STEM + EDS chemical mapping; Fe⁰ identified by anti-correlation with O K-edge and lattice fringe measurement in HR images,FFT of DF image lattice fringes for phase ID (olivine d-spacings); EDS composition maps,EELS peak position and lineshape comparison to reference spectra; qualitative valence state ID (np-Fe0 = metallic; matrix = Fe³⁺; olivine = Fe²⁺)
4D-STEM Orientation Mapping Method,"Algorithm, software module, and reference crystal structure database used for automated crystal orientation mapping (ACOM) from 4D-STEM datasets. Record 'N/A' where 4D-STEM is not listed in Analytical Sub-mode.",Advanced,Read-Only,Text (free),"e.g., 'py4DSTEM ACOM module; template matching against CIF files from AMCSD for serpentine polymorphs (antigorite, chrysotile, lizardite)' | 'ESPRIT CRYSTAL ACOM (Bruker)' | 'N/A'",,2026-08-11,(none),,N,N,Y,,N/A,N/A,N/A,N/A,N/A,N/A,N/A,N/A,N/A,N/A,N/A,N/A,N/A,N/A,N/A,N/A,N/A,N/A,N/A,N/A,N/A
EELS Background Subtraction Method,Method used to subtract the background beneath the ionization edge of interest to extract the net edge signal. Record 'N/A' where EELS is not listed in Spectroscopic Detector(s).,Advanced,Editable,Controlled list / Text,Power law (AE^-r) | Linear | Polynomial | Multiple linear least squares (MLLS) | Hartree-Slater | N/A | None,,2026-08-30,channel,,Y,Y,N,,N/A,N,N/A,N/A,N,N/A,N/A,N/A,N/A,N/A,N/A,N/A,N/A,N/A,N/A,N/A,N/A,N/A,N/A,N/A,N/A
EELS Plural Scattering Correction,Method applied to correct for multiple inelastic scattering events (plural scattering) that broaden edge fine structure. Record 'N/A' where EELS is not listed in Spectroscopic Detector(s).,Advanced,Editable,Controlled list,Fourier-log deconvolution | Fourier-ratio deconvolution | None | Unknown | N/A | None,,2026-08-30,(none),Critical for specimens thicker than ~0.5 inelastic mean free paths.,Y,Y,N,,N/A,N,N/A,N/A,N,N/A,N/A,N/A,N/A,N/A,N/A,N/A,N/A,N/A,N/A,N/A,N/A,N/A,N/A,N/A,N/A
EELS Chemical State Determination Method,"Method used to determine the chemical or oxidation state of an element from the fine structure of its ionization edge (ELNES), together with the reference data or calibration the determination relies on. Name the method family and cite the calibration curve or reference spectra used. Record 'N/A' where no chemical-state determination is made.",Advanced,Editable,Controlled list / Text,White-line intensity ratio (L3/L2) | Integral white-line ratio against a published calibration curve | Peak position and lineshape comparison to reference standards | Multiple linear least-squares (MLLS) fitting to reference spectra | Edge onset energy shift | N/A | None,,2026-08-30,(none),"The same edge yields different valence estimates under different calibrations and reference spectra, so a reported oxidation state is not comparable between studies unless the method and its reference data are stated.",Y,Y,N,,N/A,N/A,N/A,N/A,N/A,N/A,N/A,N/A,N/A,N/A,N/A,N/A,N/A,N/A,N/A,N/A,N/A,N/A,"Integral white-line intensity ratio I(L3)/I(L2) → Van Aken & Liebscher (2002) universal calibration curve for Fe³⁺/ΣFe; MLLS fitting of Fe L2,3 ELNES with two reference spectra for oxidation state maps",N/A,"Peak position and lineshape comparison to reference standards (qualitative Fe valence state determination: Fe⁰, Fe²⁺, Fe³⁺)"
EDS Spectral Processing Type,"Method used to process EDS spectra and extract net peak intensities from raw spectral data. Applied before quantification (EDS Quantification Method). Common approaches include background fitting and subtraction followed by peak integration, and filter fit or Gaussian deconvolution for overlapping peaks. Record 'N/A' where EDS is not listed in Spectroscopic Detector(s).",Advanced,Read-Only,Controlled list,Background fitting | Peak deconvolution | Top-hat filter | Gaussian fit | Filter fit | Unknown | N/A | None,,2026-08-30,(none),,Y,Y,N,,N,N,N,N,N,N,N,N,N,N/A,N,N,N,N,N/A,N,N,N/A,N,N,N/A
Image Processing Methods Applied,Image processing steps applied to TEM or STEM images during or after acquisition. Non-linear processing steps that could affect quantitative interpretation should be documented explicitly.,Advanced,Editable,Text (free),"e.g., 'None (raw data presented)' | 'Low-pass Gaussian filter applied to HAADF images; HRTEM images processed with Wiener filter (HREM Research Inc.)' | 'FFT mask applied to remove periodic noise in HRTEM'",,2026-08-11,(none),,Y,Y,N,,N,Selective quantification: summed spectra extracted from specific phyllosilicate domains in EDS spectrum images,Sequential map acquisition combined in Python to control light-element volatilization,N,N,N,N,N,N,N,N,N,N,N,N/A,N,N,Inverse FFT with spot-pass filter for HRTEM images,N,N,N
Specimen Thickness Determination Method,Method used to estimate TEM foil thickness.,Advanced,Editable,Controlled list / Text,EELS log-ratio method (Malis et al. 1988) | Convergent-beam diffraction (CBED thickness fringes) | Kramers-Kronig analysis of low-loss EELS | FIB cross-section measurement | Estimated from preparation conditions | Not determined | N/A | None,,2026-08-30,(none),Required for EELS quantification (log-ratio) and for assessing multiple-scattering severity.,Y,Y,Y,,N,N,N,N,N,N,N,N,N,N,N,N,N,N,N/A,N,N,N,N,N,N
Calibration Factor and Determination Method,"An externally-calibrated factor that converts the measured quantity into the reported quantity, how it was determined, and its uncertainty. Applies where the conversion depends on a factor calibrated against a reference of independently known value, rather than on the instrument response alone. Distinct from the fields that name the calibration material and that state which approach applies to which analyte, where the technique has them: this field records the resulting factor itself.",Basic,Editable,Text (free),,Source: Calibration Factor module,2026-08-25,reported property,,Y,Y,Y,,,,,,,,,,,,,,,,,,,,,,
Analysis Inclusion and Rejection Criteria,"The rules determining which individual analyses contribute to a reported aggregate result, together with the outcome of applying them: how many analyses were acquired, how many were included, and on what grounds any were excluded. Distinct from within-analysis outlier filtering, which removes anomalous points inside a single analysis: this field decides which whole analyses enter the reported value.",Basic,Basic,Text (free),,Source: Aggregation module,2026-08-25,(none),"Criteria and outcome are combined in one field because neither is interpretable without the other, following the precision/accuracy precedent.",Y,Y,Y,,,,,,,,,,,,,,,,,,,,,,
Constants and Reference Values Used,"Physical constants and reference values used in data reduction to calculate the final reported quantity (e.g., decay constants for age calculation, standard isotope ratios, or other citable reference values used in a correction or calculation), together with their source. Distinct from the Group 6 reference-material fields, which document accepted values for specific calibration/validation materials rather than universal physical constants. Record ""None"" if no citable, revisable physical constants feed into this procedure's data reduction.",Basic,Editable,Text (free),"e.g., ""λ238U = 1.55125×10⁻¹⁰ yr⁻¹, λ235U = 9.8485×10⁻¹⁰ yr⁻¹ (Jaffey et al. 1971); 238U/235U = 137.818 (Hiess et al. 2012)"" | ""None""",Source: Core module,2026-08-25,(none),,Y,Y,Y,,,,,,,,,,,,,,,,,,,,,,
,,,,,,,,,,,,,,,,,,,,,,,,,,,N,N,N,N,N,N,N,N
6. Quality Control & Uncertainty,,,,,,,,,,N,N,N,N,N,N,N,N,N,N,N,N,N,N,N,N,N,N,N,N,N,N,N,N,N
EDS Calibration Standard(s),Reference material(s) used to validate EDS quantification or determine experimental k-factors or zeta-factors. Record 'N/A' where EDS is not listed in Spectroscopic Detector(s).,Basic,Editable,Text (free),"e.g., 'Cliff-Lorimer k-factors from ThermoFisher Velox manufacturer database (no external standard)' | 'NIST SRM 2063a (Fe-Ni alloy) used to derive experimental k(FeKa/NiKa)' | 'None (standardless analysis, relative compositions only)' | N/A",,2026-08-27,(none),TEM-EDS is less standardized than EPMA; many procedures rely on manufacturer k-factors without external calibration.,Y,Y,N,,N,N,N,N,k-factors from well-characterized standards (standards not specified); Thermo System7,N/A,"Troilite nodule from Cape York iron meteorite (Fe, S); terrestrial millerite from Sanany, Ural, Russia (Ni, S)",N,N,N/A,N,N,N,N,Standard sample with similar thickness and chemical composition recommended for quantitative EDS; enables ~0.1% compositional error,N,N,N/A,N,N,N/A
EELS Energy Calibration,Method and reference used to calibrate the EELS energy axis. Record 'N/A' where EELS is not listed in Spectroscopic Detector(s).,Advanced,Editable,Text (free),"e.g., 'Zero-loss peak set to 0 eV; CO2 gas peak at 292.74 eV used as external calibration reference (±0.1 eV tolerance)' | 'Dual-EELS mode; drift tube offset adjusted so ZLP centers at 0 eV' | 'Internal calibration using well-characterized edge in specimen (e.g., Fe L3 at 707.8 eV)' | N/A",,2026-08-27,(none),"Accurate calibration is required for ELNES edge identification, chemical-state analysis, and inter-lab comparability.",Y,Y,N,,N/A,N,N/A,N/A,N,N/A,N/A,N/A,N/A,N/A,N/A,N/A,N/A,N/A,N/A,N/A,N/A,N/A,EELS reference standards collected on same microscope and spectrometer: FeNi metal (Fe⁰); wüstite (FeO) powder (Fe²⁺); synthetic Fe³⁺-bearing glass (Fe³⁺); magnetite Fe₃O₄ (mixed Fe²⁺/Fe³⁺) — Burgess & Stroud (2018b),N/A,N
Diffraction Calibration Reference,"Reference material or internal standard used to calibrate the electron diffraction camera constant (camera length × electron wavelength), enabling conversion of pixel distances to d-spacings.",Advanced,Editable,Text (free),"e.g., 'Au nanoparticle film deposited on specimen grid (d111=0.2355 nm)' | 'In-situ Pt strap nanocrystals (Pt d111=0.2265 nm)' | 'Pyrite in specimen as internal standard (d200=0.2710 nm)' | 'Manufacturer camera constant (verify with known phase before publication)'",,2026-08-11,(none),,N,N,Y,,N/A,N,N/A,"External standard (AGAR S106 cross grating, 3 mm)",N,N,N/A,N/A,N,N/A,N,N/A,AGAR S106 Cross Grating 3 mm (camera constant calibration),N/A,N/A,N/A,N,N,N/A,N/A,N/A
EDS Detection Limit,"Estimated detection limits by EDS under this procedure's conditions, one per reported concentration variable (one per analyte, these being the same set). Record 'N/A' where EDS is not listed in Spectroscopic Detector(s).",Advanced,Basic,Numeric + unit / Text,"e.g., 'Typical ~0.5–1 wt% for light elements (Na, Mg, Al); ~0.1–0.5 wt% for transition metals (Fe, Ni) under standard STEM-EDS conditions with 0.7 sr detector' | 'Not determined' | N/A",,2026-08-24,reported property,,Y,Y,N,,N,N,N,N,N,N/A,N,N,N,N,N,<0.1 wt% (stated for TEM EDS measurements),N,N,EDS detection limit: ~1000 ppm (~0.1 wt%) for major elements,N,N,N/A,N,N,N/A
EDS Counting Statistics / Accumulation Criterion,"Quality criterion used to determine when sufficient EDS signal has been accumulated for a given pixel or point, in lieu of or in addition to a fixed live time. Expressed as a target relative uncertainty on major-element peak counts achieved by accumulating successive scan frames (e.g., ""1% counting statistics on major elements""; "">10% counting statistics""). Distinct from EDS Live Time per Point or Pixel, which records a fixed-duration setting. Record 'N/A' where EDS is not listed in Spectroscopic Detector(s).",Advanced,Editable,Text (free),1% counting statistics on major elements; >10% counting statistics; Fixed live time only (no accumulation criterion) | N/A,,2026-08-11,(none),,N,Y,N,,N,N,N,N,N,N,N,N,Successive layers averaged for >10% counting statistics,N,N,N,N,Successive scans accumulated until major element counts achieved 1% counting statistics,N/A,N,N,N/A,N,N,N/A
EDS Dead Time,Percent dead time reported by the EDS detector during the session — the fraction of total acquisition time the detector spent processing rather than counting. This field documents the resulting percentage as a session QC metric. Record 'N/A' where EDS is not listed in Spectroscopic Detector(s).,N/A,Basic,Numeric (%),"e.g., 10% | 25% | <40% | N/A",,2026-08-27,(none),Values above ~40% indicate excessive count rate and may degrade spectral quality and quantitative accuracy. EDS dead time correction is managed automatically by the detector electronics.,Y,Y,N,,N,N,N,N,N,N,N,N,N,N/A,N,N,N,N,N/A,N,N,N/A,N,N,N/A
EELS Detection Limit,Estimated detection limit or minimum detectable concentration for target edges under this procedure. Record 'N/A' where EELS is not listed in Spectroscopic Detector(s).,Advanced,Basic,Numeric + unit / Text,"e.g., 'C K-edge detection limit ~0.1 at% in organic matter at 60 kV' | '~10 ppm for transition metals in glass' | 'Not determined' | N/A",,2026-08-26,channel,,Y,Y,N,,N/A,N,N/A,N/A,N,N/A,N/A,N/A,N/A,N/A,N/A,N/A,N/A,N/A,STEM-EELS detection limit: ~10 ppm for transition metals and lanthanides in powdered glass with high beam stability,N/A,N/A,N/A,N,N/A,N
Goodness-of-Fit or Dispersion Statistic,"The statistic reported to show whether scatter among the contributing analyses exceeds what analytical uncertainty alone predicts, together with its value. The procedure may still state an acceptance threshold, which belongs with the inclusion criteria.",N/A,Basic,Text (free),,Source: Aggregation module,2026-08-25,reported property,Answers whether a reported aggregate is defensible as a single population. The value cannot be known before the analysis.,Y,Y,Y,,,,,,,,,,,,,,,,,,,,,,
Additional Notes,"Any procedure- or analysis-specific information not captured by a structured field anywhere in this TAPP — including anomalies, deviations from the registered procedure, instrument modifications, and supplementary context. Scope is the whole document, not Group 6: this is the last field of the TAPP and covers all six groups. Use sparingly; a structured field is preferred for anything that can be formally categorised.",Advanced,Advanced,Text (free),Free text,Source: Core module,2026-08-25,(none),,Y,Y,Y,,Probe size <1 nm stated for STEM-EDS maps and profiles (Sec 2.6),Probe size 136 pm stated for EDS spectrum images (Methods/TEM/U of A),Beam energy range 80–300 keV; specific voltage per dataset not stated,N,2-nm probe stated for EDS spectrum images; final FIB section ~100 nm thick,"Ar ion milling (Fischione NanoMill, ultra-low energy, Kyushu Univ) applied as additional cleaning step after FIB thinning","k-factor standards: troilite (Cape York iron meteorite) for Fe and S; millerite (Sanany, Ural, Russia) for Ni and S; Ar ion milling (Fischione NanoMill, ultra-low energy, Kyushu Univ) applied as additional FIB section cleaning step","""ARM"" designation implies probe Cs-correction (JEOL naming convention) but corrector type/details not stated; Ar ion milling (Fischione NanoMill, ultra-low energy, Kyushu Univ) applied as additional FIB section cleaning step",Incident probe diameter 4 nm for spectrum imaging (9 nA); EDS spectrum images: successive layers combined for >10% counting statistics per pixel; solar flare track density ~2×10¹⁰ cm⁻² in RA-QD02-0211,"EDS quantification via Velox 2.14 using Brown-Powell ionization cross-section model; FIB foil preparation and STEM imaging at 30 kV/0.4 nA also performed on FEI Scios FIB/SEM (Institute of Geochemistry, CAS) as a coupled step prior to TEM analysis on Talos F200S",FIB sections transferred to Cu TEM half-grids (not standard full grids); nanodiffraction used 0.1–0.3 mrad convergence angle in STEM mode (quasi-parallel beam); some carbonate compositions and modulation measurements reported using Molecular Foundry TitanX EDS (see separate column),EDS analysis areas 5–10 nm (Molecular Foundry); compositions displayed as color-coded maps in Esprit 1.9; O abundances noted as subject to variable self-absorption; compositions normalized to 100%,"Na,Ca carbonate grains extremely beam-sensitive: amorphized under electron beam; samples re-analyzed in 4 sessions (Dec 2023 – Dec 2024) to track terrestrial alteration; NO FIB used (authors note FIB may destroy beam-sensitive Na,Ca carbonates); underlying TEM data deposited at AstroMat (Table A4 supplementary); note: same Goethe lab and instrument (Talos F200X G2) as in Zega2025",STEM probe diameter = 2 nm (used for EDS spectrum imaging); 1% counting statistics criterion for EDX accumulation. Same instrument (JEOL 2500SE at ARES JSC) as KellerBerger2014. Phase ID relies entirely on HRTEM+FFT (no SAED used).,"Review paper — no original analytical data. Key points: (1) FIB is dominant sample prep method in NEPS; plasma cleaning recommended to reduce contamination. (2) Aberration-corrected HAADF-STEM enables atomic-resolution phase ID. (3) Cryo-TEM holder recommended for beam-sensitive samples (clay minerals, Fe-Mn oxyhydroxides). (4) EDS detection limit ~1000 ppm; EELS preferred for trace elements and valence state analysis. DOI: 10.1021/acsearthspacechem.2c00278",Same instrument (JEOL 2500SE at JSC ARES) as KellerBerger2014 and Thompson2020. HAADF-STEM images shown in Figures 5–7 but no HAADF angles stated. EDS compositions in Table 2 are normalized to 100%; actual quantification method not stated. FIB prep technique references: Holzapfel et al. 2009; Seifert et al. 2022; Zega et al. 2007.,"HF5000 at K-ALFAA, UA. Gatan OneView camera used for both TEM images and SAED. Probe Cs corrector (3rd-order) present but corrector settings not stated. SAED DIFPack calibration reference not stated. This is the same facility (K-ALFAA) used by Zega2025 (Goethe-UA column). Data deposited at astromat.org per Table S1.","JEOL JEM-2200FS at NRL with in-column Omega energy filter; Gatan OneView camera; 200 keV. EFTEM Ca M-edge mapping (35 eV loss, 10-eV slit) used to distinguish Ca-rich augite from Ca-poor pigeonite lamellae in exsolved grain ""2pyx"". SAED simulated with SingleCrystal (CrystalMaker Software); [1-11] zone axis of pigeonite (P2₁/c) and augite (C2/c) confirmed. HRTEM + inverse FFT (spot-pass filter) for lattice deformation visualization. FIB section stored under N₂ and baked 140°C/8h under vacuum before TEM. Coordinated with Nion UltraSTEM200-X (same FIB section). Pt-welded to Cu TEM half-grid after initial in situ thinning.",Nion UltraSTEM200-X at NRL; dedicated aberration-corrected STEM; cold-FEG; 0.1 nm probe diameter; 40 pA; 200 keV. Gatan Enfinium ER Dual EELS (simultaneous low-loss + core-loss spectrum imaging). Bruker X-Flash windowless SDD EDS (0.7 sr). EELS Fe³⁺/ΣFe quantified by integral I(L3)/I(L2) ratio → Van Aken & Liebscher (2002) universal calibration curve. Oxidation state maps by MLLS fitting with 2 reference spectra; Fe⁰+Fe²⁺ not separated by MLLS (overlapping L3 peaks); Fe⁰ identified by anti-correlation with O K-edge. EDS: Cliff-Lorimer; detector-specific k-factors; 60% O assumed; no absorption correction. Coordinated with JEOL JEM-2200FS (same FIB section). EELS + EDS acquisition details in supplementary Fig. S1. Data deposited at Zenodo: 10.5281/zenodo.7439174.,"FEI Talos F200X at SINANO CAS, Suzhou; 200 kV; FE-STEM. HAADF-STEM + EDS for Fe distribution mapping in np-Fe0, glass matrix, olivine. Phase identification by FFT of DF image lattice fringes (olivine d-spacings confirmed). Sample CE5C0400YJFM00505 allocated by China National Space Administration; stored and mounted in Ar-filled glovebox at IGCAS CAS; Au-coated. FIB foils prepared by Wirth method at IGCAS CAS; <100 nm. Coordinated with Hitachi HF5000 (EELS at Shanghai Institute of Ceramics CAS) and PHI 700/710 Auger nanoprobe (at Tsinghua University).","Hitachi HF5000 at Shanghai Institute of Ceramics CAS; 200 kV; 100 pA; Gatan GIF Quantum ER System Model 965 parallel EELS spectrometer. Energy resolution: 0.5–0.7 eV FWHM at ZLP. Fe L3,2 edge: L3 peak positions 707.7 eV (Fe⁰), 707.2 eV (Fe²⁺), 709.0 eV (Fe³⁺). EELS acquired in DualEELS mode; 10 s point analysis, 18 s line scan. Reference standards: Fe metal + troilite (L6 ordinary chondrite GRV051874) for Fe⁰/Fe²⁺; terrestrial hematite for Fe³⁺; wüstite and hematite from Yao et al. 2018 (AES refs). ZLP aligned before spectral comparison. Background and continuum removal methods not stated. Valence state ID is qualitative (peak position + lineshape). Coordinated with FEI Talos F200X (EDS at SINANO) and PHI 700/710 Auger nanoprobe."
