Severity,TAPP,Row,Field,Check,Message
INFO,(cross-TAPP),,Analysis Sequence,tier-divergence,"Tier assignment differs across 9 TAPPs — LA-MC-ICPMS_TAPP_v7.csv: C=Basic,D=Editable; LA-MC-ICPMS_UPb_TAPP_v7.csv: C=Basic,D=Editable; LA-Q-ICP-MS_TAPP_v11.csv: C=Basic,D=Editable; LA-Q-ICP-MS_UPb_TAPP_v12.csv: C=Basic,D=Editable; LA-SF-ICP-MS_TAPP_v11.csv: C=Basic,D=Editable; LA-SF-ICP-MS_UPb_TAPP_v12.csv: C=Basic,D=Editable; Solution_MC-ICP-MS_TAPP_v11.csv: C=Basic,D=Read-Only; Solution_Q-ICP-MS_TAPP_v13.csv: C=Basic,D=Read-Only; Solution_SF-ICP-MS_TAPP_v13.csv: C=Basic,D=Read-Only. Intentional divergence must be recorded in precedents.md (Rule 2/4)."
INFO,(cross-TAPP),,EDS Acquisition Mode,tier-divergence,"Tier assignment differs across 4 TAPPs — EPMA_TAPP_v13.csv: C=Basic,D=Read-Only; SEM_Composition_TAPP_v10.csv: C=Basic,D=Read-Only; SEM_TAPP_v10.csv: C=Basic,D=Read-Only; TEM_TAPP_v13.csv: C=Basic,D=Editable. Intentional divergence must be recorded in precedents.md (Rule 2/4)."
INFO,(cross-TAPP),,EDS Detector Configuration,tier-divergence,"Tier assignment differs across 4 TAPPs — EPMA_TAPP_v13.csv: C=Advanced,D=Read-Only; SEM_Composition_TAPP_v10.csv: C=Advanced,D=Read-Only; SEM_TAPP_v10.csv: C=Advanced,D=Read-Only; TEM_TAPP_v13.csv: C=Basic,D=Read-Only. Intentional divergence must be recorded in precedents.md (Rule 2/4)."
INFO,(cross-TAPP),,EDS Live Time per Point or Pixel,tier-divergence,"Tier assignment differs across 4 TAPPs — EPMA_TAPP_v13.csv: C=Basic,D=Editable; SEM_Composition_TAPP_v10.csv: C=Basic,D=Editable; SEM_TAPP_v10.csv: C=Basic,D=Editable; TEM_TAPP_v13.csv: C=Advanced,D=Editable. Intentional divergence must be recorded in precedents.md (Rule 2/4)."
INFO,(cross-TAPP),,Mass Resolution Setting,tier-divergence,"Tier assignment differs across 9 TAPPs — LA-MC-ICPMS_TAPP_v7.csv: C=Basic,D=Editable; LA-MC-ICPMS_UPb_TAPP_v7.csv: C=Basic,D=Editable; LA-Q-ICP-MS_TAPP_v11.csv: C=Basic,D=Read-Only; LA-Q-ICP-MS_UPb_TAPP_v12.csv: C=Basic,D=Read-Only; LA-SF-ICP-MS_TAPP_v11.csv: C=Basic,D=Editable; LA-SF-ICP-MS_UPb_TAPP_v12.csv: C=Basic,D=Editable; Solution_MC-ICP-MS_TAPP_v11.csv: C=Basic,D=Editable; Solution_Q-ICP-MS_TAPP_v13.csv: C=Basic,D=Read-Only; Solution_SF-ICP-MS_TAPP_v13.csv: C=Basic,D=Editable. Intentional divergence must be recorded in precedents.md (Rule 2/4)."
INFO,(cross-TAPP),,Per-Analyte Calibration Strategy,tier-divergence,"Tier assignment differs across 9 TAPPs — LA-MC-ICPMS_TAPP_v7.csv: C=Basic,D=Read-Only; LA-MC-ICPMS_UPb_TAPP_v7.csv: C=Basic,D=Read-Only; LA-Q-ICP-MS_TAPP_v11.csv: C=Basic,D=Read-Only; LA-Q-ICP-MS_UPb_TAPP_v12.csv: C=Basic,D=Read-Only; LA-SF-ICP-MS_TAPP_v11.csv: C=Basic,D=Read-Only; LA-SF-ICP-MS_UPb_TAPP_v12.csv: C=Basic,D=Read-Only; Solution_MC-ICP-MS_TAPP_v11.csv: C=Advanced,D=Read-Only; Solution_Q-ICP-MS_TAPP_v13.csv: C=Basic,D=Read-Only; Solution_SF-ICP-MS_TAPP_v13.csv: C=Basic,D=Read-Only. Intentional divergence must be recorded in precedents.md (Rule 2/4)."
INFO,(cross-TAPP),,Phase Identification Method,tier-divergence,"Tier assignment differs across 2 TAPPs — Lab-XCT_TAPP_v13.csv: C=Advanced,D=Editable; TEM_TAPP_v13.csv: C=Basic,D=Read-Only. Intentional divergence must be recorded in precedents.md (Rule 2/4)."
INFO,(cross-TAPP),,Sample Persistent Identifier,tier-divergence,"Tier assignment differs across 16 TAPPs — EPMA_TAPP_v13.csv: C=Advanced,D=Advanced; LA-MC-ICPMS_TAPP_v7.csv: C=Advanced,D=Advanced; LA-MC-ICPMS_UPb_TAPP_v7.csv: C=Advanced,D=Advanced; LA-Q-ICP-MS_TAPP_v11.csv: C=Advanced,D=Advanced; LA-Q-ICP-MS_UPb_TAPP_v12.csv: C=Advanced,D=Advanced; LA-SF-ICP-MS_TAPP_v11.csv: C=Advanced,D=Advanced; LA-SF-ICP-MS_UPb_TAPP_v12.csv: C=Advanced,D=Advanced; Lab-XCT_TAPP_v13.csv: C=Advanced,D=Advanced; SEM_Composition_TAPP_v10.csv: C=Advanced,D=Advanced; SEM_FIBSEM_TAPP_v9.csv: C=Advanced,D=Advanced; SEM_Imaging_TAPP_v9.csv: C=Advanced,D=Advanced; SEM_TAPP_v10.csv: C=Advanced,D=Advanced; Solution_MC-ICP-MS_TAPP_v11.csv: C=Advanced,D=Basic; Solution_Q-ICP-MS_TAPP_v13.csv: C=Advanced,D=Basic; Solution_SF-ICP-MS_TAPP_v13.csv: C=Advanced,D=Basic; TEM_TAPP_v13.csv: C=Advanced,D=Advanced. Intentional divergence must be recorded in precedents.md (Rule 2/4)."
INFO,(cross-TAPP),,Sample Preparation Method,tier-divergence,"Tier assignment differs across 15 TAPPs — EPMA_TAPP_v13.csv: C=Basic,D=Editable; LA-MC-ICPMS_TAPP_v7.csv: C=Basic,D=Editable; LA-MC-ICPMS_UPb_TAPP_v7.csv: C=Basic,D=Editable; LA-Q-ICP-MS_TAPP_v11.csv: C=Basic,D=Editable; LA-Q-ICP-MS_UPb_TAPP_v12.csv: C=Basic,D=Editable; LA-SF-ICP-MS_TAPP_v11.csv: C=Basic,D=Editable; LA-SF-ICP-MS_UPb_TAPP_v12.csv: C=Basic,D=Editable; SEM_Composition_TAPP_v10.csv: C=Basic,D=Editable; SEM_FIBSEM_TAPP_v9.csv: C=Basic,D=Editable; SEM_Imaging_TAPP_v9.csv: C=Basic,D=Editable; SEM_TAPP_v10.csv: C=Basic,D=Editable; Solution_MC-ICP-MS_TAPP_v11.csv: C=Basic,D=Read-Only; Solution_Q-ICP-MS_TAPP_v13.csv: C=Basic,D=Read-Only; Solution_SF-ICP-MS_TAPP_v13.csv: C=Basic,D=Read-Only; TEM_TAPP_v13.csv: C=Basic,D=Read-Only. Intentional divergence must be recorded in precedents.md (Rule 2/4)."
