Metadata Item,Description,Procedure-Level Tier,Analysis-Level Tier,Data Type,Example / Allowed Content,Comments,Last Update,Literature Assessment
1. Procedure Identification,,,,,,,,
Procedure Name,"A short descriptive name for this analytical procedure. Should include instrument, technique, and analyte scope.",Basic,Read-Only,Text (free),,,2026-07-24,
Technique,Top-level analytical technique identifier.,Basic,Read-Only,Controlled list,Solution MC-ICP-MS,,2026-06-18,
Procedure Author,Person(s) or laboratory responsible for developing and registering this procedure.,Basic,Read-Only,Text (free),,,2026-07-24,
Laboratory,Name of the laboratory or institution hosting the instrument.,Basic,Editable,Text (free),,,2026-06-18,
Laboratory ID,"Persistent identifier for the laboratory (e.g., ROR ID).",Advanced,Editable,URI / DOI,,,2026-06-18,
Procedure Start Date,First date this procedure configuration was used in production.,Basic,Read-Only,Date,,,2026-07-24,
Funding Source for Procedure Development,Grants and funding that supported development of this procedure. Include grant IDs.,Advanced,Read-Only,Text (free),,,2026-07-24,
Procedure Reference(s),DOI or URL for publications or reports describing or evaluating this procedure.,Advanced,Read-Only,URI / DOI,,,2026-07-24,
Procedure DOI,Persistent identifier (DOI) assigned to this registered procedure. Enter 'pending' if a DOI has been applied for but not yet minted.,N/A,Basic,URI / DOI,,,2026-07-24,
Analyst,Name of the analyst who conducted the analysis session.,N/A,Basic,Text (free),,,2026-06-18,
Analysis Start Date,Date on which the analysis session began.,N/A,Basic,Date,,,2026-06-18,
Analysis End Date,Date on which the analysis session ended (if spanning multiple days).,N/A,Basic,Date,,,2026-06-18,
Funding Source for Analysis,Grants and funding that supported this analytical campaign (distinct from procedure development funding). Include grant IDs.,N/A,Basic,Text (free),,,2026-07-24,
Coupled Technique(s),"Other analytical techniques applied to the same sample(s) whose results are intended to be interpreted together with data from this procedure. Document coupling with any technique whose results are functionally linked to this dataset (e.g., providing calibration inputs, complementary spatial context, or required companion measurements).",Advanced,Editable,Text (free),,,2026-07-24,
Coupling Description,Describes (1) the functional relationship between this dataset and the coupled technique — what data or context flows between them — and (2) the analytical sequence — which technique was performed first and why. Required when Coupled Technique(s) is not 'None'.,Advanced,Editable,Text (free),,,2026-06-18,
Coupled Procedure DOI,DOI of the registered procedure for the coupled technique.,N/A,Advanced,URI / DOI,,,2026-07-24,
Coupled Dataset or Publication Reference,"DOI of the dataset or publication containing the coupled technique data. If coupling is documented only through a shared sample IGSN (Group 2), this field may be 'None'.",N/A,Advanced,URI / DOI,,,2026-06-18,
,,,,,,,,
2. Samples,,,,,,,,
Target Material,"Type of geological or experimental material being analyzed (e.g., basalt, chondrite, seawater, mineral separate). Constrains the dissolution strategy, chromatographic separation, and matrix-matching requirements.",Basic,Read-Only,Text (free),Basalt | Chondrite | Seawater | Mineral separate | Synthetic solution | N/A | None | Other: specify,,2026-06-18,
Sample IGSN,International Geo Sample Number (IGSN) or other persistent identifier for the sample.,Advanced,Basic,URI / IGSN,,,2026-06-18,
Sample Description,"Brief description of sample provenance, form, or preparation state relevant to this analysis.",N/A,Basic,Text (free),,,2026-06-18,
Sample Preparation Method,"General approach to mechanical sample preparation prior to dissolution (e.g., whole-rock crushing and powdering, mineral separation). Documents how the solid material was conditioned before acid digestion.",Basic,Read-Only,Text (free),Whole-rock powder | Mineral separate | Dissolved residue | Pre-digested liquid | N/A | None | Other: specify,,2026-06-18,
Digestion Acid(s),"Acid mixture used for sample dissolution. Record acid type(s) and concentration(s) where known (e.g., concentrated HF–HNO3 in Parr bombs is standard for silicate dissolution). For isotope ratio work, complete matrix dissolution is required to avoid isotopic fractionation during partial dissolution.",Basic,Read-Only,Text (free),HF–HNO3 | HF–HNO3–HClO4 | HNO3–HCl | HNO3 only | N/A | None | Other: specify,,2026-06-18,
Digestion Vessel Type,"Type of vessel used for acid digestion. Vessel type constrains maximum temperature and pressure and determines suitability for refractory mineral dissolution (e.g., Parr bombs required for complete silicate digestion at high temperatures).",Basic,Read-Only,Controlled list,Savillex beaker | Parr bomb | TFE/TFM bomb | Carius tube | HPA-S | Open beaker | N/A | None | Other: specify,,2026-06-18,
Number of Digestion Steps,"Total number of distinct acid digestion steps required to dissolve the sample. Some procedures require multiple sequential steps (e.g., open-beaker HF–HNO3 dissolution followed by aqua regia reflux to destroy fluoride complexes).",Basic,Read-Only,Integer,1 | 2 | 3,,2026-07-24,
Digestion Temperature,Temperature at which acid digestion was carried out (°C). Procedure specifies the target temperature.,Basic,Editable,Numeric (°C),,,2026-07-24,
Digestion Duration,Duration of the primary acid digestion step (hours or days).,Basic,Editable,Text (free),,,2026-06-18,
Final Solution Matrix,Acid type and concentration of the final dissolved sample solution introduced to the instrument. Critical for isotope ratio work: acid molarity must be precisely matched between samples and bracketing standards to avoid matrix-induced mass bias offsets.,Basic,Read-Only,Text (free),0.3 M HNO3 | 2% HNO3 | 0.5 M HCl | 3 M HCl | N/A | None | Other: specify,,2026-06-18,
Sample Aliquot Mass or Volume,Mass (mg) of solid material digested or volume (mL) of liquid taken for dissolution. Used for yield calculations and concentration back-calculation in isotope dilution procedures.,Advanced,Editable,Numeric (mg or mL),,,2026-07-24,
Chromatographic Separation Applied,"Whether chromatographic separation was performed prior to MC-ICP-MS analysis. Separation is usually mandatory for solution MC-ICP-MS to remove matrix elements that cause variable mass bias and to eliminate isobaric interferences (e.g., removal of Cr and Ni from Fe fractions; separation of U from matrix). Record resin type and elution matrix. Record 'None' if direct digestion solution is analyzed (uncommon for isotope ratio work).",Basic,Read-Only,Controlled list,Anion exchange resin AG1-X8 (HCl) | Cation exchange resin AG50W-X8 | TRU resin | UTEVA resin | AG-MP-1 (HBr) | Thiol resin | Multi-step: specify | None | N/A | Other: specify,,2026-06-18,
Isotope Dilution Spike,"Isotopic spike material added to the sample before or during digestion for isotope dilution (ID) analysis or double-spike mass bias correction. For double-spike procedures, the spike must be added and equilibrated before digestion to correct for any isotopic fractionation during dissolution and column chemistry. For concentration ID, the spike must be added before digestion for complete equilibration. Record spike name or certificate reference, spike isotopes, and whether added pre- or post-digestion. Record 'None' if ID or double-spike technique is not used.",Basic,Read-Only,Text (free),IRMM-3636 (233U–236U double spike) | 117Sn–122Sn double spike (in-house) | 57Fe–58Fe double spike | None | N/A | Other: specify,,2026-07-24,
,,,,,,,,
3. Instrument & Software,,,,,,,,
Instrument Make and Model,"Manufacturer and model name of the MC-ICP-MS instrument. Determines the collector array geometry, available mass resolution modes, and detector complement.",Basic,Read-Only,Text (free),Thermo Scientific Neptune | Thermo Scientific Neptune Plus | Nu Instruments Nu Plasma II | Nu Instruments Nu Plasma 1700 | Nu Instruments Nu Sapphire | IsotopX Phoenix | N/A | None | Other: specify,,2026-06-18,
ICP-MS Type,"Type of ICP-MS system. Multi-collector sector-field instruments combine a magnetic sector and electrostatic analyser with a fixed array of Faraday cups (and optionally ion counters) that simultaneously collect multiple isotope beams, enabling high-precision static multi-collection.",Basic,Read-Only,Controlled list,Multi-collector sector-field (MC-ICP-MS) | Other: specify,,2026-06-18,
Instrument Serial Number or Lab Identifier,Serial number or laboratory-internal identifier for the specific instrument unit. Supports traceability to instrument service records.,Advanced,Editable,Text (free),,,2026-06-18,
Torch Type,"Type of plasma torch used (e.g., standard quartz, high-matrix, low-flow).",Advanced,Read-Only,Text (free),Standard quartz | High-matrix | Low-flow | N/A | None | Other: specify,,2026-06-18,
Interface Cone Configuration,"Geometry and designation of the sampler and skimmer cones installed during analysis. For Neptune-type instruments, H-cones (standard) and X-cones (high-sensitivity, ~3× higher transmission) are common options; the choice affects ion beam intensity and is a procedure design decision. Jet cones combined with an interface pump upgrade are used on some instruments for enhanced sensitivity.",Basic,Read-Only,Text (free),Ni H-sampler + Ni H-skimmer (standard) | Ni H-sampler + Ni X-skimmer | Ni Jet-sampler + Ni X-skimmer (with interface pump) | N/A | None | Other: specify,,2026-07-24,
Sampler and Skimmer Cone Material,"Material composition of the sampler and skimmer cones. Nickel (Ni) is standard for HNO3 matrices. Platinum (Pt) cones are used for HCl-rich matrices (e.g., 6 M HCl in Fe chemistry procedures) due to greater corrosion resistance.",Advanced,Read-Only,Text (free),Ni sampler and Ni skimmer | Pt sampler and Pt skimmer | Ni sampler and Pt skimmer | N/A | None | Other: specify,,2026-07-24,
Torch Depth,Distance between the load coil and the sampling cone tip (mm). Affects ion transmission efficiency and oxide formation rates. Procedure registers the target torch position; analyst confirms or adjusts during session tuning.,Advanced,Editable,Text (free),5 mm | Standard position (manufacturer default) | N/A | None,,2026-07-24,
Guard Electrode,"Whether a guard electrode (grounded shield electrode) is installed and active on the torch assembly. Capacitively decouples the plasma from the load coil, reducing secondary discharge and improving ion extraction efficiency.",Advanced,Read-Only,Controlled list,On | Off | Not installed | N/A | None | Other: specify,,2026-06-18,
Faraday Cup Array Configuration,"Description of the multi-collector Faraday cup array. Specify the total number of Faraday cup detectors (fixed and moveable), their labeled positions (e.g., L4, L3, L2, L1, Ax, H1, H2, H3, H4 for a 9-cup Neptune), and the presence and position of any ion counter (SEM) or Daly detector in the collector block. The number and span of cups constrains which isotope combinations can be simultaneously collected.",Basic,Read-Only,Text (free),Neptune: 9 Faraday cups (L4–H4) + 1 SEM (axial or off-axis); Nu Plasma II: 16 Faraday cups + 3 ion counters | N/A | None | Other: specify,,2026-06-18,
Faraday Cup Amplifier Resistor Values,"Resistance values (Ω) of the feedback resistors in the Faraday cup amplifiers. Standard amplifiers use 10¹¹ Ω resistors, yielding 1 V per ~6.24 × 10⁶ ion counts per second. High-gain amplifiers (10¹² or 10¹³ Ω) are fitted to selected cups to improve signal-to-noise for very low-intensity beams (e.g., 234U, low-abundance spike isotopes). Report the resistor value per cup position, or note 'all 10¹¹ Ω' if uniform.",Basic,Read-Only,Text (free),All cups: 10¹¹ Ω | L1: 10¹³ Ω (234U); all others: 10¹¹ Ω | N/A | None | Other: specify,,2026-06-18,
Faraday Cup Gain Calibration Method,"Method used to calibrate the relative gain (amplification factor) of each Faraday cup amplifier at the start of or during each analytical session. Relative gain differences between amplifiers cause systematic errors in isotope ratios if uncorrected. Common approaches: instrument internal gain calibration routine (measures signal in each cup sequentially using a common beam), amplifier rotation procedure, or measurement of a known isotope ratio solution in each cup. For instruments with SEM detectors, also describes the SEM-to-Faraday cross-calibration sequence. Specify frequency (per session, per block, weekly).",Basic,Read-Only,Text (free),Instrument internal gain calibration routine; baseline and gain calibrated at session start and daily | SEM-to-Faraday cross-calibration measured per session using known ratio solution | N/A | None | Other: specify,,2026-07-24,
Mass Resolution Setting,"Mass resolution mode used in this procedure. MC-ICP-MS instruments allow selection of low resolution (LR; m/Δm ≈ 300–400), medium resolution (MR; m/Δm ≈ 3000–8000), or high resolution (HR; m/Δm ≈ 10,000–12,000). Most isotope ratio measurements use low resolution after chemical separation has removed interfering elements. Medium or high resolution is used when polyatomic interferences (e.g., ArN+, ArO+, ArOH+ on Fe isotopes) cannot be fully resolved by chemistry alone. Procedure registers the mode in use; analyst confirms at session start.",Basic,Editable,Controlled list,LR (m/Δm ≈ 300) | MR (m/Δm ≈ 3000–8000) | HR (m/Δm ≈ 10000–12000) | N/A | None | Other: specify,,2026-07-24,
Collision/Reaction Cell (CRC) Configuration,"Whether a collision or reaction cell is installed and its operating mode for this procedure. Most conventional multi-collector instruments have no cell — mass bias and isobaric interferences are handled entirely by chemical separation and mass-bias correction (record 'Not installed'). A small number of modern MC-ICP-MS instruments (e.g., Nu Instruments Sapphire, Thermo Scientific Neoma MS/MS) add a hexapole collision/reaction cell upstream of the collector array, operated in STD/KED/DRC modes analogous to quadrupole ICP-MS/MS instruments, to suppress polyatomic and isobaric interferences before simultaneous multi-collection. Specific gas types, flow rates, and voltages are documented in Group 4.",Basic,Read-Only,Controlled list,"Not installed | STD (standard mode, no gas) | KED (kinetic energy discrimination, He gas) | DRC (dynamic reaction cell, reactive gas) | N/A | Other: specify",,2026-07-29,
Nebulizer Type,Type and material of the pneumatic nebulizer used for sample introduction. Affects droplet size distribution and uptake rate.,Basic,Read-Only,Text (free),PFA self-aspirating MicroFlow (50–100 µL/min) | PFA-ST | Glass concentric | ESI Apex-HF nebulizer | N/A | None | Other: specify,,2026-06-18,
Spray Chamber Type and Cooling Temperature,Type of spray chamber and cooling temperature if thermostatted (°C). Chamber type and temperature control aerosol droplet size and solvent vapor load reaching the plasma. Scott double-pass and cyclonic chambers are standard; in some procedures a spray chamber is placed downstream of a desolvating nebulizer to improve signal stability.,Basic,Read-Only,Text (free),Stable Introduction System (SIS): cyclonic + Scott double-pass | Scott double-pass (glass) at 2°C | Cyclonic at 5°C | Spray chamber downstream of Aridus II | N/A | None | Other: specify,,2026-07-24,
Desolvation System,"Desolvating nebulizer or membrane desolvator used upstream of the plasma to reduce solvent load, increase sensitivity, and lower oxide production rates. Frequently used in MC-ICP-MS for low-abundance isotopes or small sample sizes. Note that desolvation can introduce additional instrumental mass bias instability compared to wet introduction systems. Record 'None' if not used.",Advanced,Read-Only,Controlled list,Aridus II | Aridus I | Apex-IR | Apex-HF | ApexQ | None | N/A | Other: specify,,2026-06-18,
Sample Uptake Rate,Peristaltic pump speed or self-aspiration flow rate for sample introduction (µL/min or mL/min).,Basic,Editable,Numeric (µL/min or mL/min),,,2026-06-18,
Acquisition Software,Name and version of the software used to control the instrument and acquire raw multi-collector data.,Basic,Editable,Text (free),,,2026-06-18,
Data Reduction Software,"Name and version of the software used for data reduction: baseline subtraction, gain correction, mass bias correction (SSB, double-spike inversion, or internal normalization), interference corrections, and calculation of isotope ratios, δ-values, and concentrations. Include version number.",Basic,Editable,Text (free),,,2026-06-18,
,,,,,,,,
4. Measurement Information,,,,,,,,
RF Power,Radiofrequency forward power applied to the plasma (W). Controls ionization efficiency and oxide production rates.,Basic,Editable,Numeric (W),1200 | 1250 | 1300 | 1350,,2026-06-18,
Coolant (Plasma) Gas Flow Rate,Flow rate of the outer (coolant) argon gas stream (L/min). Influences plasma temperature and oxide ion formation.,Basic,Editable,Numeric (L/min),13–16 L/min,,2026-06-18,
Auxiliary Gas Flow Rate,Flow rate of the intermediate (auxiliary) argon gas stream between torch body and injector tube (L/min).,Basic,Editable,Numeric (L/min),0.8–1.1 L/min,,2026-06-18,
Nebulizer Gas Flow Rate,Flow rate of the carrier argon gas delivered through the nebulizer (L/min). Controls aerosol transport and strongly influences signal sensitivity and stability. Adjusted daily to optimize signal.,Basic,Editable,Numeric (L/min),0.85–1.05 L/min,,2026-06-18,
Make-up Gas Flow Rate,Supplementary argon flow added downstream of a desolvation system to maintain total gas delivery to the plasma (L/min). Record 'N/A' if no desolvation system is used.,Advanced,Editable,Numeric (L/min),,Only relevant when Desolvation System is not 'None',2026-06-18,
Plasma Thermal Mode,Whether the ICP plasma is operated under normal (hot) or cool plasma conditions. Normal plasma (>1000 W RF) is standard for solution MC-ICP-MS. Cool plasma is rarely used in MC-ICP-MS due to stability requirements for high-precision isotope ratio work.,Basic,Read-Only,Controlled list,Normal plasma | Cool plasma | N/A | None | Other: specify,,2026-06-18,
Analyte,"Element(s) whose isotopic composition or concentration is determined by this procedure. In solution MC-ICP-MS the analyte is typically a single element isotope system (e.g., Fe, U, Sn, Pb, Zn) or multiple elements when the measurement simultaneously yields isotope ratios and isotope dilution concentrations. The procedure registers the primary analyte element(s); at analysis level the analyst records the actual suite measured. The complete mass list and cup assignments are documented in Collector Configuration.",Basic,Editable,Text (free),,,2026-07-24,
Collector Configuration,"Assignment of isotope masses to Faraday cup or ion counter detector positions for this procedure. Lists the mass number monitored in each collector position (e.g., L4=116Sn, L3=117Sn, L2=118Sn, L1=119Sn, Ax=120Sn, H1=121Sb, H2=122Sn, H3=123Sb, H4=124Sn). For static multi-collection procedures, one configuration applies throughout the measurement. For multi-dynamic procedures, list all configurations and the cycling sequence. Includes all interference-monitor masses collected in addition to analyte isotopes. Analyte-specific: different element systems require different mass assignments within the collector array span.",Basic,Read-Only,Text (free),,Analyte-Specific,2026-07-24,
Number of Blocks per Measurement,"Number of measurement blocks acquired per sample or standard solution introduction. In MC-ICP-MS, data are structured as blocks of cycles; each block typically begins with a baseline (on-peak zero) measurement before the analytical cycles. Multiple blocks per sample allow inspection of signal stability and within-measurement drift. Procedure specifies the standard number; analyst may adjust for samples with low signal or for high-precision requirements.",Basic,Editable,Integer,1 | 2 | 3 | 5,,2026-07-24,
Number of Cycles per Block,Number of measurement cycles acquired per block. One cycle corresponds to a single set of simultaneous Faraday cup readings integrated for the duration specified in Integration Time per Cycle. Total integration time per sample = (Number of Cycles per Block) × (Integration Time per Cycle) × (Number of Blocks per Measurement). Procedure specifies the standard value; analyst may adjust within procedure bounds.,Basic,Editable,Integer,25 | 40 | 50 | 80,,2026-07-24,
Integration Time per Cycle,"Duration of signal integration per measurement cycle (seconds). Determines counting statistics per cycle. Longer integration times improve shot-noise precision but increase the impact of signal drift within the integration window. For high-gain (10¹² or 10¹³ Ω) amplifier channels, longer integration times are often required to accumulate sufficient charge. Procedure specifies the standard integration time; analyst may confirm or adjust within procedure bounds. Analyte-specific when different isotope channels use different integration schemes.",Basic,Editable,Numeric (s),4.194 s | 8 s | 10 s | 16.8 s,,2026-07-24,
Baseline Measurement Approach,"Method and timing for measuring the ion beam baseline (on-peak zero) during acquisition. In MC-ICP-MS, the baseline is measured at the start of each block by deflecting the ion beam (beam-off or electrostatic deflector) or by aspiring an acid blank solution, and integrating for a set number of cycles. The baseline signal is subtracted from all subsequent analytical cycles in that block. Specify: (1) baseline method (beam deflector / acid blank solution), (2) number of baseline cycles per block, (3) solution used for on-peak zero (same acid matrix as samples, e.g., 0.3 M HNO3). This field documents the acquisition procedure; the choice of blank correction approach is in Blank/Background Correction Method (Group 5).",Basic,Read-Only,Text (free),Beam deflector on-peak zero; 1 baseline block of 1 cycle (4.194 s) per measurement block | On-peak zero measured before each sample by aspirating 0.3 M HNO3 for 10 cycles | N/A | None | Other: specify,,2026-06-18,
Wash Time Between Samples,"Duration of instrument rinse between successive sample solutions (seconds). Controls carryover and memory effects. For isotope ratio work, complete washout is critical to prevent cross-contamination between samples with differing isotopic compositions.",Basic,Read-Only,Numeric (s),120 | 180 | 210 | 300,,2026-06-18,
Sample Sequence Design,"Description of the measurement order within a session: how sample solutions, bracketing standards, secondary reference materials, and blanks are interleaved. For SSB procedures, each sample is bracketed by two standards (standard–sample–standard); the bracketing standard is the same isotopic material as the zero-delta reference. For double-spike procedures, standards are spiked to the same level as samples before analysis.",Basic,Read-Only,Text (free),SSB: sample bracketed by two standards (Std1–Sample–Std2) | Double-spike: spiked standards bracketing spiked samples | SSB + secondary RM every 5 samples | N/A | None | Other: specify,,2026-07-24,
Collision Gas Type,"Type of collision gas used in KED mode for polyatomic interference suppression, on collision/reaction-cell-equipped MC-ICP-MS instruments (e.g., Nu Sapphire, Thermo Neoma MS/MS). Record 'N/A' if the instrument has no cell or KED mode is not used.",Basic,Read-Only,Controlled list,He | H2 | He+H2 | N/A | None | Other: specify,KED; only applicable to collision/reaction-cell-equipped MC-ICP-MS instruments,2026-07-29,
Collision Gas Flow Rate,"Flow rate of the collision gas in KED mode (mL/min), on collision/reaction-cell-equipped MC-ICP-MS instruments. Higher flow rates provide greater interference suppression at the cost of analyte sensitivity. Record 'N/A' if the instrument has no cell or KED mode is not used.",Basic,Editable,Numeric (mL/min),0.5 | 4.5 | 5.2 | N/A,KED; only applicable to collision/reaction-cell-equipped MC-ICP-MS instruments,2026-07-29,
Cell Exit Discrimination Voltage,"Kinetic energy discrimination offset voltage applied at the exit of the collision cell (V), on collision/reaction-cell-equipped MC-ICP-MS instruments. Controls the degree of polyatomic ion suppression. Record 'N/A' if the instrument has no cell or KED mode is not used.",Basic,Editable,Numeric (V),−2 | −5 | N/A,KED; only applicable to collision/reaction-cell-equipped MC-ICP-MS instruments,2026-07-29,
Reaction Gas Type,"Type of reactive gas introduced into the dynamic reaction cell (e.g., NH3, O2, CH4), on collision/reaction-cell-equipped MC-ICP-MS instruments. Record 'N/A' if the instrument has no cell or DRC mode is not used.",Advanced,Read-Only,Controlled list,NH3 | O2 | CH4 | N/A | None | Other: specify,DRC; only applicable to collision/reaction-cell-equipped MC-ICP-MS instruments,2026-07-29,
Reaction Gas Flow Rate,"Flow rate of the reaction gas in DRC mode (mL/min), on collision/reaction-cell-equipped MC-ICP-MS instruments. Record 'N/A' if the instrument has no cell or DRC mode is not used.",Advanced,Editable,Numeric (mL/min),,DRC; only applicable to collision/reaction-cell-equipped MC-ICP-MS instruments,2026-07-29,
Internal Standard Element,Element added at a known concentration to all sample and standard solutions to serve as an internal normalization standard for mass bias correction (SSB + internal normalization procedures). The element must have a known isotopic composition and mass similar to the analyte. Examples: Ni or Cu doping for Fe isotopes (must verify complete matrix separation); Tl for Pb isotopes; Cd for Sb isotopes. Specify element and monitored isotope. Record 'None' if SSB without internal standard or double-spike method is used.,Basic,Read-Only,Text (free),Cu (65Cu/63Cu for Fe procedures) | Ni (62Ni/58Ni for Fe procedures) | Tl (205Tl/203Tl for Pb procedures) | Cd (113Cd/111Cd for Sb procedures) | None | N/A | Other: specify,,2026-07-24,
Internal Standard Concentration,Target concentration of the internal normalization standard element in all measured solutions (µg/L).,Advanced,Read-Only,Numeric (µg/L),,Only relevant when Internal Standard Element is not 'None',2026-06-18,
Oxide Production Method and Threshold,"Method used to quantify plasma oxide production and the acceptance threshold applied before commencing analysis. CeO+/Ce+ (m/z 156/140) is the standard monitor proxy. Record both the monitored mass ratio(s) and the maximum allowed threshold(s). Stricter oxide thresholds may be required for analytes sensitive to oxide interferences (e.g., BaO+ on REE isotopes). Measured values are recorded in Oxide Production.",Basic,Read-Only,Text (free),CeO+/Ce+ (m/z 156/140) < 0.5% | CeO+/Ce+ < 0.3%; BaO+/Ba+ (m/z 154/138) < 0.1% | N/A | None | Other: specify,,2026-06-18,
Oxide Production,"Measured oxide production ratio obtained during session-start tuning, for the proxy specified in Oxide Production Method and Threshold. Record the measured value and confirm whether the procedure threshold was met.",N/A,Basic,Text (free),CeO+/Ce+ = 0.3% (threshold < 0.5% met) | BaO+/Ba+ = 0.07% (threshold < 0.1% met),,2026-07-24,
,,,,,,,,
5. Data Processing,,,,,,,,
Mass Bias Correction Strategy,"Primary strategy used to correct for instrumental isotopic mass fractionation. In solution MC-ICP-MS, instrumental mass bias is typically 3–5%/amu and must be corrected before isotope ratios can be interpreted geochemically. Four main strategies: (1) Sample-standard bracketing (SSB): alternating sample and isotopic standard measurements; bias interpolated linearly between bracketing measurements. (2) Double-spike: a mixture of two enriched isotopes of the analyte element added before digestion provides an internal monitor of both instrumental and chemical mass fractionation. (3) Internal normalization: an element of known isotopic composition added to samples and standards; measured ratio of normalizing element used to calculate the mass bias factor applied to analyte ratios. (4) SSB + internal normalization: both strategies applied simultaneously for redundant bias correction.",Basic,Read-Only,Controlled list,SSB | Double-spike | Internal normalization | SSB + internal normalization | N/A | None | Other: specify,,2026-06-18,
Mass Fractionation Law,"Mathematical law used to parameterize instrumental isotope mass fractionation as a function of mass difference. The exponential law (Maréchal et al. 1999) is most widely used and theoretically best justified for MC-ICP-MS. The linear law assumes fractionation proportional to mass difference. The power law is an alternative formulation. For double-spike procedures, the law is embedded in the inversion algorithm and must be consistent between spike calibration and sample data reduction.",Basic,Read-Only,Controlled list,Exponential | Linear | Power | N/A | None | Other: specify,,2026-07-24,
Double-Spike Isotope Pair,"The pair of enriched isotopes used to construct the double spike. Both isotopes must be naturally rare, free from isobaric interferences, and chosen to minimize error magnification in the inversion. The double spike composition must be accurately calibrated before use. Specify both isotope masses and the spike certificate or calibration reference. Record 'N/A' if double-spike method is not used.",Basic,Read-Only,Text (free),233U–236U (IRMM-3636) | 117Sn–122Sn (in-house calibrated) | 57Fe–58Fe | 61Ni–62Ni | 204Pb–207Pb | N/A | None | Other: specify,Double-spike only; record 'N/A' if not applicable,2026-06-18,
Double-Spike Mixing Ratio,"Target proportion of double-spike signal relative to total analyte signal in the spiked mixture, expressed as spike fraction (0–1) or spike:sample ratio. An optimal mixing ratio minimizes error propagation through the double-spike inversion; the optimum is analyte-system specific and is typically determined using the Double Spike Toolbox or equivalent. The achieved mixing ratio may deviate from the target within acceptable bounds (typically ±20% of optimal); the double-spike inversion corrects for actual mixing ratios. Record 'N/A' if double-spike method is not used.",Advanced,Editable,Text (free),~0.40 (spike fraction; optimal for 117Sn–122Sn) | ~0.5 spike:sample | N/A | None,Double-spike only; record 'N/A' if not applicable. C=Advanced vs Basic: pending lit assessment,2026-06-18,
Double-Spike Inversion Algorithm,"Mathematical algorithm used to simultaneously solve for the true sample isotope ratio and the mass fractionation factor from the measured spike-sample mixture. Common implementations: iterative Newton-Raphson solution, matrix algebraic approach, or published software (e.g., Rudge et al. 2009 Double Spike Toolbox). Specify the algorithm or software reference and version. Record 'N/A' if double-spike method is not used.",Basic,Read-Only,Text (free),Rudge et al. (2009) Double Spike Toolbox | Iterative Newton-Raphson (Compston & Oversby 1969) | In-house spreadsheet implementing exponential-law inversion | N/A | None | Other: specify,Double-spike only; record 'N/A' if not applicable,2026-06-18,
Internal Normalization Element and Isotope Ratio,"Element and isotope ratio used as the internal normalization standard for mass bias correction. The measured ratio of the normalizing element is used to calculate the mass bias factor β using the chosen mass fractionation law, which is then applied to correct the analyte isotope ratios assuming β_norm ≈ β_analyte. Specify the element, the monitored isotope ratio (e.g., 113Cd/111Cd for Sb measurements), and the certified or consensus value used for correction. Record 'N/A' if internal normalization is not used.",Basic,Read-Only,Text (free),60Ni/58Ni = 0.38579 (from IUPAC 2021) for Fe-Ni doping | 65Cu/63Cu = 0.44561 for Fe-Cu doping | 113Cd/111Cd = 0.95542 (Abouchami et al. 2012) for Sb | 205Tl/203Tl = 2.38714 for Pb | N/A | None | Other: specify,Internal normalization only; record 'N/A' if not applicable,2026-06-18,
Isotope Ratio Reported,"Specific isotope ratio pair(s) reported as primary data output. The denominator isotope is typically the reference mass used in the delta notation (e.g., 54Fe for Fe isotopes, 235U for U isotopes). Report all ratio pairs routinely calculated and reported. Analyte-specific.",Basic,Read-Only,Text (free),56Fe/54Fe and 57Fe/54Fe | 238U/235U | 122Sn/118Sn | 123Sb/121Sb | 206Pb/204Pb; 207Pb/204Pb; 208Pb/204Pb | N/A | None | Other: specify,Analyte-Specific,2026-06-18,
delta or epsilon Value Reference Standard,"International or community-accepted isotopic reference standard used as the zero-delta anchor for expressing isotopic compositions in delta (δ, per mil) or epsilon (ε, per ten thousand) notation: δⁱX = [(ⁱX/ʲX)sample / (ⁱX/ʲX)reference − 1] × 1000‰. The reporting reference is a per-study or per-publication decision and is specified at analysis level. Specify the standard name, lot or batch number where applicable, and the certified or consensus isotope ratio used for normalization. Analyte-specific.",N/A,Basic,Text (free),IRMM-014 (Fe; Taylor et al. 1992) | CRM-112a / SRM-960 (U) | NIST SRM 981 (Pb) | NIST SRM 3102a (Sb) | Sn_IPGP (in-house Sn standard) | JMC Lyon (Zn) | N/A | None | Other: specify,Analyte-Specific,2026-06-18,
Per-Analyte Calibration Strategy,"Approach used to convert measured ion signals to elemental concentrations, where concentration data are also a product of the procedure (e.g., isotope dilution combined with isotope ratio measurement). For procedures producing isotope ratios only (no concentration output), record 'Not applicable (isotope ratios only)'. For double-spike procedures that simultaneously yield concentrations, record the ID calculation approach. Analyte-specific when different elements use different strategies.",Advanced,Read-Only,Controlled list,Not applicable (isotope ratios only) | Isotope dilution via double-spike inversion (concentrations co-determined with isotope ratios) | IUPAC isotope dilution equations (separate ID spike) | N/A | None | Other: specify,,2026-07-24,
Signal Integration Interval Method,"Method used to define which portion of the acquisition signal is integrated for each measurement. In MC-ICP-MS, all cycles within a block are typically used unless signal instability is detected. Specify the rule for including or excluding individual cycles.",Basic,Read-Only,Controlled list,All cycles included unless signal instability detected | Visual inspection of cycle-by-cycle data; outlier cycles excluded manually | Automated 2σ outlier rejection per block | N/A | None | Other: specify,,2026-06-18,
Signal Integration Time,Total integration time per sample solution (s). Calculated from blocks × cycles per block × integration time per cycle. Recorded at analysis level as the actual total time used.,N/A,Basic,Numeric (s),,,2026-06-18,
Blank/Background Correction Method,"Method used to subtract instrument background from analytical signals. In MC-ICP-MS, on-peak zero subtraction (aspirating the same acid matrix as samples while measuring background at the analyte masses with beam deflector or from baseline cycles at the start of each block) is standard. For isotope ratio procedures where procedural blank is minor relative to the sample signal, on-peak zero is often sufficient. For low-level analyses, procedural blank must be measured and subtracted.",Basic,Read-Only,Controlled list,On-peak zero (acid blank) | Procedural blank | On-peak zero + procedural blank | N/A | None | Other: specify,,2026-07-24,
Spike/Outlier Filtering Approach,Criteria used to identify and exclude anomalous cycles or replicate measurements from the calculated isotope ratio mean. Filtering is applied after baseline subtraction and before mass bias correction.,Advanced,Editable,Text (free),2σ exclusion on per-cycle ratios | Grubbs test | Visual inspection | None | N/A | Other: specify,,2026-06-18,
Isobaric Interference Corrections Applied,"Whether mathematical corrections for residual isobaric or polyatomic interferences are applied in data reduction, supplementary to any interference suppression achieved by chemical separation or mass resolution. In solution MC-ICP-MS, chemical separation is the primary interference mitigation; mathematical corrections address residual contributions. Common examples: 204Hg on 204Pb; abundance sensitivity tailing of 238U onto 236U and 235U. Analyte-specific.",Basic,Read-Only,Controlled list,Y | N | Analyte-specific | N/A | None | Other: specify,Analyte-Specific,2026-06-18,
Interfering Species,"List of isobaric or polyatomic species mathematically corrected in data reduction. Includes direct isobars (e.g., 54Cr+ on 54Fe+, 58Ni+ on 58Fe+), abundance sensitivity tailing (e.g., 238U tail on 235U and 236U in U isotope measurements), and hydride interferences (e.g., 238UH+ at mass 239). Analyte-specific.",Basic,Read-Only,Text (free),54Cr+ on 54Fe+; 58Ni+ on 58Fe+ | 204Hg+ on 204Pb (corrected via 202Hg monitor) | 238U abundance sensitivity tail on 235U and 236U | None | N/A | Other: specify,Analyte-Specific,2026-06-18,
Interference Correction Method,"Mathematical approach used to calculate and remove residual interference contributions. For direct isobars, interference monitor masses (e.g., 202Hg to correct 204Hg on 204Pb) are measured simultaneously and used with natural abundance ratios to calculate the interference contribution. For abundance sensitivity, the tailing factor is measured using a pure standard. Analyte-specific.",Basic,Read-Only,Text (free),Monitor mass correction: 202Hg signal × (204Hg/202Hg)natural to correct 204Pb | Abundance sensitivity tailing factor measured weekly from pure U standard | None | N/A | Other: specify,Analyte-Specific,2026-06-18,
Isotope Dilution Data Reduction Method,"Mass balance approach used to calculate sample isotope ratios and/or elemental concentrations from spike-sample mixture measurements. For double-spike procedures, isotope ratios and concentrations are co-determined through the spike inversion. For conventional ID concentration procedures (separate concentration spike), IUPAC ID equations are used. Record 'None' if neither isotope dilution nor double-spike methods are used.",Basic,Read-Only,Text (free),Double-spike inversion (isotope ratios and concentrations co-determined) | IUPAC isotope dilution equations (concentration from separate ID spike) | None | N/A | Other: specify,,2026-07-24,
Memory Effect Mitigation,"Procedure applied to minimize carryover of analyte isotopes between successive sample introductions. In MC-ICP-MS, extended rinse periods with the same acid matrix as samples (see Wash Time Between Samples) are the primary mitigation. At data processing level, documents any flagging or exclusion of measurements preceded by samples with significantly different isotopic compositions where carryover may be suspected.",Advanced,Editable,Text (free),Extended acid rinse between samples; first measurement excluded if preceded by high-signal sample | Blank measurement inspected before each sample; session halted if blank > 0.5% of sample signal | None required for this analyte suite | N/A | None,,2026-07-24,
Uncertainty Propagation Method,"Method used to propagate analytical uncertainties from raw isotope ratios through to final δ or ε values. For SSB procedures, uncertainty is typically calculated from the reproducibility of bracketing standard measurements. For double-spike procedures, uncertainty is propagated through the inversion using error propagation equations or Monte Carlo simulation.",Advanced,Editable,Text (free),2σ of bracketing standard reproducibility propagated to sample | Monte Carlo simulation through double-spike inversion | ISO GUM quadrature propagation | N/A | None | Other: specify,,2026-07-24,
Normalization/Standards-Based Correction,Post-acquisition normalization applied to output isotope ratio data beyond the primary mass bias correction. Examples: correction of δ values for decay of enriched spike isotopes between calibration and use date (double-spike procedures); age correction of δ238U for secular disequilibrium. Record 'None' if no additional normalization is applied.,Advanced,Editable,Text (free),Spike isotope decay correction applied | Age correction for U-series disequilibrium | None | N/A | Other: specify,,2026-07-24,
Constants and Reference Values Used,"Physical constants and reference values used in data reduction to calculate the final reported quantity (e.g., decay constants for age calculation, standard isotope ratios, or other citable reference values used in a correction or calculation), together with their source. Distinct from Reference Material Information / Secondary Reference Materials (Group 6), which document accepted values for specific calibration/validation materials rather than universal physical constants. Record ""None"" if no citable, revisable physical constants feed into this procedure's data reduction.",Basic,Editable,Text (free),"e.g., ""λ238U = 1.55125×10⁻¹⁰ yr⁻¹, λ235U = 9.8485×10⁻¹⁰ yr⁻¹ (Jaffey et al. 1971); 238U/235U = 137.818 (Hiess et al. 2012)"" | ""None""",,2026-07-28,
,,,,,,,,
6. Quality Control & Uncertainty,,,,,,,,
Primary Calibration Standard Name,"Name and reference material identifier of the isotopic reference standard used as the bracketing standard (SSB) or zero-delta anchor. This is an isotopic composition standard (not a concentration standard): it defines the isotopic composition against which all sample δ or ε values are normalized. Must be a pure, homogeneous, internationally distributed material with well-characterized isotopic composition. For double-spike procedures, also used for spike calibration.",Basic,Editable,Text (free),IRMM-014 (Fe isotopes; Taylor et al. 1992) | CRM-112a / SRM-960 (U isotopes) | NIST SRM 981 (Pb isotopes) | JMC Lyon Zn standard | NIST SRM 3102a (Sb) | In-house single-element standard solution: specify | N/A | None | Other: specify,,2026-07-24,
Calibration Standard Measurement Frequency,"How often the primary isotopic standard is measured relative to unknown samples within a session. For SSB, typically one standard measurement before and one after each sample (standard–sample–standard triplet). Specify the bracketing scheme.",Basic,Read-Only,Text (free),SSB: one standard before and one after every sample | One standard every 3 samples | Start and end of session only | N/A | None | Other: specify,,2026-06-18,
Secondary Reference Materials,"Reference material(s) measured as unknowns to independently assess analytical accuracy. Specify material name and the isotopic composition reference source (certified value, consensus value, or literature compilation). For isotope ratio procedures, secondary RMs are geological materials with published isotopic compositions (e.g., BHVO-2 for Fe isotopes) or pure isotopic standards of certified composition.",Basic,Editable,Text (free),BHVO-2 (Fe isotopes; Dauphas & Rouxel 2006 compilation) | BCR-2 | NIST SRM 960 or equivalent U standard | NIST SRM 981 (Pb) | AGV-2 | N/A | None | Other: specify,,2026-07-24,
In-Run Isotope Ratio Reproducibility and Assessment Method,"Reproducibility of isotope ratio or δ-value measurements within a single analytical session and the method used to assess it. For solution MC-ICP-MS, precision is reported as 2σ (two standard deviations) or 2SE (two standard errors of the mean) on replicate analyses of an isotopic standard or secondary reference material run as an unknown during the session. Specify: (1) the metric (2σ, 2SD, 2SE, 95% CI); (2) the reference material or standard analyzed; (3) the number of replicate measurements; (4) the ratio pair or δ value assessed. Example: 2SD = 0.03‰ on δ56Fe (n = 10 BHVO-2 analyses in session).",Advanced,Basic,Text (free),2SD = 0.03‰ on δ56Fe (n=10 BHVO-2); session | 2σ = 0.004‰ on δ238U (n=9 CRM-112a brackets) | N/A | None | Other: specify,,2026-06-18,
Between-Session Reproducibility and Assessment Method,Reproducibility of isotope ratio or δ-value measurements across multiple analytical sessions (long-term external reproducibility) and the method used to assess it. Typically expressed as 2SD of repeated independent measurements of a secondary reference material across sessions over weeks to months. Specify: (1) the metric; (2) the reference material; (3) the number of measurements and sessions; (4) the ratio or δ value assessed.,Advanced,Basic,Text (free),2SD = 0.030‰ on δ56Fe (n=23 sessions; BHVO-1; Dauphas et al. 2009) | 2SD = 0.005‰ on δ238U (n > 50 analyses; CRM-112a) | N/A | None | Other: specify,,2026-06-18,
Analytical Accuracy and Assessment Method,"Accuracy of isotope ratio or δ-value measurements relative to certified or published consensus values and the method used to assess it. For isotope ratio procedures, accuracy is typically assessed by comparing measured δ values for secondary geological reference materials against published interlaboratory compilations or certified values.",Advanced,Basic,Text (free),% deviation from published δ56Fe for BHVO-1 compilation value | Agreement with certified δ238U of IRMM-3636 spike solution | Z-score relative to interlaboratory consensus | N/A | None | Other: specify,,2026-07-24,
Detection Limit,"Elemental detection limits for each analyte, applicable when isotope dilution concentrations are also reported. For pure isotope ratio procedures (no concentration output), this field is N/A or reports the minimum sample mass required for a measurement at target precision. Specify units µg/g or µg/L and whether values are procedure-typical estimates or session-measured.",Advanced,Basic,Numeric + unit / Text,,Analyte-Specific; record N/A if procedure produces isotope ratios only,2026-07-24,
Detection Limit Method,Method used to calculate detection limits for each analyte where concentration data are reported.,Advanced,Basic,Controlled list,3σ blank | 3× blank mean | Poisson statistics | N/A | None | Other: specify,,2026-06-18,
Limit of Quantification (LOQ) Method,"Method used to determine the limit of quantification, where applicable.",Advanced,Basic,Controlled list,10σ blank | 10× DL | S/N ≥ 10 | N/A | None | Other: specify,,2026-06-18,
Additional Notes,"Any procedure- or analysis-specific information not captured by other fields, including anomalies, deviations from procedure, instrument modifications, or supplementary context.",Advanced,Advanced,Text (free),,,2026-07-24,
