Metadata Item,Description,Procedure-Level Tier,Analysis-Level Tier,Data Type,Example / Allowed Content,Comments,Last Update,Literature Assessment,Hu+Gao2008 | PerkinElmer ELAN 6100 DRC | NWU Xi'an,Yu+etal2005 | PerkinElmer ELAN DRC II | Univ Cambridge,Makishima+etal2011 | Agilent 7500cs | PML Okayama,Long+etal2025 | Agilent 7900 | IPGP France,Lu+etal2007 | Agilent 7500cs | PML Okayama
1. Procedure Identification,,,,,,,,,N,N,N,N,N
Procedure Name,"A short descriptive name for this analytical procedure. Should include instrument, technique, and analyte scope.",Basic,Read-Only,Text (free),,,2026-07-24,,N,N,N,N,N
Technique,Top-level analytical technique identifier.,Basic,Read-Only,Controlled list,Solution Q-ICP-MS,,2026-06-16,,Solution Q-ICP-MS,Solution Q-ICP-MS,Solution Q-ICP-MS,Solution Q-ICP-MS,Solution Q-ICP-MS
Procedure Author,Person(s) or laboratory responsible for developing and registering this procedure.,Basic,Read-Only,Text (free),,,2026-07-24,,N,N,N,N,N
Laboratory,Name of the laboratory or institution hosting the instrument.,Basic,Editable,Text (free),,,2026-06-16,,"State Key Laboratory of Continental Dynamics, Northwest University, Xi'an (affiliation)",University of Cambridge (affiliation),"Pheasant Memorial Laboratory (PML) for Geochemistry and Cosmochemistry, Okayama University (affiliation)","Institut de Physique du Globe de Paris (IPGP), France (affiliation)","Pheasant Memorial Laboratory (PML), Okayama University (section 2.1)"
Laboratory ID,"Persistent identifier for the laboratory (e.g., ROR ID).",Advanced,Editable,URI / DOI,,,2026-06-16,,N,N,N,N,N
Procedure Start Date,First date this procedure configuration was used in production.,Basic,Read-Only,Date,,,2026-07-24,,N,N,N,N,N
Funding Source for Procedure Development,Grants and funding that supported development of this procedure. Include grant IDs.,Advanced,Read-Only,Text (free),,,2026-07-24,,N,N,N,N,N
Procedure Reference(s),DOI or URL for publications or reports describing or evaluating this procedure.,Advanced,Read-Only,URI / DOI,,,2026-07-24,,N,N,N,N,N
Procedure DOI,Persistent identifier (DOI) assigned to this registered procedure. Enter 'pending' if a DOI has been applied for but not yet minted.,N/A,Basic,URI / DOI,,,2026-07-24,,N/A,N/A,N/A,N/A,N/A
Analyst,Name of the analyst who conducted the analysis session.,N/A,Basic,Text (free),,,2026-06-16,,N/A,N/A,N/A,N/A,N/A
Analysis Start Date,Date on which the analysis session began.,N/A,Basic,Date,,,2026-06-16,,N/A,N/A,N/A,N/A,N/A
Analysis End Date,Date on which the analysis session ended (if spanning multiple days).,N/A,Basic,Date,,,2026-06-16,,N/A,N/A,N/A,N/A,N/A
Funding Source for Analysis,Grants and funding that supported this analytical campaign (distinct from procedure development funding). Include grant IDs.,N/A,Basic,Text (free),,,2026-07-24,,N/A,N/A,N/A,N/A,N/A
Coupled Technique(s),"Other analytical techniques applied to the same sample(s) whose results are intended to be interpreted together with data from this procedure. Document coupling with any technique whose results are functionally linked to this dataset (e.g., providing calibration inputs, complementary spatial context, or required companion measurements).",Advanced,Editable,Text (free),,,2026-07-24,,N,ICP-AES (for initial [Ca] determination; stated section 2),N,MC-ICP-MS (Neptune Plus at IPGP; for Zn isotope measurements; stated Methods),SF-ICP-MS (Finnigan ELEMENT at PML; for Ti measurements; stated section 2.1.2)
Coupling Description,Describes (1) the functional relationship between this dataset and the coupled technique — what data or context flows between them — and (2) the analytical sequence — which technique was performed first and why. Required when Coupled Technique(s) is not 'None'.,Advanced,Editable,Text (free),,,2026-06-16,,N,ICP-AES measured initial Ca concentration; sample then diluted to 100 ppm Ca for Q-ICP-MS analysis; ICP-AES performed first (stated section 2),N,"Same dissolved aliquots analyzed by Q-ICP-MS (major/trace elements, masses 23-75) and MC-ICP-MS (Zn isotopes); stated Methods","Q-ICP-MS (7500cs) measured B, Zr, Nb, Mo, Sn, Sb, Hf, Ta; SF-ICP-MS (ELEMENT) measured Ti and Nb; both techniques on same digested solutions; stated section 2.1"
Coupled Procedure DOI,DOI of the registered procedure for the coupled technique.,N/A,Advanced,URI / DOI,,,2026-07-24,,N/A,N/A,N/A,N/A,N/A
Coupled Dataset or Publication Reference,"DOI of the dataset or publication containing the coupled technique data. If coupling is documented only through a shared sample IGSN (Group 2), this field may be 'None'.",N/A,Advanced,URI / DOI,,,2026-06-16,,N/A,N/A,N/A,N/A,N/A
2. Samples,,,,,,,,,N,N,N,N,N
Target Material,"Type of geological or experimental material being analyzed (e.g., basalt, peridotite, meteorite, synthetic solution). Constrains the calibration strategy and matrix-matching requirements.",Basic,Read-Only,Text (free),Basalt | Chondrite | Peridotite | Synthetic solution | N/A | None | Other: specify,,2026-06-16,,"Geological reference materials (basalt, andesite, granite, shale); upper continental crust samples (stated abstract)",Foraminifera calcite (benthic and planktonic species; stated abstract),"Silicate reference materials (basalt, andesite, peridotite), NIST SRM glasses, carbonaceous chondrites (stated section 2)","Carbonaceous chondrites (CI, CM, CV, CO, CR, CK, CH, CY, CB types; stated abstract)","Geological reference materials (basalt, andesite, peridotite) and carbonaceous chondrites (stated section 2.5)"
Sample IGSN,International Geo Sample Number (IGSN) or other persistent identifier for the sample.,Advanced,Basic,URI / IGSN,,,2026-06-16,,N/A,N/A,N/A,N/A,N/A
Sample Description,"Brief description of sample provenance, form, or preparation state relevant to this analysis.",N/A,Basic,Text (free),,,2026-06-16,,N/A,N/A,N/A,N/A,N/A
Sample Preparation Method,"General approach to mechanical sample preparation prior to dissolution (e.g., whole-rock crushing and powdering, mineral separation). Documents how the solid material was conditioned before acid digestion.",Basic,Read-Only,Text (free),Whole-rock powder | Mineral separate | Dissolved residue | Pre-digested liquid | N/A | None | Other: specify,,2026-06-16,,Whole-rock powder (50 mg; stated section 3.3),Foraminifera shells cleaned mechanically and chemically then dissolved; no grinding (stated section 2),Whole-rock powder or glass chips (stated section 2),N,Whole-rock powder (decomposed in TFM bomb with HF; stated section 2.1.1)
Digestion Acid(s),"Acid mixture used for sample dissolution. Record acid type(s) and concentration(s) where known (e.g., concentrated HF–HNO3, HNO3–HCl).",Basic,Read-Only,Text (free),HF–HNO3 | HNO3–HCl | HNO3 only | Aqua regia | N/A | None | Other: specify,,2026-06-16,,Step 1: conc. HNO3 (1 ml) + conc. HF (1 ml); Steps 2-3: conc. HNO3 fuming to dryness (twice); Step 4: HNO3 (1.5 ml) + ultra-pure water (2.5 ml); stated section 3.3,N/A (simple dissolution in 0.075 M HNO3; stated section 2),"HF + HClO4 (basalt/glass, ultrasonic); HF alone in TFE bomb (peridotite/chondrite; stated section 2)",N,0.5 mol/l HF (stated section 2.1.1)
Digestion Vessel Type,Type of vessel used for acid digestion. Vessel type constrains maximum temperature and pressure and determines suitability for refractory mineral dissolution.,Basic,Read-Only,Controlled list,Savillex beaker | Parr bomb | Carius tube | HPA-S | Open beaker | N/A | None | Other: specify,,2026-06-16,,PTFE-lined stainless steel bomb (home-made; stated section 3.3),N/A (simple dissolution in vial; stated section 2),Ultrasonic bath (basalt/glass); TFE bomb at 245 deg C (peridotite/chondrite; stated section 2),N,TFM bomb (TFM-981; stated section 2.1.1)
Number of Digestion Steps,"Total number of distinct acid digestion steps required to dissolve the sample. Some procedures require multiple sequential steps (e.g., an initial open-beaker HF–HNO3 dissolution followed by a second closed-vessel step for residues retaining refractory minerals).",Basic,Read-Only,Integer,1 | 2 | 3,,2026-07-24,,2 (step 1: bomb at 190 deg C / 48 h in HNO3+HF; step 4: bomb at 150 deg C overnight in HNO3+water; five steps explicitly numbered; stated section 3.3),1 (simple dissolution; stated section 2),N,N,N
Digestion Temperature,Temperature at which acid digestion was carried out (°C). Procedure specifies the target temperature.,Basic,Editable,Numeric (°C),,,2026-07-24,,190 deg C (stated section 3.3),N/A (ambient dissolution; stated section 2),Ambient for ultrasonic; 245 deg C for TFE bomb (stated section 2),N,N
Digestion Duration,Duration of the primary acid digestion step (hours or days).,Basic,Editable,Text (free),,,2026-06-16,,48 h (stated section 3.3),N/A,N,N,N
Final Solution Matrix,Acid type and concentration of the final dissolved sample solution introduced to the instrument. Directly affects instrument response and ion transmission.,Basic,Read-Only,Text (free),2% HNO3 | 3% HNO3 | 4% HCl | 2% HNO3 + trace HF | N/A | None | Other: specify,,2026-06-16,,Dilute HNO3 (~3%; 1.5 ml conc. HNO3 in ~50 ml; stated section 3.3),0.075 M HNO3 at 100 ppm Ca (stated section 2),0.5 mol/l HNO3 (stated section 2),N,0.5 mol/l HF (stated section 2.1.1)
Sample Aliquot Mass or Volume,Mass (mg) of solid material digested or volume (mL) of liquid taken for dissolution. Used for yield calculations and concentration back-calculation.,Advanced,Editable,Numeric (mg or mL),,,2026-06-16,,50 mg (stated section 3.3),N,15-63 mg (silicates); 8-22 mg (NIST glass); 9-28 mg (chondrites; stated section 2),N,N
Chromatographic Separation Applied,"Whether chromatographic separation of element groups (e.g., using ion exchange resin) was performed prior to ICP-MS analysis. Common for procedures requiring matrix removal or interference elimination before measurement (e.g., Fe and Cu–Zn for isotope dilution). Record resin type and matrix conditions if applied. Record 'None' if direct digestion solution is analyzed.",Basic,Read-Only,Controlled list,Anion exchange resin (HCl) | Cation exchange resin | AG1-X8 (HBr) | None | N/A | Other: specify,,2026-07-24,,None (direct analysis of digested solution),None (direct analysis of dissolved foraminifera),None (direct analysis),None (direct analysis; stated Methods),None (direct analysis of 0.5 mol/l HF solution; stated section 2.1.1)
Isotope Dilution Spike,Isotopic spike material added to the sample before or during digestion for isotope dilution (ID) analysis. Record spike name or certificate reference and spike isotope(s). Record 'None' if ID technique is not used.,Basic,Read-Only,Text (free),IRMM-016 (Fe) | 67Zn spike | None | N/A | Other: specify,,2026-06-16,,None,None,"149Sm-enriched spike (used as ID internal standard for Cd, In, Tl, Bi; stated section 2)",None,"Multi-element enriched isotope spikes (Mo, Sn, Sb, Zr, Hf, Ta, B spikes; stated section 2.1)"
3. Instrument & Software,,,,,,,,,N,N,N,N,N
Instrument Make and Model,"Manufacturer and model name of the quadrupole ICP-MS instrument (e.g., Thermo iCAP RQ, Agilent 7900, PerkinElmer NexION 350D). Determines instrument-specific tuning parameters and available cell configurations.",Basic,Read-Only,Text (free),Thermo iCAP RQ | Agilent 7900 | Agilent 7700x | PerkinElmer NexION 350D | Thermo X Series II | Agilent 8900 (ICP-MS/MS) | N/A | None | Other: specify,,2026-06-16,,PerkinElmer SCIEX ELAN 6100 DRC (stated section 3.1),PerkinElmer Elan DRC II (stated section 2 and Table 1),Agilent 7500cs (stated section 2),Agilent 7900 (stated Methods),Agilent 7500cs (stated section 2.1.1)
ICP-MS Type,Type of quadrupole ICP-MS system. Determines available cell configurations and interference mitigation strategies. Triple quadrupole (ICP-MS/MS) instruments add a second mass-selection quadrupole upstream of the octopole reaction cell for enhanced interference rejection.,Basic,Read-Only,Controlled list,Single-collector quadrupole (Q-ICP-MS) | Triple quadrupole (ICP-MS/MS) | Other: specify,,2026-06-16,,Single-collector quadrupole (Q-ICP-MS),Single-collector quadrupole (Q-ICP-MS),Single-collector quadrupole (Q-ICP-MS),Single-collector quadrupole (Q-ICP-MS),Single-collector quadrupole (Q-ICP-MS)
Instrument Serial Number or Lab Identifier,Serial number or laboratory-internal identifier for the specific instrument unit. Supports traceability to instrument service records.,Advanced,Editable,Text (free),,,2026-06-16,,N,N,N,N,N
Torch Type,"Type of plasma torch used (e.g., standard quartz, high-matrix, low-flow).",Advanced,Read-Only,Text (free),Standard quartz | High-matrix | Low-flow | N/A | None | Other: specify,,2026-06-16,,N,N,N,N,Quartz glass torch with Pt injector (stated Table in section 2.1.1)
Interface Cone Configuration,"Geometry and designation of the sampler and skimmer cones installed during analysis. Some instruments offer multiple skimmer cone geometries (standard, high-sensitivity) that differ in aperture size and affect ion transmission efficiency and matrix tolerance.",Basic,Read-Only,Text (free),Ni sample cone + standard Ni skimmer | Ni sample cone + Ni H-skimmer | Ni sample cone + Ni Xs skimmer | N/A | None | Other: specify,,2026-06-16,,N,N,N,N,1 mm Pt sampler + 0.4 mm Pt skimmer (stated Table in section 2.1.1)
Sampler and Skimmer Cone Material,Material composition of the sampler and skimmer cones. Nickel (Ni) is standard for most aqueous matrices. Platinum (Pt) is used for samples in HCl-rich or organic matrices due to greater corrosion resistance.,Advanced,Read-Only,Text (free),Ni sampler and Ni skimmer | Pt sampler and Pt skimmer | Ni sampler and Pt skimmer | N/A | None | Other: specify,,2026-06-16,,N,N,N,N,Pt sampler and Pt skimmer (stated Table in section 2.1.1)
Torch Depth,"Distance between the load coil and the sampling cone tip (mm), also called injector depth or torch position. Affects ion transmission efficiency and oxide formation rates. Procedure registers the target torch position; analyst confirms or adjusts during session tuning.",Advanced,Editable,Text (free),5 mm | Standard position (manufacturer default) | N/A | None,,2026-07-24,,N,N,N,N,N
Guard Electrode,"Whether a guard electrode (grounded shield electrode) is installed and active on the torch assembly. Capacitively decouples the plasma from the load coil, reducing secondary discharge and improving ion extraction efficiency.",Advanced,Read-Only,Controlled list,On | Off | Not installed | N/A | None | Other: specify,,2026-06-16,,N,N,N,N,On (shield torch system used; stated section 2.1.1)
Mass Resolution Setting,"Mass resolution of the quadrupole analyser. For quadrupole instruments, mass resolution is fixed at unit resolution by instrument design (m/Δm ≈ 300); no operator selection is possible. This field documents the instrument class constraint at procedure level.",Basic,Read-Only,Controlled list,"Unit resolution (quadrupole, fixed; m/Δm ≈ 300)",,2026-07-24,,"Unit resolution (quadrupole, fixed; m/Delta-m ~300)","Unit resolution (quadrupole, fixed; m/Delta-m ~300)","Unit resolution (quadrupole, fixed; m/Delta-m ~300)","Unit resolution (quadrupole, fixed; m/Delta-m ~300)","Unit resolution (quadrupole, fixed; m/Delta-m ~300)"
Collision/Reaction Cell (CRC) Configuration,"Whether a collision or reaction cell is installed and its operating mode for this procedure. STD = standard mode with no cell gas; KED = kinetic energy discrimination with He or H2 collision gas to suppress polyatomic interferences; DRC = dynamic reaction cell with reactive gas (e.g., NH3). Specific gas types, flow rates, and voltages are documented in Group 4.",Basic,Read-Only,Controlled list,None (STD mode) | KED (He) | DRC (NH3) | KED+DRC | Not installed | N/A | Other: specify,,2026-07-24,,None (STD mode; stated section 3.1),None (STD mode; DRC II instrument but no reaction gas stated; stated section 2),N,KED (He); He at 5 mL/min applied for masses 23-75 (stated Methods),None (STD mode; collision gases not introduced into cell; stated section 2.1.1)
Detector Configuration,"Type(s) of detector(s) installed in the mass spectrometer and whether dual pulse-counting/analog mode is used. Most Q-ICP-MS instruments use a single SEM in dual mode (pulse counting at low signals, analog at high signals), with an instrument-specific crossover threshold. The pulse-to-analog cross-calibration correction is documented in Group 5.",Basic,Read-Only,Text (free),"Single SEM, dual mode (pulse counting + analog; crossover ~10^6 cps) | Single SEM, pulse counting only | N/A | None | Other: specify",,2026-06-16,,N,N,N,N,Dual mode: pulse counting + analog (crossover ~10^6 cps; stated section 2.1.1)
Nebulizer Type,Type and material of the pneumatic nebulizer used for sample introduction. Affects droplet size distribution and sample introduction efficiency.,Basic,Read-Only,Text (free),PFA MicroFlow | PFA-ST | Concentric glass | Micromist | Meinhard | N/A | None | Other: specify,,2026-06-16,,Glass microconcentric nebulizer (MCN; stated section 3.1),Glass Expansion Micromist FM005 (stated section 2 and Table 1),N,MicroMist nebulizer (stated Methods),"Micro-flow PFA nebulizer PFA-20 (ESI, USA); self-aspiration (stated Table in section 2.1.1)"
Spray Chamber Type and Cooling Temperature,Type of spray chamber and cooling temperature if thermostatted (°C). Chamber type and temperature control aerosol droplet size and the solvent vapor load reaching the plasma.,Basic,Read-Only,Text (free),Cyclonic quartz at 2°C | Scott double-pass at 7°C | Conical with impact bead (uncooled) | N/A | None | Other: specify,,2026-06-16,,Cyclonic spray chamber (stated section 3.1),Cyclonic quartz spray chamber (stated Table 1),N,Scott spray chamber (stated Methods),"Scott double-pass, cooled at 2 deg C, Teflon (stated Table in section 2.1.1)"
Desolvation System,"Desolvating nebulizer or membrane desolvator used upstream of the plasma to reduce solvent load. Lowers oxide production rates and increases sensitivity for selected element groups (e.g., ApexQ for chalcophile elements). Record 'None' if not used.",Advanced,Read-Only,Controlled list,ApexQ | Aridus II | Aridus I | Apex IR | None | N/A | Other: specify,,2026-06-16,,None,None,N,None,None
Sample Uptake Rate,Peristaltic pump speed or self-aspiration flow rate for sample introduction (µL/min or mL/min).,Basic,Editable,Numeric (µL/min or mL/min),,,2026-06-16,,0.20 ml/min (stated section 3.1),~60 uL/min (stated Table 1; 0.03 mm ID pump tubing),N,0.2 mL/min (stated Methods),Self-aspiration; volumetric flow rate N (stated Table in section 2.1.1)
Acquisition Software,"Name and version of the software used to control the instrument and acquire raw mass spectrum data (e.g., Qtegra, MassLynx).",Basic,Editable,Text (free),,,2026-06-17,,N,N,N,N,N
Data Reduction Software,"Name and version of the software used for data reduction: blank correction, internal standard normalization, calibration, and concentration calculation (e.g., Iolite, lab spreadsheet). Include version number.",Basic,Editable,Text (free),,,2026-06-17,,N,N,N,N,N
4. Measurement Information,,,,,,,,,N,N,N,N,N
RF Power,Radiofrequency forward power applied to the plasma (W). Controls ionization efficiency and oxide production rates.,Basic,Editable,Numeric (W),1400 | 1500 | 1550 | 1600,,2026-06-16,,1350 W (stated section 3.1),1300 W (Table 1),N,N,1.6 kW (stated Table in section 2.1.1)
Coolant (Plasma) Gas Flow Rate,Flow rate of the outer (coolant) argon gas stream (L/min). Influences plasma temperature and oxide ion formation.,Basic,Editable,Numeric (L/min),13–18 L/min,,2026-06-16,,14 L/min (outer ICP gas; stated section 3.1),15 L/min (Table 1),N,N,15 L/min (stated Table in section 2.1.1)
Auxiliary Gas Flow Rate,Flow rate of the intermediate (auxiliary) argon gas stream between torch body and injector tube (L/min).,Basic,Editable,Numeric (L/min),0.7–1.2 L/min,,2026-06-16,,1.2 L/min (intermediate gas; stated section 3.1),1.2 L/min (Table 1),N,N,0.90 L/min (stated Table in section 2.1.1)
Nebulizer Gas Flow Rate,Flow rate of the carrier argon gas delivered through the nebulizer (L/min). Controls aerosol transport and strongly influences signal sensitivity.,Basic,Editable,Numeric (L/min),0.8–1.1 L/min,,2026-06-16,,N,0.99-1.02 L/min (Table 1),N,N,0.92 L/min (stated Table in section 2.1.1)
Make-up Gas Flow Rate,Supplementary argon flow added downstream of a desolvation system to maintain total gas delivery to the plasma (L/min). Record 'N/A' if no desolvation system is used.,Advanced,Editable,Numeric (L/min),,Only relevant when Desolvation System is not 'None',2026-06-16,,N/A,N/A,N/A,N/A,0.25 L/min supplementary Ar for PFA micronebulizer (stated Table in section 2.1.1)
Plasma Thermal Mode,"Whether the ICP plasma is operated under cool plasma or normal (hot) plasma conditions. Normal plasma (>1000 W RF) is standard for most solution ICP-MS analyses. Cool plasma (≤900 W RF) reduces argide-based interferences (e.g., 40Ar12C+ on 52Cr) at the cost of reduced sensitivity and ionization efficiency for most elements.",Basic,Read-Only,Controlled list,Normal plasma | Cool plasma | Mixed: specify | N/A | None | Other: specify,,2026-06-16,,Normal plasma (1350 W; stated section 3.1),Normal plasma (1300 W; Table 1),N,N,Normal plasma (1.6 kW; stated section 2.1.1)
Analyte,"Elements or isotopes this procedure is designed to measure. The procedure registers the full analyte suite; at analysis level, the analyst records the specific subset actually measured in the session, which may be narrower if certain masses were excluded due to interferences or scope reduction. Fields flagged as Analyte-Specific in the Comments column apply individually to each element or isotope in this list.",Basic,Editable,Text (free),,,2026-07-24,,"48 trace elements: Li, Be, B, Sc, V, Cr, Co, Ni, Cu, Zn, Ga, Ge, As, Rb, Sr, Y, Zr, Nb, Mo, Cd, In, Sn, Sb, Te, Cs, Ba, La-Lu, Hf, Ta, W, Tl, Pb, Bi, Th, U (stated section 3.1)","9 Me/Ca ratios: Li, B, Mg, Al, Mn, Zn, Sr, Cd, U relative to Ca (stated Table 1)","Cd, In, Tl, Bi (with 149Sm as ID-IS reference; stated section 2)","Major and trace elements (masses 23-75, Na to As; stated Methods)","B, Zr, Nb, Mo, Sn, Sb, Hf, Ta (stated Table 2a)"
Monitored Isotopes,"Specific isotope(s) monitored per analyte element in this procedure, including any interference-monitor masses. Analyte-specific field.",Basic,Read-Only,Text (free),67Zn | 115In | 209Bi | 172Yb | N/A | None | Other: specify,Analyte-Specific,2026-07-24,,N (not listed by mass number in paper),"7Li, 11B, 25Mg, 46Ca, 27Al, 55Mn, 66Zn, 87Sr, 111Cd, 238U (Table 1)","95Mo, 111Cd, 113Cd, 115In, 118Sn, 149Sm, 205Tl, 209Bi (Table 1)",N,"10B, 11B, 90Zr, 91Zr, 93Nb, 95Mo, 97Mo, 118Sn, 119Sn, 121Sb, 123Sb, 178Hf, 179Hf, 181Ta (Table 2a)"
Dwell Time per Mass,Integration time spent on each mass peak per sweep (ms). May differ per analyte if analyte-specific dwell times are programmed.,Basic,Read-Only,Numeric (ms) / Text,,Analyte-Specific,2026-06-16,,150 ms per mass (0.15 s; stated section 3.1),"Analyte-specific: 7Li 10 ms, 11B 10 ms, 25Mg 0.5 ms, 46Ca 2 ms, 27Al 0.5 ms, 55Mn 0.5 ms, 66Zn 5 ms, 87Sr 0.5 ms, 111Cd 60 ms, 238U 20 ms (Table 1)","Analyte-specific: 0.11 ms per mass per scan for 95Mo/111Cd/113Cd/115In/118Sn/149Sm; 0.18 ms per mass per scan for 205Tl/209Bi (Table 1, expressed as ms per 1 s cycle)",N,"Analyte-specific fraction of 1 s per mass (Table 2a): B 0.0801 s, Zr 0.0032 s, Nb 0.0320 s, Mo/Sn/Sb 0.0481 s, Hf 0.0641 s, Ta 0.2083 s"
Mass Cycles per Replicate,Number of complete mass scans (sweeps) accumulated per analytical replicate.,Basic,Read-Only,Integer,20 | 40 | 100,,2026-06-16,,3 sweeps/reading x 3 readings/replicate (= 9 sweeps/replicate; stated section 3.1),250 sweeps per replicate (Table 1),N,N,48 scans per 30 s acquisition (stated section 2.1.1)
Number of Replicates per Sample,Number of discrete replicate measurements acquired per sample solution.,Basic,Read-Only,Integer,3 | 5 | 10 | 20,,2026-06-16,,N,6 replicates (Table 1),N,N,N
Sample Sequence Design,"Description of the measurement order within a session: how samples, blanks, calibration standards, and reference materials are interleaved.",Basic,Read-Only,Text (free),Calibration block at session start; standard after every 3 samples | Bracketing every 5 samples | N/A | None | Other: specify,,2026-06-16,,N,N,N,N,Standard solution measured every two samples (stated section 2.1.1)
Wash Time Between Samples,Duration of instrument rinse between successive sample solutions (seconds). Controls carryover and memory effects.,Basic,Read-Only,Numeric (s),,,2026-06-16,,N (B and Ta require special washout: 5% HNO3 + 0.1% HF alternated with 3% HNO3; stated section 3.1),60 s (Table 1),>=200 s in 0.5 mol/l HNO3; 200 s HF wash after Mo standard (stated section 2),N,~180 s (~3 min; stated: each measurement ~6 min including ~3 min wash; section 2.1.1)
Signal Collection Mode,"Mode used to collect ion signal across the monitored masses. In peak hopping mode, the quadrupole jumps sequentially between pre-set mass positions and dwells at each peak; in scanning mode, the quadrupole sweeps continuously across a defined mass range. Peak hopping is standard for multi-element trace analysis as it maximises integration time at each mass.",Basic,Read-Only,Controlled list,Peak hopping | Scanning | N/A | None | Other: specify,,2026-06-17,,N,Peak hopping (stated Table 1),N,N,N
Collision Gas Type,Type of collision gas used in KED mode for polyatomic interference suppression. Record 'N/A' if KED mode is not used.,Basic,Read-Only,Controlled list,He | H2 | He+H2 | N/A | None | Other: specify,KED,2026-06-16,,N/A,N/A,N/A,He (stated Methods),N/A
Collision Gas Flow Rate,Flow rate of the collision gas in KED mode (mL/min). Higher flow rates provide greater interference suppression at the cost of analyte sensitivity. Record 'N/A' if KED mode is not used.,Basic,Editable,Numeric (mL/min),0.5 | 4.5 | 5.2,KED,2026-06-16,,N/A,N/A,N/A,5 mL/min (stated Methods),N/A
Cell Exit Discrimination Voltage,Kinetic energy discrimination offset voltage applied at the exit of the collision cell (V). Controls the degree of polyatomic ion suppression. Record 'N/A' if KED mode is not used.,Basic,Editable,Numeric (V),−2 | −5,KED,2026-06-16,,N/A,N/A,N/A,N,N/A
Reaction Gas Type,"Type of reactive gas introduced into the dynamic reaction cell (e.g., NH3, O2, CH4). Record 'N/A' if DRC mode is not used.",Advanced,Read-Only,Controlled list,NH3 | O2 | CH4 | N/A | None | Other: specify,DRC,2026-06-16,,N/A,N/A,N/A,N/A,N/A
Reaction Gas Flow Rate,Flow rate of the reaction gas in DRC mode (mL/min). Record 'N/A' if DRC mode is not used.,Advanced,Editable,Numeric (mL/min),,DRC,2026-06-16,,N/A,N/A,N/A,N/A,N/A
Internal Standard Element,"Element(s) added at a known concentration to all solutions (samples, blanks, calibration standards) and used as internal standards for drift correction and matrix normalization. Specify element and monitored isotope.",Basic,Read-Only,Text (free),Ho (2 ppb) | Tb + Bi | In (10 ppb) | Rh (50 ppb) | None | N/A | Other: specify,,2026-06-16,,Rh (stated section 3.1),None (matrix-matched external calibration; stated section 2),149Sm (as ID-IS reference; stated section 2),"Sc, In, Re (stated Methods)",None (ID-IS method: spike isotope ratios used; stated section 2.1)
Internal Standard Concentration,Target concentration of internal standard element(s) in all measured solutions (µg/L or ppb).,Advanced,Read-Only,Numeric (µg/L),,,2026-06-16,,N,N/A,N,N,N/A
Oxide Production Method and Threshold,"Method used to quantify plasma oxide production and the acceptance threshold applied before commencing analysis. For solution ICP-MS, CeO+/Ce+ (m/z 156/140) is the standard monitor proxy. Record both the monitored mass ratio and the maximum allowed oxide rate threshold. Measured values are recorded in Oxide Production.",Basic,Read-Only,Text (free),CeO+/Ce+ (m/z 156/140) < 1.5% | CeO+/Ce+ < 1% | ThO+/Th+ < 0.3% | N/A | None | Other: specify,,2026-06-16,,CeO+/Ce+ < 2.5% and Ce2+/Ce+ < 2.5% (stated section 3.1),CeO/Ce < 3% (stated section 2),CeO+/Ce+ < 0.01 (= <1%; stated section 2),N,CeO+/Ce+ < 1% (stated section 2.1.1)
Oxide Production,"Measured oxide production ratio obtained during session-start tuning, for the proxy specified in Oxide Production Method and Threshold. Record the measured value and confirm whether the procedure threshold was met.",N/A,Basic,Text (free),CeO+/Ce+ = 0.8% (threshold < 1.5% met) | ThO+/Th+ = 0.2% (threshold < 0.3% met),,2026-07-24,,N/A,N/A,N/A,N/A,N/A
Doubly-Charged Species Monitor,Mass ratio monitored to estimate doubly-charged ion (M2+) formation during instrument tuning. Doubly-charged ions appear at half the nominal mass of the parent ion and can interfere with lighter analyte masses. Ba2+/Ba+ (m/z 69/138) and Ce2+/Ce+ (m/z 70/140) are the most common proxies for solution ICP-MS.,Advanced,Editable,Text (free),Ba2+/Ba+ (m/z 69/138) | Ce2+/Ce+ (m/z 70/140) | N/A | None | Other: specify,,2026-06-16,,Ce2+/Ce+ (m/z 70/140; stated section 3.1),N,N,N,N
Doubly-Charged Species Production,Measured percentage of doubly-charged ion production for the monitored species at the time of instrument tuning. Record both the acceptance threshold and the measured value. Elevated doubly-charged production indicates incomplete ionization and potential interference on elements at approximately half the mass of abundant matrix components.,Advanced,Editable,Text (free),Ba2+/Ba+ < 5% (threshold); 2.1% (measured) | Ce2+/Ce+ < 3% (threshold); 1.8% (measured) | N/A | None,,2026-06-16,,Ce2+/Ce+ < 2.5% threshold (stated section 3.1),N,N,N,N
5. Data Processing,,,,,,,,,N,N,N,N,N
Internal Standard Approach,"Role(s) assigned to the internal standard(s) in data reduction: drift correction only, matrix normalization, or a combination.",Basic,Read-Only,Controlled list,Drift correction only | Matrix normalization | Drift + matrix normalization | N/A | None | Other: specify,,2026-06-16,,Drift correction (Rh used as IS for drift; stated section 3.1),N/A (no IS; matrix-matched external calibration),ID internal standard (149Sm spike for drift + concentration calculation; stated section 2),"Drift correction (Sc, In, Re; stated Methods)",N/A (ID-IS: spike isotope ratios used for concentration calculation; stated section 2.1)
Drift Correction Method,Method used to correct for instrumental signal drift across a session.,Basic,Read-Only,Controlled list,IS normalization | Standard bracketing | IS normalization + bracketing | None | N/A | Other: specify,,2026-06-16,,IS normalization + standard bracketing (Rh IS + repeated calibration solution; stated section 3.1),Standard bracketing (matrix-matched standards at fixed intervals; stated section 2),IS normalization (149Sm spike ratio; stated section 2),"IS normalization (Sc, In, Re; stated Methods)",Standard bracketing (standard every two samples; stated section 2.1.1)
Per-Analyte Calibration Strategy,"Approach used to convert measured ion signals to elemental concentrations. Documents cases where different analytes or analyte groups are calibrated using different strategies within the same procedure. If a single strategy is applied uniformly to all analytes, record that strategy.",Basic,Read-Only,Controlled list,External calibration (all analytes) | Isotope dilution (all analytes) | ID for Zn (67Zn spike); external calibration for all other elements | External calibration + standard addition | N/A | None | Other: specify,,2026-07-24,,External calibration (all analytes; stated section 3.1),External calibration with matrix-matched standards at 100 ppm Ca (stated section 2),Isotope dilution with ID-IS normalization (ID-IS; all analytes; stated section 2),External calibration (stated Methods),Isotope dilution with ID-IS normalization (all analytes; stated section 2.1)
Signal Integration Interval Method,"Method used to define the integration window for each replicate measurement (e.g., full acquisition time, stable-interval selection, automated criteria).",Basic,Read-Only,Controlled list,Full replicate | Stable interval selection | Automated peak detection | N/A | None | Other: specify,,2026-06-16,,N,N,N,N,N
Signal Integration Time,Total integration time per analyte per replicate (s). Determined at analysis time from the actual acquisition.,N/A,Basic,Numeric (s),,,2026-06-16,,N/A,N/A,N/A,N/A,N/A
Blank/Background Correction Method,Method used to subtract instrument background and/or procedural blank from sample signals.,Basic,Read-Only,Controlled list,On-peak zero | Solution blank | Procedural blank | N/A | None | Other: specify,,2026-06-16,,N,On-peak zero (stated implicitly; calibration standards include procedural blank equivalent),N,N,N
Spike/Outlier Filtering Approach,Criteria used to identify and exclude anomalous replicate measurements or data points from the calculated mean.,Advanced,Editable,Text (free),2σ exclusion | Grubbs test | Visual inspection | None | N/A | Other: specify,,2026-06-16,,N,N,N,N,N
Pulse/Analog Detector Nonlinearity Correction,"Whether a correction was applied for nonlinear detector response at the transition between pulse-counting and analog detection modes. For Q-ICP-MS instruments with dual-mode SEM detectors, a cross-calibration factor is measured and applied at the pulse-to-analog crossover threshold. Accurate cross-calibration is critical for analytes spanning a wide concentration range in the same session.",Advanced,Editable,Text (free),Applied: cross-calibration factor measured per session and applied at crossover threshold | Not applied (all signals in pulse-counting mode) | Not applicable (pulse-counting only) | N/A | None,,2026-06-16,,N,N,N,N,N
Isobaric Interference Corrections Applied,Whether mathematical corrections for isobaric or polyatomic interferences are applied during data reduction (in addition to any KED or DRC mitigation in the instrument).,Basic,Read-Only,Controlled list,Y | N | Analyte-specific | N/A | None | Other: specify,Analyte-Specific,2026-06-16,,"Y (114,115Sn+ on 114Cd+/115In+; stated section 3.1)",Y (7Li18O on 25Mg; 46Ti on 46Ca; 40Ar26Mg on 66Zn; 87Rb on 87Sr; stated Table 1 footnote),Y (95Mo16O+ and 71Ga40Ar+ on 111Cd; 97Mo16O+/113In+ on 113Cd; 115Sn+ on 115In+; stated section 2),N,N (ID-IS inherently corrects for interferences; stated section 2.1)
Interfering Species,"List of isobaric or polyatomic species mathematically corrected in data reduction. Analyte-specific. For Q-ICP-MS, common interferences include ArCl+ on 75As, MoO+ species on Cd isotopes, and BaO+ on Eu. Additional interference mitigation via KED or DRC is documented in Group 3 and Group 4.",Basic,Read-Only,Text (free),ArCl+ on 75As | MoO+ on Cd isotopes | Ba2+ on Zn isotopes | None | N/A | Other: specify,Analyte-Specific,2026-06-16,,114Sn+ on 114Cd+; 115Sn+ on 115In+ (stated section 3.1),7Li18O+ on 25Mg; 46Ti on 46Ca; 40Ar26Mg+ on 66Zn; 87Rb+ on 87Sr (Table 1 footnote),95Mo16O+ and 71Ga40Ar+ on 111Cd; 97Mo16O+ and 113In+ on 113Cd; 115Sn+ on 115In+ (stated section 2),N,N
Interference Correction Method,"Mathematical approach used to calculate and remove interference contributions from measured signals (e.g., interference standard solutions isolating specific polyatomics, mass-balance equations using empirical correction factors).",Basic,Read-Only,Text (free),Interference standard solutions (Burney–Neal approach) | Mass-balance equations | Empirical correction factors from pure element solutions | None | N/A | Other: specify,Analyte-Specific,2026-06-16,,Empirical correction factors from pure 118Sn solution (stated section 3.1),Empirical correction factors (stated Table 1 footnote),Ratio-based correction using 95Mo and 118Sn monitors (stated section 2),N,N
Isotope Dilution Data Reduction Method,Mass balance approach used to calculate sample mass fractions from spike–sample isotope ratio measurements. Record 'None' if isotope dilution is not used.,Basic,Read-Only,Text (free),IUPAC isotope dilution equations | Double-spike inversion | None | N/A | Other: specify,,2026-06-16,,None,None,IUPAC isotope dilution equations with ID-IS internal standard normalization (stated section 2),None,IUPAC isotope dilution equations (ID-IS method; stated section 2.1)
Memory Effect Mitigation,"Procedure applied to identify and minimize carry-over of high-concentration elements between successive sample introductions. For solution ICP-MS, mitigation is implemented primarily at measurement time through extended rinse periods (see Wash Time Between Samples, Group 4). At data processing level, documents any flagging or exclusion of measurements preceded by high-concentration samples or standards where the required washout time may not have been achieved.",Advanced,Editable,Text (free),Extended rinse between high-concentration samples and unknowns; flagged in sequence log | Replicate first measurement discarded if preceded by high-concentration standard | None required for this analyte suite | N/A | None,,2026-07-24,,Alternating 5% HNO3 + 0.1% HF and 3% HNO3 washout for B and Ta (stated section 3.1),60 s wash between samples (stated Table 1),>=200 s in 0.5 mol/l HNO3; 200 s HF wash after Mo standard (stated section 2),N,~3 min washout; ~3 min uptake stabilization (stated section 2.1.1)
Uncertainty Propagation Method,Method used to propagate analytical uncertainties from raw signals through to final concentration values.,Advanced,Editable,Text (free),Quadrature propagation | Monte Carlo | ISO GUM | None | N/A | Other: specify,,2026-06-16,,N,N,N,N,N
Normalization/Standards-Based Correction,"Post-acquisition normalization applied to output concentrations relative to a reference value (e.g., correction to a monitor element's certified value in the calibration standard).",Advanced,Editable,Text (free),CI chondrite normalization | Primitive mantle normalization | None | N/A | Other: specify,,2026-06-16,,N,N,N,N,N
Constants and Reference Values Used,"Physical constants and reference values used in data reduction to calculate the final reported quantity (e.g., decay constants for age calculation, standard isotope ratios, or other citable reference values used in a correction or calculation), together with their source. Distinct from Reference Material Information / Secondary Reference Materials (Group 6), which document accepted values for specific calibration/validation materials rather than universal physical constants. Record ""None"" if no citable, revisable physical constants feed into this procedure's data reduction.",Basic,Editable,Text (free),"e.g., ""λ238U = 1.55125×10⁻¹⁰ yr⁻¹, λ235U = 9.8485×10⁻¹⁰ yr⁻¹ (Jaffey et al. 1971); 238U/235U = 137.818 (Hiess et al. 2012)"" | ""None""",,2026-07-28,,,,,,
6. Quality Control & Uncertainty,,,,,,,,,N,N,N,N,N
Primary Calibration Standard Name,Name and reference material identifier of the external calibration standard used to convert signal intensities to elemental concentrations.,Basic,Editable,Text (free),NIST SRM 1640a | Merck multi-element solution | Lab-prepared single-element standard mix | N/A | None | Other: specify,,2026-06-16,,Multi-element calibration solution (not formally named; stated section 3.1),Series of matrix-matched standards at 100 ppm Ca (not formally named; stated section 2),"Multi-element calibrator solution (Cd, In, Tl, Bi, Sm; not formally named; stated section 2)",Mixture of certified standards (not formally named; stated Methods),Multi-element standard solution (not formally named; stated section 2.1.1)
Calibration Standard Measurement Frequency,How often the primary calibration standard is measured relative to unknown samples within a session.,Basic,Read-Only,Text (free),Before and after every 3 samples | Bracketing every 5 samples | Start and end of session only | N/A | None | Other: specify,,2026-06-16,,N,N,N,N,Every two samples (stated section 2.1.1)
Secondary Reference Materials,Reference material(s) measured as unknowns to independently assess analytical accuracy. Specify material name and expected-value source.,Basic,Editable,Text (free),BHVO-2 | BCR-2 | AGV-2 | W-2a | N/A | None | Other: specify,,2026-06-16,,"AGV-1, BHVO-1, G-2, SCO-1, GSR-5 (stated Table 2)",N (inter-lab comparison used; no certified RM listed as secondary standard),"JB-2, JB-3, JA-1, JA-2, JA-3, JP-1, BHVO-1, AGV-1, PCC-1, DTS-1, NIST SRM 610/612/614/616, carbonaceous chondrites (stated in text)",N,USGS and GSJ geological reference materials and carbonaceous chondrites (stated Table 5)
Detection Limit,Elemental detection limits for each analyte. Specify units (µg/g or µg/L) and whether values are procedure-typical estimates or session-specific measured values.,Advanced,Basic,Numeric + unit / Text,,Analyte-Specific,2026-07-24,,N,N,"Analyte-specific (pg/ml level; e.g., Cd 0.04 pg/ml, In 0.5 pg/ml, Tl 0.5 pg/ml, Bi 0.6 pg/ml; stated Table 1)",N,N
Detection Limit Method,Method used to calculate detection limits for each analyte.,Advanced,Basic,Controlled list,3σ blank | 3σ background | 3× blank mean | Poisson statistics | N/A | None | Other: specify,,2026-06-16,,N,N,3 sigma blank (stated section 2),N,N
Limit of Quantification (LOQ) Method,Method used to determine the limit of quantification.,Advanced,Basic,Controlled list,10σ blank | 10× DL | S/N ≥ 10 | N/A | None | Other: specify,,2026-06-16,,N,N,N,N,N
Within-Session Analytical Precision and Assessment Method,"Precision of repeated measurements within a single analysis session and the method used to assess it (e.g., %RSD of replicate standard or reference material measurements).",Advanced,Basic,Text (free),RSD of replicate standard measurements | RSD of secondary RM replicates | N/A | None | Other: specify,,2026-06-16,,%RSD of repeated standard measurements (stated section 3.1),N,%RSD of repeated standard and RM analyses (stated section 2),N,N
Between-Session (Long-Term) Analytical Precision and Assessment Method,Precision of measurements across multiple analysis sessions (long-term reproducibility) and the assessment method.,Advanced,Basic,Text (free),RSD of secondary RM across sessions | Control chart | N/A | None | Other: specify,,2026-06-16,,N,N,N,N,N
Analytical Accuracy and Assessment Method,Accuracy of final concentration measurements relative to certified or consensus values and the method used to assess it.,Advanced,Basic,Text (free),Percent recovery of secondary RM | Z-score | Bias from certified value | N/A | None | Other: specify,,2026-06-16,,"% recovery relative to USGS/GSCA certified/consensus values (stated section 3.2, Tables 2-3)",Comparison with published inter-lab values for Me/Ca ratios (stated section 3),% recovery relative to certified/consensus values for USGS/GSJ/NIST RMs (stated section 3),N,% recovery relative to USGS/GSJ certified values (stated section 3)
Additional Notes,"Any procedure- or analysis-specific information not captured by other fields, including anomalies, deviations from procedure, or supplementary context.",Advanced,Advanced,Text (free),,,2026-07-24,,Autolens used (not guard electrode; stated section 3.1); 3 sweeps/reading x 3 readings = 9 sweeps/replicate; 48 trace elements analyzed,Peak hopping scan mode explicitly stated in Table 1 [NOTE: no dedicated Signal Collection Mode field in TAPP v2; Phase 4 flag]; pulse counting detection; autolens on (Table 1); 0.03 mm ID pump tubing for ~60 uL/min uptake,Dwell times in Table 1 expressed as ms per 1 s cycle time; octopole CRC present but no gas used (PML practice); 149Sm used as both ID spike and internal standard,He KED applied only for masses 23-75; above mass 75 no KED (stated Methods); coupled to MC-ICP-MS Neptune Plus for Zn isotopes on same dissolved aliquots,Pseudo-flow injection (pFI) acquisition: 30 s / 48 scans / 1 pt per mass; 0.5 mol/l HF as carrier and wash; shield torch on; Pt cones; self-aspiration PFA-20
